published_utc,source,is_oil,is_urgent,title,link
2026-07-28T16:00:00+00:00,OilPrice.com,True,False,"Defense Tech Investment Hits Record High as Arms Giants Ramp Up Startup Funding",https://oilprice.com/Energy/Energy-General/Defense-Tech-Investment-Hits-Record-High-as-Arms-Giants-Ramp-Up-Startup-Funding.html
2026-07-28T15:30:00+00:00,OilPrice.com,True,False,"Hitting EU Renewables Targets Could Slash Gas Demand a Quarter by 2030",https://oilprice.com/Latest-Energy-News/World-News/Hitting-EU-Renewables-Targets-Could-Slash-Gas-Demand-a-Quarter-by-2030.html
2026-07-28T15:20:00+00:00,OilPrice.com,True,True,"Oil Prices Retreat; But the Strait of Hormuz Remains the Wild Card",https://oilprice.com/Energy/Energy-General/Oil-Prices-Retreat-But-the-Strait-of-Hormuz-Remains-the-Wild-Card.html
2026-07-28T14:30:00+00:00,OilPrice.com,True,False,"Tata Power Targets 2032 for India's First Private Nuclear Plant",https://oilprice.com/Latest-Energy-News/World-News/Tata-Power-Targets-2032-for-Indias-First-Private-Nuclear-Plant.html
2026-07-28T14:00:00+00:00,OilPrice.com,True,True,"Britain Backs Ukraine With New Electronic Warfare Cooperation",https://oilprice.com/Geopolitics/Europe/Britain-Backs-Ukraine-With-New-Electronic-Warfare-Cooperation.html
2026-07-28T13:30:00+00:00,OilPrice.com,True,False,"Economists Cut India’s GDP Growth Forecast on Oil Price Shock",https://oilprice.com/Latest-Energy-News/World-News/Economists-Cut-Indias-GDP-Growth-Forecast-on-Oil-Price-Shock.html
2026-07-28T12:30:00+00:00,OilPrice.com,True,False,"Escalating Protests in Libya Threaten Oil and Gas Supply",https://oilprice.com/Latest-Energy-News/World-News/Escalating-Protests-in-Libya-Threaten-Oil-and-Gas-Supply.html
2026-07-28T11:30:00+00:00,OilPrice.com,True,True,"Red Sea Tanker Traffic Hits Multi-Month Low as Houthi Threat Holds",https://oilprice.com/Latest-Energy-News/World-News/Red-Sea-Tanker-Traffic-Hits-Multi-Month-Low-as-Houthi-Threat-Holds.html
2026-07-28T10:30:00+00:00,OilPrice.com,True,False,"Iran Races to Fortify Its Most Vital Oil Terminal as U.S. Threats Persist",https://oilprice.com/Latest-Energy-News/World-News/Iran-Races-to-Fortify-Its-Most-Vital-Oil-Terminal-as-US-Threats-Persist.html
2026-07-28T09:30:00+00:00,OilPrice.com,True,False,"Cyprus Launches First Gas Project with Eni and TotalEnergies Backing",https://oilprice.com/Latest-Energy-News/World-News/Cyprus-Launches-First-Gas-Project-with-Eni-and-TotalEnergies-Backing.html
2026-07-28T08:30:00+00:00,OilPrice.com,True,True,"Japan Backs Overseas Oil Pipelines to Reduce Hormuz Dependence",https://oilprice.com/Latest-Energy-News/World-News/Japan-Backs-Overseas-Oil-Pipelines-to-Reduce-Hormuz-Dependence.html
2026-07-28T07:30:00+00:00,OilPrice.com,True,False,"Australia Eyes New Oil Refinery to Reduce Reliance on Imported Fuels",https://oilprice.com/Latest-Energy-News/World-News/Australia-Eyes-New-Oil-Refinery-to-Reduce-Reliance-on-Imported-Fuels.html
2026-07-28T06:30:00+00:00,OilPrice.com,True,True,"Saudi Arabia Weighs Higher Asia Crude Prices as Red Sea Shipping Costs Rise",https://oilprice.com/Latest-Energy-News/World-News/Saudi-Arabia-Weighs-Higher-Asia-Crude-Prices-as-Red-Sea-Shipping-Costs-Rise.html
2026-07-28T03:00:00+00:00,OilPrice.com,True,True,"Oil Prices Extend Losses as U.S.-Iran Calm Holds for Another Night",https://oilprice.com/Latest-Energy-News/World-News/Oil-Prices-Extend-Losses-as-US-Iran-Calm-Holds-for-Another-Night.html
2026-07-28T00:00:00+00:00,OilPrice.com,True,False,"The Next Fort Knox? Why the Army is Going All-In On Rare Earths",https://oilprice.com/Energy/Energy-General/The-Next-Fort-Knox-Why-the-Army-is-Going-All-In-On-Rare-Earths.html
2026-07-28T14:56:21+00:00,Rigzone,True,False,"North America Enters Rig Addition Streak",https://www.rigzone.com/news/north_america_enters_rig_addition_streak-28-jul-2026-184236-article/?rss=true
2026-07-28T14:41:09+00:00,Rigzone,True,True,"Senators Announce Deal on New Russia; Iran Sanctions Bill",https://www.rigzone.com/news/wire/senators_announce_deal_on_new_russia_iran_sanctions_bill-28-jul-2026-184234-article/?rss=true
2026-07-28T14:15:05+00:00,Rigzone,True,False,"States Oppose FERC Plan to Widen Blanket Gas Pipeline Permitting",https://www.rigzone.com/news/states_oppose_ferc_plan_to_widen_blanket_gas_pipeline_permitting-28-jul-2026-184233-article/?rss=true
2026-07-28T12:39:35+00:00,Rigzone,True,False,"Baker Hughes Posts Nearly 50 Percent YoY Increase in Orders",https://www.rigzone.com/news/baker_hughes_posts_nearly_50_percent_yoy_increase_in_orders-28-jul-2026-184232-article/?rss=true
2026-07-28T10:50:26+00:00,Rigzone,True,True,"Oil Market Rapidly Strips Out Iran War Premium",https://www.rigzone.com/news/oil_market_rapidly_strips_out_iran_war_premium-28-jul-2026-184231-article/?rss=true
2026-07-28T10:36:23+00:00,Rigzone,True,False,"Barossa Ships First Condensate Cargo to South Korea",https://www.rigzone.com/news/barossa_ships_first_condensate_cargo_to_south_korea-28-jul-2026-184230-article/?rss=true
2026-07-28T09:58:42+00:00,Rigzone,True,False,"Tributes Pour in for Sir Ian Wood",https://www.rigzone.com/news/tributes_pour_in_for_sir_ian_wood-28-jul-2026-184229-article/?rss=true
2026-07-28T09:05:26+00:00,Rigzone,True,False,"Eni Greenlights Cyprus' First Hydrocarbon Project",https://www.rigzone.com/news/eni_greenlights_cyprus_first_hydrocarbon_project-28-jul-2026-184228-article/?rss=true
2026-07-28T07:48:21+00:00,Rigzone,True,True,"Oil Tankers Reroute to Egypt amid Houthi Threat",https://www.rigzone.com/news/wire/oil_tankers_reroute_to_egypt_amid_houthi_threat-28-jul-2026-184227-article/?rss=true
2026-07-27T20:20:21+00:00,Rigzone,True,True,"Brent Tumbles Nearly 9% on Diplomacy",https://www.rigzone.com/news/wire/brent_tumbles_nearly_9_on_diplomacy-27-jul-2026-184226-article/?rss=true
2026-07-27T20:00:00+00:00,Rigzone,True,False,"Expand Energy to Buy Twin Eagle for $1.25B",https://www.rigzone.com/news/wire/expand_energy_to_buy_twin_eagle_for_125b-27-jul-2026-184223-article/?rss=true
2026-07-27T15:05:21+00:00,Rigzone,True,True,"Halliburton Bags Spate of Middle East Contracts in July",https://www.rigzone.com/news/halliburton_bags_spate_of_middle_east_contracts_in_july-27-jul-2026-184225-article/?rss=true
2026-07-27T14:59:13+00:00,Rigzone,True,False,"Brookfield to Acquire Blackstone BESS Portfolio in North America",https://www.rigzone.com/news/brookfield_to_acquire_blackstone_bess_portfolio_in_north_america-27-jul-2026-184224-article/?rss=true
2026-07-27T14:32:46+00:00,Rigzone,True,True,"CPC Oil Terminal Resumes Kazakh Crude Exports",https://www.rigzone.com/news/wire/cpc_oil_terminal_resumes_kazakh_crude_exports-27-jul-2026-184222-article/?rss=true
2026-07-27T12:05:40+00:00,Rigzone,True,False,"Oil Price Action Telling a Nuanced Story; JPM Says",https://www.rigzone.com/news/oil_price_action_telling_a_nuanced_story_jpm_says-27-jul-2026-184221-article/?rss=true
2026-07-27T11:48:43+00:00,Rigzone,True,False,"US DOE Seeks Innovations on Pipeline Efficiency; By-Product Conversion",https://www.rigzone.com/news/us_doe_seeks_innovations_on_pipeline_efficiency_byproduct_conversion-27-jul-2026-184220-article/?rss=true
2026-07-27T11:20:37+00:00,Rigzone,True,False,"Woodside's Browse Gas Project Declared State Priority",https://www.rigzone.com/news/woodsides_browse_gas_project_declared_state_priority-27-jul-2026-184219-article/?rss=true
2026-07-27T09:35:14+00:00,Rigzone,True,False,"Brent; WTI Oil Prices Both Down Over 5 Percent",https://www.rigzone.com/news/brent_wti_oil_prices_both_down_over_5_percent-27-jul-2026-184218-article/?rss=true
2026-07-27T08:56:21+00:00,Rigzone,True,False,"Kuwait Agrees $16B Pipeline Leaseback with Blackstone; Brookfield; KKR",https://www.rigzone.com/news/kuwait_agrees_16b_pipeline_leaseback_with_blackstone_brookfield_kkr-27-jul-2026-184217-article/?rss=true
2026-07-27T07:10:13+00:00,Rigzone,True,True,"Lull in Fighting as Iran Holds Hormuz Talks with Oman",https://www.rigzone.com/news/wire/lull_in_fighting_as_iran_holds_hormuz_talks_with_oman-27-jul-2026-184216-article/?rss=true
2026-07-27T14:00:00+00:00,EIA Today in Energy,True,False,"Hybrid sales rise while battery electric sales remain lower after tax credit expiration",https://www.eia.gov/todayinenergy/detail.php?id=67885
2026-07-24T14:00:00+00:00,EIA Today in Energy,True,False,"Energia Costa Azul; Mexico's second LNG terminal; shipped first cargo",https://www.eia.gov/todayinenergy/detail.php?id=67884
2026-07-22T14:00:00+00:00,EIA Today in Energy,True,False,"Commercial crude oil inventories increased by 2.0 million barrels",https://www.eia.gov/todayinenergy/detail.php?id=67868
2026-07-20T14:00:00+00:00,EIA Today in Energy,True,False,"New York imports more electricity from Canada after high-voltage transmission line opens",https://www.eia.gov/todayinenergy/detail.php?id=67867
2026-07-16T14:00:00+00:00,EIA Today in Energy,True,False,"What are tank bottoms?",https://www.eia.gov/todayinenergy/detail.php?id=67866
2026-07-15T14:00:00+00:00,EIA Today in Energy,True,True,"Petroleum markets responded to disruptions in the Middle East in the second quarter",https://www.eia.gov/todayinenergy/detail.php?id=67865
2026-07-14T14:00:00+00:00,EIA Today in Energy,True,False,"Global liquefied natural gas trade volumes reached record high in 2025",https://www.eia.gov/todayinenergy/detail.php?id=67864
2026-07-09T14:00:00+00:00,EIA Today in Energy,True,False,"The United States produced more crude oil than any other country in 2025",https://www.eia.gov/todayinenergy/detail.php?id=67844
2026-07-08T14:00:00+00:00,EIA Today in Energy,True,True,"U.S. exports of crude oil and petroleum products reached record in April",https://www.eia.gov/todayinenergy/detail.php?id=67825
2026-06-30T14:00:00+00:00,EIA Today in Energy,True,False,"The 250-year history of U.S. energy consumption",https://www.eia.gov/todayinenergy/detail.php?id=67824
2026-06-29T14:00:00+00:00,EIA Today in Energy,True,False,"U.S. refining capacity decreased during 2025",https://www.eia.gov/todayinenergy/detail.php?id=67807
2026-06-26T14:00:00+00:00,EIA Today in Energy,True,False,"Metered electricity demand in the New York ISO falls midday because of small-scale solar",https://www.eia.gov/todayinenergy/detail.php?id=67806
2026-06-24T19:00:00+00:00,EIA Today in Energy,True,False,"U.S. commercial crude oil inventories have decreased in June",https://www.eia.gov/todayinenergy/detail.php?id=67805
2026-06-23T14:00:00+00:00,EIA Today in Energy,True,False,"UAE's exit from OPEC+ reduced the group's share of crude oil production and capacity",https://www.eia.gov/todayinenergy/detail.php?id=67804
2026-06-18T14:00:00+00:00,EIA Today in Energy,True,False,"Permian natural gas production increased faster than crude oil",https://www.eia.gov/todayinenergy/detail.php?id=67785
2026-06-16T14:00:00+00:00,EIA Today in Energy,True,False,"Solar generation in CAISO surpassed natural gas in the first five months of 2026",https://www.eia.gov/todayinenergy/detail.php?id=67784
2026-06-12T14:00:00+00:00,EIA Today in Energy,True,False,"Largest wind farm in the United States slated to begin commercial operations",https://www.eia.gov/todayinenergy/detail.php?id=67766
2026-06-10T14:00:00+00:00,EIA Today in Energy,True,False,"Higher blending targets drive RIN prices close to record highs",https://www.eia.gov/todayinenergy/detail.php?id=67765
2026-06-08T14:00:00+00:00,EIA Today in Energy,True,True,"U.S. jet fuel production rises after prices doubled in March",https://www.eia.gov/todayinenergy/detail.php?id=67764
2026-06-05T14:00:00+00:00,EIA Today in Energy,True,False,"China's nuclear power capacity nearly doubled since 2016",https://www.eia.gov/todayinenergy/detail.php?id=67746
2026-06-03T14:00:00+00:00,EIA Today in Energy,True,False,"U.S. natural gas storage capacity increased slightly in 2025",https://www.eia.gov/todayinenergy/detail.php?id=67745
2026-06-02T14:00:00+00:00,EIA Today in Energy,True,False,"California natural gas prices reach historic lows in early 2026",https://www.eia.gov/todayinenergy/detail.php?id=67744
2026-07-28T16:54:57.447932+00:00,Investing.com Commodities,True,False,"Is the Bitcoin bottom in? Key levels to watch after summer drop",https://www.investing.com/news/cryptocurrency-news/is-the-bitcoin-bottom-in-key-levels-to-watch-after-summer-drop-93CH-4816979
2026-07-28T16:54:57.447962+00:00,Investing.com Commodities,True,False,"Bitcoin retreats to 10-day low near $63k as tech sell-off; Fed uncertainty weigh",https://www.investing.com/news/cryptocurrency-news/bitcoin-slips-to-10day-low-near-63k-as-tech-selloff-fed-uncertainty-weigh-4815471
2026-07-28T16:54:57.447988+00:00,Investing.com Commodities,True,False,"Canton’s Decentralized App Layer Launches; Backed by $1M+ Foundation Grant",https://www.investing.com/news/cryptocurrency-news/cantons-decentralized-app-layer-launches-backed-by-1m-foundation-grant-4816384
2026-07-28T16:54:57.448008+00:00,Investing.com Commodities,True,False,"Bitcoin nears $63;150 support with RSI fading: Live levels",https://www.investing.com/news/cryptocurrency-news/bitcoin-bull-flag-85-complete-at-65414-live-levels-93CH-4813067
2026-07-28T16:54:57.448028+00:00,Investing.com Commodities,True,False,"Bitcoin rises about 1% as U.S. and Iran pause fighting; lifting risk appetite",https://www.investing.com/news/cryptocurrency-news/bitcoin-rises-above-65k-as-easing-middle-east-tensions-lift-risk-appetite-4812982
2026-07-28T16:54:57.448045+00:00,Investing.com Commodities,True,False,"EOS Falls 16% In Selloff",https://www.investing.com/news/cryptocurrency-news/eos-falls-16-in-selloff-4814951
2026-07-28T16:54:57.448065+00:00,Investing.com Commodities,True,False,"Bybit named among CNBC’s World’s Top Fintech Companies 2026",https://www.investing.com/news/cryptocurrency-news/bybit-named-among-cnbcs-worlds-top-fintech-companies-2026-4814815
2026-07-28T16:54:57.448085+00:00,Investing.com Commodities,True,False,"NOWPayments and BlockSec Release Crypto Payment Security and Technical Compliance Checklist",https://www.investing.com/news/cryptocurrency-news/nowpayments-and-blocksec-release-crypto-payment-security-and-technical-compliance-checklist-4814563
2026-07-28T16:54:57.448109+00:00,Investing.com Commodities,True,False,"EMCD launches Miner Support Program with up to $30M for miners amid industry’s steepest profitability squeeze",https://www.investing.com/news/cryptocurrency-news/emcd-launches-miner-support-program-with-up-to-30m-for-miners-amid-industrys-steepest-profitability-squeeze-4814086
2026-07-28T16:54:57.448128+00:00,Investing.com Commodities,True,False,"Strategy sells MSTR shares; doesn’t buy bitcoin",https://www.investing.com/news/cryptocurrency-news/strategy-sells-mstr-shares-doesnt-buy-bitcoin-432SI-4813916
2026-07-28T03:25:00+00:00,Google News: Crude Oil,True,True,"U.S. crude oil falls below $80 as Iran discusses Strait of Hormuz with Saudi Arabia and Oman - CNBC",https://news.google.com/rss/articles/CBMigwFBVV95cUxPM3FtMFdJd0VGNko4bVI4cGlYMkNobjdaMFRjSzdSOTZxdExfXy00Q3JKMmhaNU9qNjFXV3pGMS02RDRlMVlxSUlpMUh3dWpvYzRWVWpKaGpqem1veXEwRjNxSGFQSmtUbUJ3SU0xUkdZX2lwTEtJZ2ZQM0JyWE5HNUx2TdIBiAFBVV95cUxPVWRiMFRyTHNqMlMzUGduazg0M2JJRXJPN0Rtd0o2Zl94TFVVeTlxOGZnZXExX2NvVlJBYV9CVExlTmhvcVVaTUhzb0F6SmlxT3FrdUpuRjBqdUhBQzhFeTQ1UWpGQzRYalMyTzEtWG5TWDluRlJPVElPaVFXV2Q5c3NrMXI2UFlz?oc=5
2026-07-27T22:29:27+00:00,Google News: Crude Oil,True,True,"Core Differences Between West Texas Intermediate (WTI) and Brent Crude and the Affect of the Iran War - EnergyNow.com",https://news.google.com/rss/articles/CBMiogFBVV95cUxQN1ZOVFVuUnFFYUstVktuczhxdzBYN1lUbUlqbTIwZEVnX2lCclN2dDZyeVJxUnFPLXdLLWhHcTd1MUUyM0kxTFBUZWJZSVlfN2RCZkRlRXhqT3ZfdUJTQkFjSkR1dDFsQ2Rmc19VTERhc1hsV2Nka2RDVEFvZ0FUcFdJQ0dCR21lcm5mZU12UzJZZHlyOFh3WGEzVWpCVDlUeHc?oc=5
2026-07-28T14:18:15+00:00,Google News: Crude Oil,True,False,"OPEC+ likely to pause oil output hikes after September; sources say - Reuters",https://news.google.com/rss/articles/CBMitAFBVV95cUxNUzgwLWhqV3Q4T1NNeFZJNTJEQTUzeWZud3dwUXRuTWtEU1pjNFZCcVRMVnRiYzVhY1RFRk9UMHQ2ZDJCTm1keUdxLVAtaHFfOWZhb2Z2MURqNTVQSk9YU3pmN3N0ZGpKNG8wbmFhVWdYSkJxRzdBQ2JyZDdoNF9ySmR6ZnowLUtlNjNDRHA0WFR3QTJVbkd5MWY0QkNyUGJwb2JsbnF5X3UxMVJYVGNQSjZlQ3A?oc=5
2026-07-28T14:57:30+00:00,Google News: Crude Oil,True,False,"Oil (USCrude) Price Forecast for Today; Tomorrow; Next Week; and Next 30 Days - LiteFinance",https://news.google.com/rss/articles/CBMinwFBVV95cUxQcm51RHFTMGNQcnB2aFl5bjNQQzFXUVVHckh1eW1IVktpM0lfaXlCQ2p6RF9nYWxkajlxb2R2V0lkRi1FNnljalUwMlhaU2FFT2dCUDBwem9tVG14Y1FXZGVKbWJvSm0xNlVVZ1BwdTItWnJkOTF3TnFTU2FQLWZibmhXRXlnX2RJY25leTB2ekVVUHZMZS1zbjBhWkNJLWs?oc=5
2026-07-28T06:00:00+00:00,Google News: Crude Oil,True,False,"The UAE’s departure will test OPEC - GIS Reports",https://news.google.com/rss/articles/CBMiXkFVX3lxTE1QVDh3UzZhUjdsdTlSWDJTMTR2QUdKYjRRd2lVeUN2bW9qQ1BoSUlETVhZQTBwaXJ0M2N0anNvQlFaelJhaDY2d1NhY0d2ZUdoRnpaZmg0bEJ6X08teFE?oc=5
2026-07-24T04:31:31+00:00,Google News: Crude Oil,True,False,"Oil Prices Waver as Gulf Ship Traffic Falls to Lowest Level in Months - The New York Times",https://news.google.com/rss/articles/CBMiigFBVV95cUxQQktRd1BiNVJEUjJaWEtyT2xjSnJldWIxRE1rUndBLXBlSURDc0twLVBrUUdWYnY3d29Gb0VTUVR3VC10WG1yTEhyVkQyMkNMck1VWk9wd0NvMTUxV3g3M1dpZ0dTTVNGMnNXSkgyNFJSbENQdG9FZ0lRai1jTzFDTV9oSGo5Q3NXYWc?oc=5
2026-07-28T10:57:58+00:00,Google News: Crude Oil,True,False,"Brent crude drops 7% this week; but Michigan drivers may see limited relief at the pump - FOX 17 West Michigan News",https://news.google.com/rss/articles/CBMiywFBVV95cUxPLUVTS3poRjE3d1lfbVNmRFFPcEp2RGoydS1NeVgtN1JCWkFhWXEyMlcxcnlFRDJsaE9nX0xFS180TnJQdDNTY3hqTUo4MUI0OW9DemdwM0dYSVJKZ1RCazlrUmZ4clRhMTgtVlh3TWlrZF9rQWg1VEdvSjREUkEyVDZvVVVSeXkwbTZIV1lfYmpTSWRvY3Y0LXl4ck9WdTg5VE4xQ3hDN0N2ZjdRbWR0U21uNjhOeHFVaFlMUllZWDFPek9OZ0w2TkswNA?oc=5
2026-07-27T22:06:25+00:00,Google News: Crude Oil,True,False,"NES confirms Brent Baker no longer serving as COO following winter storm response review - WZTV",https://news.google.com/rss/articles/CBMi_AFBVV95cUxQTlhPLVpzRVh6dm9xWUxPY3EzcTBtd2dYNmY2QTJ6VFUtTk84OGI0N19wd0RIc1NJZWFOSTlGc092NVdzV29SUElMd0V2S0MydFUyV3laeHlXQktHeWNaZ0VGZ3VzYkNNTjlrX3d3aVNtalZvZ1c4U0tMbl9JMmY0ODNKNmhROWVpZF9UMzd6T0g4aWN6ZmlYTWpHcVZvbUJ0dWwtNW1jdXJCWlExVWFQelRPSER0OXlwYVNxdXNrbFNjcEw5VFNuTjZQbkVLNldBS2JjcHVBLXluVGpvaFU4UzdJWU54TlM5eHRRckVUV2VUOHFrRVhuQjl3ME4?oc=5
2026-07-28T13:41:32+00:00,Google News: Crude Oil,True,False,"BGN Emerges as Key Trader in Kazakhstan’s Crude Oil Exports - Bloomberg.com",https://news.google.com/rss/articles/CBMizAFBVV95cUxOcFg1YjFmQUtjU3N3am1oMmxfam5zbTF3YUQ0WUI1RmJObWprZkRGalFJZ2I1c2pGMDZpaVhvdGdkZ2t0eDd2LXdlMWxzd05xY25SZUlGeDZHT01hRDRmb2pjREkxcUJIX1UzQllYZm9FZmpTY1ViQ0lMWXcteThnWXNCUS02dVBuUHJwMVZraXpva0xyYXROcEVxaHJ3c2lZYjNPd1lRWUh1c3VDLUNZOUVHc09QbEdJWEs2cEUyUGVVNUdMX085ZE1vYzQ?oc=5
2026-07-28T12:29:07+00:00,Google News: Crude Oil,True,False,"Georgia Drivers See Higher Gas Prices as Crude Oil Costs Climb - https://wsgcradio.com/",https://news.google.com/rss/articles/CBMijwFBVV95cUxNOHAwQW53dmFLNXBBa0JRbkJvS0doMm9UNEtpUHJzNU42RG5SY2l3MXdjTzI3WW1kX3N6OUFjdGZLQWZLcjhVVXVYR3FxVmNHcmZubktYbUF6ckg3c2Vxc1plUVF6TDhmVFllc3BLSzJXeWxxODJQU1czdzRDcUdaNFRWWUZsT0tFRHRZdmtUMA?oc=5
2026-07-23T20:38:00+00:00,Google News: Crude Oil,True,False,"Brent oil tops $100 per barrel; as tumbles for Tesla and Alphabet yank Wall Street lower - AP News",https://news.google.com/rss/articles/CBMinwFBVV95cUxOdzJSMEdwQVV6RGMtWDMxcGFBci0xMURsa2hYWnpiTk81azZpVk9IS1gyWDlLM2xoM2xBcUVpUDFiN01tekpWUUNKcWNDZWtmbDk4RDBCbW5ZNjlQdEJLNjlTYnRERDZfVmxYNWtfamNGWjZJMkxwaDV0U0wtSnBtTDJnblFjYmxqRWoxYmFGd2JOUng0Q3JBUUpMcGxWa3M?oc=5
2026-07-28T06:00:00+00:00,Google News: Crude Oil,True,False,"Stocks drift on Wall Street and crude oil prices drop as Mideast tensions cool - JHNewsAndGuide.com",https://news.google.com/rss/articles/CBMiowJBVV95cUxQTi1WcUV5OUZPSTRIc2lqOVZOYjJ4aFAyamUwN2d2RVZrZXVhbXk3aDRXU1d3X1A1SWhvSER1WExaNENudjJnNnBmcW05Ry1JZTQ5SEV0aXVieTVTVk9aRHVfek5LaWx6aGltakZNeWlfbEpsR3RReTVKZ1RDa0g2RWZsLU8yaS1UZlJuRmJqSDltRW5fcmhQcmxrdFZCSldFMVpCQjY1amRqem1hS0xkUGlucDdXT253RFZDMXdGbS1FZHh3X0RrVFl3UjZqRXBaeVJxTEpVQ1lTVlhYTkRGTFhWZjhYNFlTMEhFc2JmZW41VEN3dkRFVHUyYnQzZ2Y5dHR6SkhqRzFUTEp0Z0ppSjdqQkJDYXdQMWUwWmZDS1puMVk?oc=5
2026-07-28T15:37:36+00:00,Google News: Crude Oil,True,False,"Crude Oil Volatility in Context - Barchart.com",https://news.google.com/rss/articles/CBMigAFBVV95cUxPb0dVMFo1TU9hcWxSYnhfSWJOMkFHWUp1ZjRPM2VHY19mS2FvaU9BUV9EelNDaE9YUU5sejF6Z2dyZ2tjSEo0cDNfWFJmZm9rdUZJOXV3dmJjWVBvVGR5T2dXNVJsMWpkUTJ3WE1SZ09hUDF2TUFkNDExRGFRT1dhcA?oc=5
2026-07-28T16:23:00+00:00,Google News: Crude Oil,True,False,"‘He liked to get people’s blood boiling’: metal masters Mastodon on the loss of bandmate Brent Hinds – and his shocking words before his death - The Guardian",https://news.google.com/rss/articles/CBMiwAFBVV95cUxNZUVRSGhfalctX185dmtCQmlsSHlWa2pqREtjMVU0Nkl5ZHpDYlNYM2JoLXJkSDFVZHNxYnJJWXZmV28xcFA4QlRSSVJyeHh4TUx0Um9feHNGTzA4SmQyempCUFlqTV9RaWdDQTk2NjNGdWlscl9vZVdaVUFaalRyMTVoQjJzVFZ6N1RIaHJrRUkxai1BNXpqb1cyUkxTYlNCZ3pqZ3FWX09yZ0NsMkJpMV90WjJWZXI3Y3Jkczhid2M?oc=5
2026-07-28T14:20:00+00:00,Google News: Crude Oil,True,False,"Wings draft pick Solomon eyes NCAA title redemption at Wisconsin - The Detroit News",https://news.google.com/rss/articles/CBMi0gFBVV95cUxQa2NSVkJjcFFlbVJHNlVMNUk5UmpqdzJ4YnlVWVhCTHAzN2pBS2YyR2pTaFJ3SW1OaTY3b2M0R0p5b21abzF3cXBlOW1JTW9ncEZmM1BlVGtuS1Z2NG0tS012ZXFMdGJXck1TRHlrTXJySG5yV2hBSEJuOFhqWnBHaHgwSG5EeEh0bWxDYXlVOUtkQlp2N2ptakx5em54NVNhWDN2NUw1NU9hVTIxS2N0ZlNKc1p4OTg4MUc4QXEwQmM5YmxOU083Y2d5a1NOLUpWQUE?oc=5
2026-07-27T21:59:25+00:00,Google News: Crude Oil,True,False,"Gold continues to hold $4;000 as U.S.-Iran pause pressures crude oil - KITCO",https://news.google.com/rss/articles/CBMipwFBVV95cUxONjZWYWlieG5GcXZlWXdsYzBQWnpna2xMbEQ2dEs0bzVXSkNXSzB3M1dWM3FLa182TGtzSThqckVhcXp1Zng1Xy1LYWIyU1A4RDNlTHd0dmVfZmxZYmhjVWViRktYeFdQNnpCU2VjcWFrRGR1OHZhSjNUMF9iQ250enNvOUlFLW1Kd3RCclB0b25xTzRyMzlVd2hsb3ppaUZ5b1JjME9rUQ?oc=5
2026-07-27T15:06:05+00:00,Google News: Crude Oil,True,False,"Stocks waver on Wall Street and crude oil prices drop 5% as Mideast tensions cool - Oregon Public Broadcasting - OPB",https://news.google.com/rss/articles/CBMitAFBVV95cUxNTjFTRnpObVNnODgtV2pQZ3JWLUFqRVowc2pfMzlXQlZGMklhekhiT0ZuTTBmbUxtRkZCd2FyaWdSbDM5aDY1a3Y4ZVdTcEp2VVhoazJ5X0hENTF5UnN5eXVjMU5JVE9tRjA1TlludTByTDNrc01fVmhIV3NiZnJPNV9ab2RhMUFxZUFhUS1BcnoxT1VxSE5paFoxZXpTaDVSdHBRV2ZOOUJqRVlFNGtfaXNuQlM?oc=5
2026-07-26T23:58:00+00:00,Google News: Crude Oil,True,False,"Oil prices slide; Brent crude below $90 as pause to U.S.-Iran hostilities appears to hold - CNBC",https://news.google.com/rss/articles/CBMinwFBVV95cUxOazZxVWRVdC1uSkx4TVlXUzlnZm9OR0VJQjB1Z1hMV29ucmN4X0FXTHdWbjgxRC0tNHNwWVlua3hUT3pKdXlkYVBubWZEWFRKZlpZS2d3STZjTXRCRFdabzJ6OF9NNzdqU2FvdFdDcFpINF84SWtOYmFrOUd4MkwzNDhMcVI0R01QeXpFTm94SXJYektmVk1LbmlIVHFsVlnSAaQBQVVfeXFMTXBmRFFqbUhVLVZpUnZfNVZxTWhieFAxUldheXpHTVJBVXk4elU3RXpaVy04WHY1NXd3R19oOHYyZ2xBR01uZ1NmdlFzLUU3UXRheDdvS1RyYkZxSjk5NEJpRVNQYTVXaFlUb3BHajZ4VVRIWm1aZnpwNVA5X3pMLW9oR0NreW1MaENBeDF1cEF6Y2VLMFdaQ1o0WEMtTzh2Zzl4Ukw?oc=5
2026-07-23T13:36:29+00:00,Google News: Crude Oil,True,False,"Brent crude tops $100 a barrel. How the next stop could be $120 - CNBC",https://news.google.com/rss/articles/CBMingFBVV95cUxOd2FQWjBmQTNqVE1LeGd2VjBSS0ZFUm0zb1EyOGxpLW1GYXV6emJVcDFyRFRnZWJRdldaM1ZkNnJzQy1hUGIzZS1IV0ljcEpHZDBFZmhXand6RmRDbVo4bkluMVhMSHVnc3RGUzM1N3ZMTnR0X09SeEFTRnlDVWJMeHlNVm1LT3FuTzRqQXI5R3ROaEFpaER4VkNiMUUzUdIBowFBVV95cUxPMi0zeDlQRndSQ3dWUWVLRWkwNnpnM1c0cWF6LTVlZUpFdjYwX3pJWDdST1hVT2MzUTM2bWc3dU1RODZ0NThWREFxeHpmTnJNY0VUNDB6M0g4TEhGRVl2cXpNcmxvTmduV2hTbWFRSUYxazN0TllDc3A0Q1ZCengzeG1sdGx3Z1Z4Rnl2VDFLZDZUNEFkNzdSVU96dGFvMjNlbmxr?oc=5
2026-07-23T00:18:00+00:00,Google News: Crude Oil,True,False,"Brent crude crosses $100 after tankers reportedly struck off Saudi Arabia - CNBC",https://news.google.com/rss/articles/CBMiiAFBVV95cUxOTmctMzlYU1FiQlBvdGFwemtzeWE4MnZPR3pIeV8zSUYyWG90d2dfdlBKYmFoRjU2TFlKUUhPWklaclgzRWgtZW03Z09fOURWdlEweXNvY3dYdzFYdnY4U182ZW1RZHVweDVTUW9NUE5va00tREQxTHM5Qy1UQ0pSdExsQmpSbFlD0gGOAUFVX3lxTFBrRTdDSTVkeWFvYkd6ZGdfRnNDeUJ1QmE1UjBKUE1QWU01T0hwM2xPTXJMdHRWZTQ2Zzd5cGNFbDFRakVMN0VoQlVsUEd1UlpvMlgzS2JrcDhORVhqb0JIOUpMSmRqZW0zdVZmWGU4c0Vkd2Z5aDBiajh4VHVSajEtT1VBODZaZXNjTGZjQ1E?oc=5
2026-07-28T13:41:51+00:00,Google News: Crude Oil,True,False,"Brent Falls Further - TradingView",https://news.google.com/rss/articles/CBMiekFVX3lxTE4zQ0dYR2V0V0RseGpJa2IwajV1NHdZNWxvRVZJcEpQY0VGdUVYR1EwMzdnaklKdllzdGlMUHMzNl9pR0ppbi13NXI5Y0pnR3NxZk9yeHVodVFzZEk5ejMxdmpWb01hbk04Y3ExTW9Qb0VoaUk4WHdQVG9R?oc=5
2026-07-28T13:43:59+00:00,Google News: Crude Oil,True,False,"Brent crude drops 7% this week; but Michigan drivers may see limited relief at the pump - FOX 17 West Michigan News",https://news.google.com/rss/articles/CBMi1AFBVV95cUxOWmZsTHF3T01TVVdpYVprTmxfUkhiNW5JVC1lSGZURmdsS2E5UXl6WHF0cEhibkJ3LVN3RXZqLW11dW5BR29LRnVKZC1kY1A5NUItS0VFSDdWNTFlX3RGcURaYVdzeWI1QlRyX2xmQkpaemFxekZ2YlR2SkZlNE5rU0Q1ZU5qdHZRdDg0bHQ0WVlmRDNJZFJQNFZFRVlJTDl3Sm5qaUtlc3EycFoyaXFIYXdvNGk3ZUNoRlo0al81QXVaQ1pMV1VVSmJhaFM1WmhsVENwNg?oc=5
2026-07-28T15:38:21+00:00,Google News: Crude Oil,True,False,"Crude Oil Prices Pressured by Optimism Over Iran Negotiations - Barchart.com",https://news.google.com/rss/articles/CBMiqAFBVV95cUxNZlVOUWQ4MGZuRnZDUk4tUWdQZklkMFdOUTh5TnFIeFFSOFBOV2gtQThyWGhrMkZrbDlsdnFSeFgxUHNPTkJGNFE1Snl2aGZuLXFyazRtOWE2cHFFWFc5dlpDVnZ4dUJYZlJrVlU3R0hWMlhtMjhFT014YlI3cWpWM01jRVZ1dU5sMmZlYnFUd2F4UzRSM2V3akpMUkRwOXp2aTBoeFJrSEE?oc=5
2026-07-28T15:24:00+00:00,Google News: Crude Oil,True,False,"Oil News: WTI and Brent Slide as Hormuz Deal Hopes Outrun Oil Flows - FXEmpire",https://news.google.com/rss/articles/CBMiwwFBVV95cUxOYXIyaHNMcDItYURydDhKTDdmYzNVNXBHLUVKOW4yNEdsN1lhemJESF94T2JNSFg0NmtCbFpocm51QlMzUU5LYmpmaU5renFvNHBzb0VrZllaZHFYSE1vWnVwN0xPdThCeloyN1pMeDhDTzhSaGFzYWJHS2F1NElrb2tUUE93cmZueU5RTENrcWppVDB1YkVmdW5fdmgzRXBtWG5jQUZkdE03d0paSzhpNnRnVkhEYmpWaGo5UlZyTV92eWM?oc=5
2026-07-28T10:26:14+00:00,Google News: Crude Oil,True,False,"Commerzbank Says Brent Falls Below $88 as US-Iran Diplomacy Continues; Euro Slips - Yahoo Finance",https://news.google.com/rss/articles/CBMilgFBVV95cUxOc0FzN0oyM19lR0QyN1lnLTdQRGxYQUZReEJnTGtsQnFHYTJOOXRCRS16Si1IRGZEYV80cW40M2lCYm1JY3hYc0xSTHFWRTZ3am9qT0V5bGN5bmRmaEs5eEkwbGxRZWdocF9NMHc1d0pzVUVDdnVIVlp2ODdORzFlMXlJZFZ2MUFsY3dfWUxUaEllbTVOVnc?oc=5
2026-07-28T16:01:30+00:00,Google News: Crude Oil,True,False,"WTI Price Forecast: Bears target the 200-day SMA after losing the $80 mark - FXStreet",https://news.google.com/rss/articles/CBMitgFBVV95cUxPNnVYYlRzM1dLN3RIbmRNWGZrVzlrc29CRmRlTXdNWXJPWkZtakI4V0ltRFlnTFFOdkFUY0ZBUk9lOEhRMFdFeXpZQl9sT0VId0dhSEVoRWFnY2VhS2ZZTFpBLWtzLUxLNmdEaW1QTzM4clh5d2c2NjQzb1F6LUR3Y3Zsb2M2bkw5VHZvM1UtZWl2NEdGTUczN0FXcVdaaGpGMkhRSXFKdXdDem41ZDRoUkFtV3Vfdw?oc=5
2026-07-28T14:04:00+00:00,Google News: Crude Oil,True,False,"Crude Oil Price Analysis – WTI Bounces as Buyers Defend 200-Day EMA - FXEmpire",https://news.google.com/rss/articles/CBMitwFBVV95cUxNdjZycWVSS2RzejM2TE05SDc0QXN0bzZTN0RoQUxPVjVDNkt4OEF4eC1XeEpoUUhyQzdVcTVHLXFWM2NGRVhTc1dzOEdYMGdfMDZxelVySTJaaEpPX1hvQ1JEZFFnSGRkVVlSRXRyTFlGd3JXd3k1d3BqdUVLUGdvbXVhYVhiY19rWXRnbVE1clk2UHpIOGJWSndLUE54Mms1cjR5TndTRFNNd3NFMVVTNDVtT2Z6MDg?oc=5
2026-07-26T22:11:00+00:00,Google News: Crude Oil,True,True,"Oil prices settle at lowest in over a week; as US pauses attacks on Iran - Reuters",https://news.google.com/rss/articles/CBMipAFBVV95cUxNZXVDd2dEeUdKdzZkTFduSnE1cGp0S2YtaGwyNTRxekczRW5TdGdtM3JGTFFtYlNiSzNsTVFmTzlYZ0ttZmtJdGtjU3g4U0FPUnFPenFkaWp3ZENtbzFGVFdtUk11TzRSbzg3dmZvWVFqRHZDR3FBZEpxR2dSZEUwU0w3d0pRUkVHd3dWZXg3Yk95SjdMbUZxdDEyTDlaRHdFN3JXLQ?oc=5
2026-07-28T16:25:31+00:00,Google News: Crude Oil,True,False,"Sugar Prices Fall as Crude Oil Plunges - Barchart.com",https://news.google.com/rss/articles/CBMiigFBVV95cUxNSVBpbE1fay01dUV0UmtKZDVjMWdlNE5uellJcEY4SDNLVHg3TXVzaENOaUJuaTcxZ1F2M3Z2T2ViQkp5ajNGc2NKOF9KWGdnV3doUU50b0dLWFRLS3F0Y3U2aVdNSmlsZDdpY0tMbmpOUnA5R01BZzh6TTJOa25uX2Jhd05kUmJ2bWc?oc=5
2026-07-27T20:50:00+00:00,Google News: Crude Oil,True,False,"Stocks drift on Wall Street and crude oil prices drop as Mideast tensions cool - AP News",https://news.google.com/rss/articles/CBMikwFBVV95cUxORGtrU05LUy0wS2I2dTJiNjlqZnBXeTB4Ni1fTnktMUZSRk1hWF9jOUVoRXp1M0hpMWZrbFlWTlVwM0MwWXRrNTczenludG53dzQ3U3lZSWtVdVFjR2RDekUyelFhcDI3UGJ2dHM5QWQ2UGxUT1hCVDFtV3o3X3ktUF80dkNwdlNsR0RhZEp1YnEzc28?oc=5
2026-07-28T16:28:12+00:00,Google News: Crude Oil,True,False,"Crude Oil Down Over 5%; Boeing Shares Rise After Q2 Results - Benzinga",https://news.google.com/rss/articles/CBMivAFBVV95cUxPbEZYNUVWN19zR3FuYVNrNjZzTHFQeGNVT1JORDhoMTFLQzYxOEVzeDltMV9PYjNiMHhmdVdaU0hIdkRTME1QME53bzVYVDdvcjhLU0FvOXJYZmV0TXJjdDZkQjZLS1NDMjJaU1UxTDQwNExTM3FZTk5Da01OaWxKbXRBZEM2QVdKYVliSlNzWE1BQ2tXLXV6SVIxaVFKMFo3N3BuMy04akRVWFhIM1BXTVJybzRJeHBfSnlZTw?oc=5
2026-07-28T10:30:23+00:00,Google News: Crude Oil,True,False,"Brent Venables had high praise for Georgia football ahead of team’s first SEC tilt - Dawn of the Dawg",https://news.google.com/rss/articles/CBMirAFBVV95cUxNcUItMzE0UzR6c2IxeDNNcG5TdmF2TkxRRzVUNDRnaXRBcDh2S1M1QmhqZmZUOTJIUDJqT1VzSmVtdnI1QnZmdU9UUmhIcUI5aTdTZ3NKRmxGbVhjYnItdzVxUWxvekNDd0RhMGpHeHB5Mjk4LUVPVHdQc3FnWmJKWTJFM212WFBrZnJReUlyRWhZR2k3c3ZidUhoUzdWRTY4emlCQ1dYcnQxQVlF?oc=5
2026-07-27T15:31:30+00:00,Google News: Crude Oil,True,True,"Brent crude prices down; stock futures up amid pause in Iran war - upi.com",https://news.google.com/rss/articles/CBMikgFBVV95cUxPbGYwU2Z2cWEzVlpfTGxDT29RYUMyN3ZfVXp6blJTUEJaLThIRmZEalQyb0pXU0NvdTJEWGdCS1lZWlpodGZrWTRUR0ppSlNxXy1RaWZPZUdkVXFvSHhoYWRaVWYteFpJdWNwc3RLMlJQQ0JBWnlUY2F2ZVZOSUJLaXk1NEJ4OUcwejhXUUxrNUlKd9IBlwFBVV95cUxOT2c2NkFEWFZ2WVF0dzVTZzNEbXp1Tjl2cDhkZFgxLThXOWtMWVNnNzlJa0xoZFQ5M2xBSzRWcm9JZ1Z2NEs0N280NFJRbW9ubGVfWlZ6cjh5clBTSlB0dWxvMThzTGhLY2loYU11bXg4ZG9QSElNNFNBU1hGaDNQWWJDZlpfWDFyU1lCcUV6Mm1NY0Q2dWRZ?oc=5
2026-07-27T22:16:37+00:00,Google News: Crude Oil,True,False,"Corn Falls on Monday as Crude Oil Retreats; Ratings Fall After the Close - Barchart.com",https://news.google.com/rss/articles/CBMitgFBVV95cUxOMlJBWTZ0SWVfN3NnQm45TFBKOUIxcGNZRmNqSXk0NUxyd3BHRGdzQ2N1cmNZamllWXhiREhUSk02N1E4MFFSZE9Uc1FPQXZXYjR3S0s3WHZZdEJycE5qbDhHWUZ4LTF6Z3QwR3ZXLWx4MmY3MTlDN1ZJXzA3THNfb0JYM0JQZ1pFMWgyUG5FUDFnaU9xcFo0dkxDM1dpbXVUYS1uR2l3RVdpSUc0TnNkSzJvQjFSUQ?oc=5
2026-07-28T15:04:44+00:00,Google News: Crude Oil,True,False,"Goldman maintains $80/b Brent outlook; flags Red Sea upside risk - Quantum Commodity Intelligence",https://news.google.com/rss/articles/CBMiqAFBVV95cUxNcXQ4b0hmLXI1WUJ4eUxESFR3LUQ1YzctQVhod1VLXzM3U3NWcF9IamloMG1wbmt2dVB5NDFNVEw2WFh6bF9aNVRnNWNCWERCOFl3alpQUkhsT24zNlBVT29TME9LNGNhS1ZtUWJrSWd5TTNrMEY1SjM4WkdGZkZsa1hjRzlPdUlILWt0Wk1QOVU1dnZDYms1RHJkZzhKakNEUmtNb2ZlTmo?oc=5
2026-07-28T10:02:19+00:00,Google News: Crude Oil,True,False,"Oil Market: Crude Oil Supply Glut May Emerge - Moomoo",https://news.google.com/rss/articles/CBMijgFBVV95cUxNeEUyVjRvT1BJeHI2dmxXR3RLMm1lRVdsM1VDR0dLbkY3aWcyVkhpRzByamZ6cU1Jbm0zczBJSkMyUEhzdm8xQVQ4aWNqaUxNS0tBOVNCZHRGem1DRDJuck02VzBZdGhLRXp1R3l1ZDZrblRhczdoSWV6LXNZdTdneGtJdUI1WkVhc2hFMm5n?oc=5
2026-07-28T05:41:00+00:00,Google News: Crude Oil,True,False,"Pasco swears in new police chief Brent Cook - Nonstop Local News",https://news.google.com/rss/articles/CBMixAFBVV95cUxQZE1ON3BQdXBpaG5HazFWTFBRcjNueERMUnNzT2J0ejE4a2xIOUVnRXBOOWxXU0hqYkFfXzRDdnhkRVQwU0RlNTRWSllrdTREYzlPbmN4R1AxYTJkQU5zUjA0cU5tMGh3OXFnMkRVUU9pZWxXbEo4VHdiSUJvS1dBTU9Fdkpzb0t5LXg5dTMxbHpnUkwyY1h3dHNKd29Ua2NlY1RFR1pFRVRSNDBvOHkwVGd2NzhBRm5JOEN2RGVldzlPVjBq?oc=5
2026-07-23T15:37:00+00:00,Google News: Crude Oil,True,True,"Brent oil crosses $100 as attacks in the Red Sea threaten critical alternative route for Persian Gulf oil - Yahoo Finance",https://news.google.com/rss/articles/CBMi8wFBVV95cUxPWUFZckxFQ2JMQzJ1NF9LSHdzMHhaR2JtdjRmNThUNjhBQlNybFYtM09pMEpmbnRuLVBla0RVUHJEUlQ4ZEliVlZ1NG1WYjItcTBhMVBBNlJ4dEhNa3hHOEI5Q1FYZGNkUmxOWDVhRlBuem5PSUczcUEzLWEtR2dpUHd0NHg4ZzZpMDhaeU1vQkhJdWxZWnlvUzliQlRxZjJlSEVucEd0anFlZW55X0s5WFBVY1NCdzVIR05GbG0xSmpJbktSd2owWjlfMndSUlZ3c195MUhqMDhLTU9hcElDZFU0UHZjRzdvc1EwYW1Ya0dIWE0?oc=5
2026-07-28T08:53:42+00:00,Google News: Crude Oil,True,False,"Four reasons for the fall in WTI and Brent Crude Oil; US indices pessimistic on AI value [Video] - FXStreet",https://news.google.com/rss/articles/CBMi1wFBVV95cUxPUnBqeFRXVGZ4Qm8tTU9UZWpNWnN0TWhCMk16Nm1tbDlzTHgxUEVFR1h2bmVXMkhfQmpORjR1YjRucEFlR1N3Vk5FM0hkUHZyLThBejljZ0pJV2lrbWVCS0pUUmc0RXlPdmtZVlhDVjR6VVV5ZzhMdURlZ1FuTFJ5V2ZIT3VvdjNsZzN4RmN2cnk3dS16Nkw1b0JzVEFMUUo4ajAzWlU3Ny1IY0otOW5RVktYTk40N2xlUVJGMzZaQWpjSm14cFYwMTJsSExwNUtoRmY1YWc3Zw?oc=5
2026-07-28T06:44:50+00:00,Google News: Crude Oil,True,False,"WTI Crude Steady Near $81 on Fed; Geopolitical Risks - TradingPedia",https://news.google.com/rss/articles/CBMilgFBVV95cUxNNXZmUXdIOUtwNlYwNEcwcFlLeXQ3cEFHMDVtVDhvZ1VyNkVpczNjbXJzOXZWaEIzVThTRktBUWZXQW1rLVlqTk10akFTUG1EYUVvSUN1LTVCY1hMMUlod2Q2SmtUbmJ4TzhudjMzR3dJWUxNdlp2RG9KS2txTUZfbGhkZDBSN1B2MzJOZE5MWFpaM0hPeEE?oc=5
2026-07-27T08:36:00+00:00,Google News: Crude Oil,True,True,"Oil prices fall as US pauses strikes on Iran over strait of Hormuz - The Guardian",https://news.google.com/rss/articles/CBMirwFBVV95cUxPY3NLLWN3ME9IZjdEWmdJNHE4cEJsSEV3SG5pTlpRWjBqbWdFYllsZGZJXzFXQVBlT2w3XzBOempmcWw3RGpvWVFVSWEtM1k2MlNPaU9CdUlJNkVVOU5QcUJIem1UMEZLanh0SzUxVkE1bEs5RWppNFJWMDAyT0NNVVNFdGJqcEJHbDZ5ejl6N01mOWY1RVZVSnRvWEhvVXBFYTNCcmFfVTJtUUU1U09V?oc=5
2026-07-28T05:21:00+00:00,Google News: Crude Oil,True,False,"Oil Price Forecast: WTI and Brent Eye Support as Iran Talks Ease Tensions - FXEmpire",https://news.google.com/rss/articles/CBMiwAFBVV95cUxPZzdxcFpsVjVFcE10M3hCOTdtV1VOMU85TC1mdXFLX3JaSnBGN2hzVXgzd1BIUnZ5RlNuTzZGRnJqNmFibkdaVEc3OEJnNk5kQWJUQ2QwUEVvMVVGQVpmbTFLWHd6eDNpM00tZnVkenU4RndJU3dGaVl6R212UnNwb0pYZUxqQk05QmFJZGNjcU44MVcyTm13Z1hMNk1ZeklJS1BLTmdjS2ROejRyeld2N0tQdWFzelJtSEpiNF9XUjI?oc=5
2026-07-27T20:53:19+00:00,Google News: Crude Oil,True,False,"Marbury Assistant Principal Brent Sowell To Coach CACC Flag Football - Elmore-Autauga News",https://news.google.com/rss/articles/CBMirwFBVV95cUxNOGRVWTgxck5Bb0hsX1dKdlVSb3pOcTAza0xOaGVyblIwZEE4bEJEc290Z1pReVJmaVd0TmpiOS01TlhYajRNbFZmNGlKQkRpU0h3SmowOU1xQ0lUSjJZLWlGTHUtR3FMUEFFaHJXR2lhTXZWTDUyQlg5U1ZSVmpmRHVTSjAtMUZIcWNCSVNQcDVGS0lFWEhMZS1qX3JqQmFfUVdDX0F0V0NlbjhTbGtR?oc=5
2026-07-28T06:13:56+00:00,Google News: Crude Oil,True,False,"Africa’s Longest Crude Oil Export Pipeline Isn’t Just Taking Indigenous Land; It Is Disturbing the Dead - The Xylom",https://news.google.com/rss/articles/CBMiiAFBVV95cUxQR1pjdVFWS0VwVWcya1hOaVRhWFhZS0JKVmlmeFhCcVpiSHpFcXA1SFNZX3haOEdUWHJ5N0o2dklwanhucjg2aldyd0ZTREtDNEdWanB0SFlzcW83UExNVFFjNEtzOTlNQ09rcUFDYVUyRE9fcFVuSEJ1c1FvbVlvNlJ3RC1CWDY4?oc=5
2026-07-28T02:05:34+00:00,Google News: Crude Oil,True,False,"Crude Oil Trading Alert: Oil prices have plunged; returning to a range-bound trading pattern. Supply-side concerns continue to underpin prices; as markets await stabilization. - Moomoo",https://news.google.com/rss/articles/CBMipAFBVV95cUxPZ215MUNvQkVJTXBiQV82T2NMNnUxTzNJeFpTWGFmaDBKY2ROdnJIcVJ3NVhpYk1rWmdOd0xKWnhOUVFGSmYwbGJKaFdPTFFJN29YaDJ0LW13VjIwVmJfNm9CYjByQ3A0VHVaYjdEWkhmdmVseG9ZM3NIdzE2a0hnYTNsYmhidmdRRExGZHV6aGJsNlRNOF9iaWMwTVB1RmxnWGxZYw?oc=5
2026-07-23T14:53:33+00:00,Google News: Crude Oil,True,False,"SPR Crude Oil Acquisition Procedures - Department of Energy (.gov)",https://news.google.com/rss/articles/CBMid0FVX3lxTE5mMk95VmQyMDVvSjJ1YmxkMXAxcEhmbGpDTnVLVDlqcTB4dWZxcExDWW9JVFBWTDBPSFBZNE1fMm0wbjgxVkRfS1FjRXh4dHkwNXBkVmZubmpqck1ld0hOUkNnOWgyd3IydEI0czJIc29idUVzUV9J?oc=5
2026-07-23T15:17:00+00:00,Google News: Crude Oil,True,True,"Brent Tops $100 as Houthi Attacks Push Oil Rally Into Triple Digits - Crude Oil Prices Today | OilPrice.com",https://news.google.com/rss/articles/CBMirwFBVV95cUxNaVNHcGZDVHhNc1JVZElpQWk0bFNzTzA2S012dU5iNjdvd0YxeXVXVjBKN001eTRpZzZ0NXZwS2lTMklRVTdta2hYLUE0UlIyOWQzZm45a0JhYTFuaWlDblBUTmVXb2ZrMFJiU2lhUlVUXzdHSzg0bEk3QkNlWWFZY0FlVTZaMUk5UjRVSmpXRUhSZW9JeVpPRk9rUDF3alk1S1pjNVhoYlpXR3RETmtv0gG0AUFVX3lxTE5OdkhiNldWaEZDcFdxR0FJVTFXYjctYlhjVGJyQk15alE2UmQ5OFBpOUFfOS0tMWxhb0hOMF9lWkdSWU9aeG9SUlE0T2k3dklzVFV0Y3pYSGQwWVN1cjNSUUUwV2xIZmgzSDNEdnlpQjVzcUdJa3U3N1Z6cVhNZ3p5SS1jWURRRW9yVG83Z0VOeXVabDI4R3dOWFRyVHBRejh2cHZKWmZHSkoyaWkyVWw2NFdmdw?oc=5
2026-07-27T12:00:27+00:00,Google News: Crude Oil,True,False,"Crude oil futures are pricing market adaptability; not hopeful Iran peace - Reuters",https://news.google.com/rss/articles/CBMi2AFBVV95cUxNNGE1c0g5ZHQxVW9KaV81YjdLV3FXRFo2dnp4S1FaeWZjbTdHbjhMOXVxRDdNVmRIenhzTWdYeU5WQWVqOWVURmxGTXJEVm5mVkN3MkdzSERyM2tHUkt5QWhkNWxkY2tzSXc3OGVtUmVzYXlPSE1vQ29Sak5vN1dDQnJicUZSZlVVSlN5ZkZhUXAxbHhDeWwtQmJxanEwam1FRlVLY2d6OFd6ejVuQUVDaWw5cEJkbHo4cDJ2TG04LU1kSm1aVVNMZE02ZmxwMGZENjZvaEZpUG4?oc=5
2026-07-28T05:00:00+00:00,Google News: Crude Oil,True,False,"Crude oil prices drop as Mideast tensions cool - timesdaily.com",https://news.google.com/rss/articles/CBMizAFBVV95cUxPWXR3SEQ5M3lYODZXS1JxVjFoMGJnamlqQ0ZTWG1PT2RiZFlXNUZYRS1aeHo3UWplbVA5VnB2OVo3blBzRXpsYkl5U1ZHNFJfV01xOG9menZTUTFQNW9mZXdjdGJENXlhd0VQbHA2c0NwVXFwcGNLbVRBb2NSWnF4UUJZRmFDcF9DbjYxMkUwdE50bFJ2bUVIRXdlMElUQWtvbEQ3ZjhvaUNhbnVZNEhEbXluRWYyXzViLVVZaHJVNVRKanByaWt0bHJRZUQ?oc=5
2026-07-28T12:30:19+00:00,Google News: Crude Oil,True,False,"Brent Crude Oil Price Falls as Fed Rate Decision Comes Into Focus - Coinpedia Fintech News",https://news.google.com/rss/articles/CBMirgFBVV95cUxOVlRHbE56dTh0YzIyb2ozWDIyTWNGWDhUME5NNXZHLXNpcGlpQjF4aUFvclpqVlFzZlhjSUVjOW55SU1WMTBJOFZFeHYxRWlqNDAwNURERTBNbnV5YTFXVGt5YUNYUWFVRFo1b1hraXBMd2xIcnJ0dDE5S3VEcFFwWENuS2ZvUVI2TjNSUG50Zk50b1dyWGVRdFRhOXpFQ3hDeHpWZ1E2SDBHZHZxbGfSAa4BQVVfeXFMTlZUR2xOenU4dGMyMm9qM1gyMk1jRlg4VDBOTTV2Ry1zaXBpaUIxeGlBb3JaalZRc2ZYY0lFYzlueUlNVjEwSThWRXh2MUVpajQwMDVEREUwTW51eWExV1RreWFDWFFhVURaNW9Ya2lwTHdsSHJydHQxOUt1RHBRcFhDbktmb1FSNk4zUlBudGZOdG9XclhlUXRUYTl6RUN4Q3h6VmdRNkgwR2R2cWxn?oc=5
2026-07-27T21:13:00+00:00,Google News: Crude Oil,True,False,"brent leggs - LoudounNow.com",https://news.google.com/rss/articles/CBMijwFBVV95cUxOMVZEaXhsdV82cG9Kb2FiNkozcDVISjhZeEpKV3dJLXRhUGRSXy1hNVVQOVphbzFWZHJtbUgyYmx4eVNMaGZmSlpZbklfZ1JRa294ZGU1QjB4LVp2SENFaXRvaVhUOFFJZThQRkgwS041b3NPT05HeEFjR1RKSm0wX3l4c0Vzby1PWEh1RExoSQ?oc=5
2026-07-27T18:01:12+00:00,Google News: Crude Oil,True,False,"Crude Oil Forecast: US-Iran Pause Drives -7% WTI Drop - Will it Reverse? - FOREX.com",https://news.google.com/rss/articles/CBMitwFBVV95cUxOZVp4WGwySjY3azM4bWU4X1VhVTF2dWY0TklXQzhzZXYzeGdaZ0wtQlRURlRmZ3lWOXplUTlzM3NTX01nbnBBcFhiSmg4d3lsSC1QQ1J0My1hNUsyTXpxckpIZnEwMTFsRlBzemctaVNyVllGTndmTVB0UDZQOFV6Njg0OFo4NmV4ejQ0dXFCSTlxOElqOWFFbG1rTmNQbTZxb0FpNnJha0pOX3VYeTkydDRkZzRnSFnSAcMBQVVfeXFMUGNtcEJrWXpCSDVTWXA5MDZoYUNVVjIyS0h4dEJWcl81WjFka1BIbWo0NVdvdjJ2OHI4Y3VQWE5JbGVud1RwQUhJdzRKMDNXT2tyWG1pVF9qSVRHajViTENMb04taktmZDJ0XzBLa0VfMVlIOEdhWEM5b0ZsZnhzWUo3UkFiVUNnQnRFVkNDX19zS0ZUd2FMV2JabFFoOVU1M0s4a1B5U0JHUUZjV2g2X1VHZl9uWEZfS09OTl9MZUFfdlhR?oc=5
2026-07-27T11:44:53+00:00,Google News: Crude Oil,True,False,"Headrick an unsung hero for '26 Yanks: 'He doesn’t get the credit he deserves' - MLB.com",https://news.google.com/rss/articles/CBMilAFBVV95cUxNNk1vTUtGVEU5U0VMTUZXbEFLLVVBOU1JWEpXX3NDVUQ0Ui1saDVtTzNCRllkS3FwZFhfZlJpN1VjSVBsX2t3RVNzM0hTdGQ2M0xkWGZzVFlKaldzOG9iM3RnMnhrSU1PMHYwbFFQMUczNmpHckJlZ1V0djJ6VWd5NW13RzR0WlB4Z3Z4MXcxR0FGWXZo?oc=5
2026-07-28T08:04:00+00:00,Google News: Crude Oil,True,False,"Natural Gas and Oil Forecast: OPEC+ Meeting Looms – Can WTI Hold Above $80? - FXEmpire",https://news.google.com/rss/articles/CBMivAFBVV95cUxNM28yV21SLUwxNTA3T3JONGFPTUdBZ0k3TGJmMGFBWGZsdEludVZJMEw5UldxUWwyUjVPRlZOT2NnUzlpd0pld2xUWWd6RGtRRG1Qa2xPWndGeUFsZ3Jaa1FUUFNsUmxzbUJmZ2NodmtleGdQS3lWbXpNWW1XaG9DMF9ObVBuM3IwWWVoVE9qVlViWnVlTTFDUXNudlV5TVNkYmRtNDdMRXNyZ3FXWEZfRjRTbUNFZVMxTUJIRQ?oc=5
2026-07-28T06:29:15+00:00,Google News: Crude Oil,True,False,"Brent: Price slide reflects de-escalation hopes – Commerzbank - FXStreet",https://news.google.com/rss/articles/CBMiowFBVV95cUxQSXFzQnktM2RWcFdUdDJuMlI3RVdhekVlS3FDbnhMZUx2Z2MxWTNETXgtS3c3cmp5S0xUbVJ4T1lmcnIxcTRzWU1UV3ZLSXhlU1hwX2gxSGZfUnRiNE9uSGpzMFN3Uy1MSVRCYjgtV3g1VnJBNVBnU1RndnRLTC1Dc3Z4cnlBZk5vYUVIdnllLUdIUGJ3ZFdNa055RDFNSWV3bG5R?oc=5
2026-07-28T10:26:26+00:00,Google News: Crude Oil,True,False,"Brent Falls for 3rd Session - TradingView",https://news.google.com/rss/articles/CBMihAFBVV95cUxQeXFmeXZmMXZSbWV4OEZtRU1Dc3U0VmJTanZ1VXA2RnhUX2JxSHJITUtwUmV2cVZSd1ZBYThqWVQ2U2wtbm5jLS1BN04yVnhwTDl6dVJhWlJWZ1lDM25NdEhEYzhyVWd0OWdhSnJTM0FLQ0JkOG9pcWFMUzltck44TzRLYzY?oc=5
2026-07-27T18:26:38+00:00,Google News: Crude Oil,True,False,"Slumping Crude Oil Prices Weigh on Sugar Prices - Barchart.com",https://news.google.com/rss/articles/CBMilgFBVV95cUxQMTRBWjhYZlFaY0t1MmlCcmEzNXFaZkZOQ0wyM0d4eVlkYnhNVHRrTzdZRWhOcmpGRFJBeXBvQV9XYm1CSnR2aklVUmNZTXZuVERPeWpoYmhRb19xTjhNazd5Ujh1eVQxOTRGREpxeGMxMllnQXVmZHdwUnM2enloME5wWEw4T0NSWWx0UGJOc1gzOUNOcUE?oc=5
2026-07-27T23:35:10+00:00,Google News: Crude Oil,True,True,"Crude oil plunges after U.S. pauses Iran strikes; Trump says having 'good talks' (USO:NYSEARCA) - Seeking Alpha",https://news.google.com/rss/articles/CBMiswFBVV95cUxNeGdaTmF2TEpoNUtCNTZ1M2JPQ3QwTjFuQ3NRZ1FzS2RoNGVvSXhJWnFfb2tFa1FJODU4Q016VG9YTWZpU1VydGl0TWRUVVB4dXZKNXJhQmN2VkRqRVBJMnUwR29ualNXeGppTml6VmJlMmlxTXhRVTFPS19KS1lKZFFhbkJzaUI5VlFCdWd0TnNDMUdKVmR3R1NZNUYyaHBlVU1aVUY0Yzd1dU5wb3FRaGllSQ?oc=5
2026-07-27T23:30:17+00:00,Google News: Crude Oil,True,False,"Jaguars head coach Liam Coen; QB Trevor Lawrence talk to Brent and Austen - Action News Jax",https://news.google.com/rss/articles/CBMi3AFBVV95cUxOTzhGZE03TDlZV3dCQVU1QVozbWhKQThNR1lKNzF5VDktSWJKbDVJaVQzNlVnSjlOXzd4MVFlVWdXYllkRnlrSTEyOGszdXRibUNNVEpfQWNveXJlNXh5TEZCSm9EYmdkX2tMT25KbmtENlBQQ0RpaUd0TDdjRi1QTHNrd3BMMzZ6QTctbkxDUy0ycFQ2N2NvZTF5SUxHcnJLWk1pSDRBaW9SRTc5dlhRbWItalJ0MVJwVTd0a3FqcVlVTjR0Ri1TQVlBWlBjcWNXQmFZdHhhaFJMdFRX?oc=5
2026-07-28T01:50:25+00:00,Google News: Crude Oil,True,False,"WTI consolidates near one-week low; around $81.00 as traders eye US–Iran talks - FXStreet",https://news.google.com/rss/articles/CBMiugFBVV95cUxQd0N4RTFLSHFINXdsVzFkSWo2LTBJbU11TkxTR0M2LVBsZkVkZkY1OENDMnBOUzcyVWpleDBJTml0X0lBODBNaERrbll6ZGdISFhKbE9ZdE9wMjdYX0FvVS1tN0lWOGxyc1VEOTc1UHRVS0NyaEhiVDdhN283YWxkX2c3bVJFQjViNGRIWjBvanUzQXB1aWpkbFFEZXgwTXhzNmtJNi1kYXhyaS1Md0pyODhhd3JpZUpIVHc?oc=5
2026-07-27T17:25:20+00:00,Google News: Crude Oil,True,False,"Corn Facing Monday Losses on as Crude Oil Retreats - Barchart.com",https://news.google.com/rss/articles/CBMimgFBVV95cUxNXzJ6NndrTGY3a25hYnlab0xGY2lGek92WEE5a21QaEkyN0ViTGdMaW84REFPUzc2d19WeC1EN1NhRmhfOW5GSGZvRTBUNjdocVJPNlFpaHdTcWVIOWNPYlViYzBtSU91dmUycXYta3lGN0Fza3FkNm9hVkwxSmlQSEFBSWc4LXRWUTdCX0h1UU5RVS1IemV2WkVn?oc=5
2026-07-28T16:15:37+00:00,Google News: Crude Oil,True,False,"Oil Retreats: Brent Slumps 5% To Below $84 After Trump Hints At 'Good' Talks With Iran - NDTV Profit",https://news.google.com/rss/articles/CBMiwAFBVV95cUxQa2NQWkFrc3ZoSWVjUEtXTmdzS2dvQnZYZ2k0RXdKVVR1SHhnLUtVRDNfSEhCNWVWOHJDdV9zYnUydjlHb2k5VWtMTkZXZ2hXWnRfVUhQTHhNemZFQnh4UjhnNXl0NHpwTFBpdy1OeU1EYlNpY0FEVXdncndNVXJFcGpXSFlEWE4wSjM4anRaeF9USGVGMVpacnRMUDdjMF9WTkFRV1lOOFNuYTdRb3hjU3ZZN0RXTnVXV0FqMjl2YWLSAcgBQVVfeXFMTURpWGRIUjVub3pJMEVtczgwS1RTSU9ubVpmb2NQYzlwZjRYVG1xU0dBb3I4THA5dHIxMUxoVE5fc2hVU2RlT3M0MWZJZnpsSzNTdTZkUDBhelJKYl81bG1jTHJJNXZfT0FDZG9CYVR1cXBtaGc4cjZTVk1KOFRRUXJCMzE2QTBCeldTTzBpLXRjQnFUOUNXc1dyQlV5azd0QkNkRFNZUWZ4VTVybUpoMkpmWkNMWVhmZi10Wjd1cnlaNFZOcGdHdWE?oc=5
2026-07-28T10:03:29+00:00,Google News: Crude Oil,True,False,"Brent eases as US-Iran diplomatic hopes grow - engine.online",https://news.google.com/rss/articles/CBMihwFBVV95cUxNRzVIRkVPWDNfWnR0MG1rU1ZKUjduQXdRLWZ6SFNOMG9GUVlBUEI4UFRySUZpcVd2LUx5cU9uUHRXaV9RRV9pZnJHY1RrOVpYQlVZTHJjNXZtbDhWMkczWWFmSU8tbllSX29OWDNySHRxUUs4Uk10ZmVfZnZQTTlubWZTWWFrcm8?oc=5
2026-07-23T14:27:00+00:00,Google News: Crude Oil,True,True,"Brent Hits $100 Again as Houthi Attacks Threaten Further Supply Squeeze - WSJ",https://news.google.com/rss/articles/CBMiuwFBVV95cUxOelhFME9razBjWUFuenpXVldtVHJ1UEtwSGR2RzJsMEJOWG5KT1lleHpnZUlRYmtZVlJWcjRKdVAyY09FRVdwTThRZlhWNEU0Q0REdTY2NGxCT3VYME1Cd051SG5fWUlxOS1FaDBkM20wYnFVaGRHUF9WaENjaWFjYjkydGppYXY2VEMxUXgwRkJrY0RJR3pHcXlIc25fX0ltT3VtVmRMcHpDWjUyMFBRRVVpQ1FQdmpCNlow?oc=5
2026-07-28T10:48:46+00:00,Google News: Crude Oil,True,False,"CME's 24/7 Gold Futures Draw $60 Million in Debut Weekend While Crude Oil Stays Blocked - Finance Magnates",https://news.google.com/rss/articles/CBMi0wFBVV95cUxPYjE1bWNUTFFGaWhGdG9OWUFLTVQwclNzSTBHemt6YW1xVkJEb2dTVXpZQko5d3dMbGFoaFF1bGtGdTU4Z29GMlpER2pEZ3NZLTNkR2JYSENVOWNOUEJOY0hkUmFyUkdsZWtLR1BnZE42bEFGOVYxTjZ2VVdwX0JqUHFnSUh0RmNnVU9Ra2ZSYmN0ekxCUEtndU4xMVk5Yms5MkZpajJsdVBDLTRJRnYwem5fUHExWWtCQmdTTks1bmxpV1VVRHBDSWs0ek5TQVNyMDVn?oc=5
2026-07-27T13:47:57+00:00,Google News: Crude Oil,True,False,"Stocks open higher on Wall Street and crude oil prices drop 6% as Mideast tensions cool - Longmont Times-Call",https://news.google.com/rss/articles/CBMidEFVX3lxTE5qVzFhd3ZJemlQNG92VVVxa3NqZWk5Ui1fa0hwQVZTekNfamFicnVLOHJ2dWRfb1BnZHJ0R1VBRkZ3eFZZRTVlRjhST25tZmZ0WF82Nk05dVZ1Vlc0VWNzNm1XNVQtVkt0QkE3NlhFY1Q2d2Vl?oc=5
2026-07-28T07:04:23+00:00,Google News: Crude Oil,True,False,"WTI Oil flirts with the $80 level amid speculation about US-Iran peace talks - FXStreet",https://news.google.com/rss/articles/CBMiugFBVV95cUxPMWwtblUybHZoSUl6R3JPVlVIeVdQQml2SHJEdjhWY1p1NFREZzB3YmF1MEZrVkdoUFdqNWRQcWo0QnRqRnl3cVNYZWdaYy1kTTdQWkV3ZmR1V1NaTGhNQjBiRFZzaXZHNUJ2VzBGWWNlckVhejRWdEd0dUJ6WDk4aUVHM2JodThKNXpIUkdBNHllenU0dVJjTk5fMGlObDFERXhNdlpWZXpmUVlJMkZDazNRYTdVX0JFeVE?oc=5
2026-07-27T18:24:10+00:00,Google News: Crude Oil,True,False,"Stocks are drifting on Wall Street and crude oil prices drop 6% as Mideast tensions cool - Toledo Blade",https://news.google.com/rss/articles/CBMi1wFBVV95cUxOVGtNdFVnRTlSS1hyRmRwSVJwVWt2Rng4V0UxVXZfUk94SkRyTHRoVWFPWEh4T2VYR2k4Rmt1RFhxZ2xvT2dhZXJlQVQ4TUdWVldfb2hiQXFTWFZJWTdXRElwMU1xQ2UyMUpzTEFRWGN4aHNYbS1wQW95MGlhZXFEY1RJVXJKMDg1eGdTUk5JTGs0dllqWkhXWEJ4eThwLXRrdGtRM0ZqdGRnWWY0NWtTdmdJbzl4ZTQ0THZ2V1lCNU4wc0NkR29EV25NUU1xUllVbnc5U25PUQ?oc=5
2026-07-28T03:16:00+00:00,Google News: Crude Oil,True,False,"Palm Oil Continues Recent Decline on Weaker Crude Oil - TradingView",https://news.google.com/rss/articles/CBMipwFBVV95cUxNNE9pTGxaTERkYzlEVFRaWkVVZGFZSmdBWHBwZkpxcFAzdHVmN2xpbWFnbzg5dzdLbURQazRDUjlWYVU2allSUXRjbnpweEFfSHVTYXk4eVdvX3EyVXRIUVctNlNHWVhaMVN5UnhWTU44YlJ3WFY5QVRwVEpaaThUWHZJWUJtMFd4RTFUVWs4RVZRM1JXNHVhWnlIU0pWLVhKRGt0anVWaw?oc=5
2026-07-27T23:15:09+00:00,Google News: Crude Oil,True,False,"Crude Oil buys its fourth peace of the year while the tankers stay parked - FXStreet",https://news.google.com/rss/articles/CBMitwFBVV95cUxPS2RBc0xOMXFpMzNQcUJVakV5UlU2RkpabHdRcUhaSXlyQ0RGMHdPOU10dmN4aE5YcnJtcGFxLXBxanp3MUdXdFZ3djRBQmc3WWRIVTRTWmx1VEVfb2RfQ3hfd1dKT3hmRXlCb3VCTmc3QmhBVEZvWTlIcnlOWmd3Y1E0MFdibWhYaDlxUUZpZFBCenNJNGF2dEVxcUxXZUJLU0tpQmlPQ2xibjZsRU9JQ2lYNGR0WDQ?oc=5
2026-07-27T21:21:07+00:00,Google News: Crude Oil,True,False,"Corn futures drop as crude oil falls and traders take profits - Investing.com",https://news.google.com/rss/articles/CBMivwFBVV95cUxPRmQtc1RQVkdsT1hVZnRqVV83MTJfYUdZc19BcU9vOVl0NnlLMmtLb1l1MTJEU3p4WG9QNXFfbDNRVGx5X2RuMWg2MHJiVi1qc1JVRU9nZ3M4R2tRZkRmYTg0Q0xTSFY1SnhWY0dGbEJvYkQzT1ZuazBaaDJhaVp2WXVtNDlWTHlKdWQzNmg4V1d6RzZhdXlYeDUzVGVwQmJfWUxJQVpnaTdTdEJzYkxCNVE2WmJmZG1TLWY5OVFySQ?oc=5
2026-07-18T07:00:00+00:00,Google News: Crude Oil,True,False,"Brent Lawrence Dietrich Obituary Jul 18; 2026 - Russon Brothers",https://news.google.com/rss/articles/CBMiZ0FVX3lxTE9UaWsyQXVMMzBIUmxKdHhod1RIT1JCc1hmSV9ZOW1XM1ZicE5ZbFZ0UVFvNXFWb0E0Z3FBQVFkZlExZVNtWWFPV0lZbVl6bzl1UTlRVFh5QlRlUGh3dXhLSFhRV0dYWXM?oc=5
2026-07-27T22:01:54+00:00,Google News: Crude Oil,True,False,"US WTI crude oil futures open 1% lower - TradingView",https://news.google.com/rss/articles/CBMiqwFBVV95cUxOTmd0bGp0V0NMQTlvbnNjZ0JscnRkT2JXalFfbDJ3QUxza2Vzd19SdDdZangyYkxCOTc5Q3F3cjA3Q2ZqTXJWY0pVdlBENGRZTERMS2hCX1hWWUtpYlFvbjdFVEk1eWd6d0gwbjVaU3ZNTTJzaEQyZDBYbHVueDFiQUZyb2xOU3BsM3gyeFplbi1OWms5b1I4YkFweUZBemVhN1Y4eV9NRFdEanc?oc=5
2026-07-27T13:32:56+00:00,Google News: Crude Oil,True,False,"NY Gas Prices Climb Above $4.20 as Crude Oil Drives Increase - Finger Lakes Daily News",https://news.google.com/rss/articles/CBMipgFBVV95cUxQQ29aTnphdmRzeE1nT3ZaS1RKd0JIYVJpR1hkY05sM205NHREa3BRbmg5d1A1OHduUXEzUS1VZzk4YjZfNVlFWTNreEM1eDNnSmNKcC1RZ1dmc0lidmVrT3pBTXAyTFVZQXVmVzMyVXZsUVd0a09ZU0dteGJMQ0xmSThqbW12QnVDTGoxMUptQjY2YmRCemcxcXIyVU1JRDRBQ2Y4dFBB?oc=5
2026-07-27T19:16:05+00:00,Google News: Crude Oil,True,False,"Crude Oil Prices Sink on Hopes for US-Iran Diplomacy - Barchart.com",https://news.google.com/rss/articles/CBMinAFBVV95cUxPYnRycWU2aTRuN2FoUTVpeGUtZ29vS1VaUVNQSFFWdFJRb3RlZkNBcm4wSGE2M3BDU096UFJhLXJoa056SXFINHNPUDF3MGczZ0dCWC1wNXpZa3JDN1UxbzFXcEIwV0lrbDFLTGNsdkF0ZldQMThXWkVVQkVVY3MxaUlTaXpmMWpfQXlqbXJZeGczYXRCVmc3TEpFYnc?oc=5
2026-07-27T19:18:00+00:00,Google News: Crude Oil,True,False,"$WTI stock is down 9% today. Here's what we see in our data. - Quiver Quantitative",https://news.google.com/rss/articles/CBMioAFBVV95cUxOeGFQVVNoNjRuNW5uLVdWMERkTmNPVmItb0YtS1BjejBQTERmQmNSbG9WQzJsQk00R25rMGhsZDFseHFXdFZRZkVtN0Ria1BzalB6UFZiV1dBYlFSZHJ6aExZVUNaX0ZITEZ1RjlTbWhpUEc5OXB1UnJiSjJkYXdmU3NJUXVMb0VVVmpSSTJmS0wwdUtvWEN0YWdncldoMEtT?oc=5
2026-07-28T07:25:14+00:00,Google News: Crude Oil,True,False,"WTI Analysis: Gap Breaks Short-Term Trend as Price Remains Trapped Between the Poc and Profile Boundary - Action Forex",https://news.google.com/rss/articles/CBMi_wFBVV95cUxNUkViUDYzYWdueGdlakdnVTE5bmhoWDRtUmRDMmtMNEJET0FwTkUzYmF5R1M1WWlhR213c0ZTZWkwX09yR3ZPRWJQLWJTX3JEeTVMdFF3dExhWHpLVGxVV29LcU9uNVJ3am5KUUoteEtCQjlyS3hfVXI2T1BhTEN4QURBdE84S2I1OHpIaWs1bkdSaUxQeWZ0U0xybUowNFlvTXRxNFlLZkFoRVZfM0hUQjVNSWxVM0NKNG1BVVk0S1ljLWtjQ21wSU1aaWtCZ09wckhCaTVmcFFiTzlQVTdjN0p5MnczUFNKSXRjaGVmaE5lUmFpSVNKQzNZeW8yUWM?oc=5
2026-07-24T20:29:44+00:00,Google News: Crude Oil,True,True,"Barclays sees upside risks to 2026 Brent price view given Strait of Hormuz impasse - Reuters",https://news.google.com/rss/articles/CBMixwFBVV95cUxOWndXX1cwb1gyeE11U29pRGVibFpjeXJuOFN3b016OE9ZRDJ0c2VvcDU3UThQWVZaSUpndXZTVllhS1R3WVNTbjlCTGlrMmZINXpkenZSd0hHSGxrVkQ4bllhOUkwZ0NDb2VwMmNTWllxREpneGxLeTRTU29UdTkxbGRfQ1FEYlNzdlJ0dWMxMHRaV2xiYTlEdmtEMmZwUGQ4ejFVNFNCU2ZFQUdtMHVhOGhwYzB0eHdiUVhHVkhrZTN1eTBJdUlV?oc=5
2026-07-23T07:00:00+00:00,Google News: Crude Oil,True,False,"Timothy Brent Kiser Obituary Jul 23; 2026 - Twin City Funeral Home",https://news.google.com/rss/articles/CBMiYEFVX3lxTE9iZU5iQjNNZm56eVdKcVNhWW5pRjVuV21JZDdGSDJGYzRyclFCYVN3Mm1qVTVIdE9HQ1RLcmJfTWpuYmVmUngtWW1XX2tWR3pONHhXQ0NGWDZCZVVmazhqSw?oc=5
2026-07-28T08:36:20+00:00,Google News: Crude Oil,True,False,"| Brent's 12% surge pushes Asian PFY Higher by up to 2.61% - Fibre2Fashion",https://news.google.com/rss/articles/CBMixAFBVV95cUxNbUlIaGRaeXBJSzBlUmZqb2FUNkJJbklnVldzSDlhMTR2dEZiYklEVkNqMFF6bzYxd0hBbDhsTUY2UWdGRGRveVFuS2xwUUdFaWJ6a25DVi1jU2NxbFl0cXJ5TmM4azdfWnVRN3RFekp6aXNZUG54TFp5am1sa3k4Z2pNbWx2aFVDaTBpYzNWdXpXeE9ma0h6TS12dXlBdGhXV2w4WlhQalRRRWRGVEd5UW5xNy1CSlc4RlpUclh0bXM4S3pw?oc=5
2026-07-27T06:45:00+00:00,Google News: Crude Oil,True,False,"China's Crude Oil Imports Surge - Crude Oil Prices Today | OilPrice.com",https://news.google.com/rss/articles/CBMijwFBVV95cUxPUXdfci1zbGRDNXVncTc3S2hxb1l5U2VtU1dGRmk4Q055MEJKaExBRTFFT0k4SDc2OGZEVC1aVGhUZDNyeHYyVC16eW9FZExYV0wtZnBqV1V2Z09vcHlCTlAtMXVtOF9ZenZ0NTg4QVQ4WVZ4NnI1R2tDaFR2ejZjQ0JHQVF5amN4WEpibGhjZ9IBlAFBVV95cUxNa2FWMDlWZlZBckctRWN0OU51Yk9yeF9SRE10RHU2RmdjQVRZU29La0dXa0xfc25UVzByNW10akxBMzM2LVZka3YxSDlCRlFmVjdKSkEyQkNzVVJCdWU3RGpKOTIyY1JHMFp4X2NQMVM0VUdJUUxtQnA4V2c1Smp2UFFvN3RVTzI0ZHVDeHQwLVdIcTVU?oc=5
2026-07-19T07:00:00+00:00,Google News: Crude Oil,True,False,"Oil prices rise after Trump says Iran will pay for killing U.S. service members - CNBC",https://news.google.com/rss/articles/CBMilwFBVV95cUxNUWJOdlAxMFllcmZ2UnVya3JXdnAweEYzLXEzRW1SSFdnRElpUzlDMXktZzZ4ZmZfMDZkeXFZTHprWkRWdnB4VUFWdnJwYXozRG96MmJSeHhhT3lwSzFha1I4Q21rYjl1UDBsbDFCbkZEMllxMjRPQ0dRODBvLXB5NzNUcm5zNGZaR1RxR0o2MzhOUzdYdEZZ0gGcAUFVX3lxTE95MzV5TkNRTGdaYVJaX2t6eHFTRDNmV2xtQl9jcVV6YXNWNkRJNzd5OXdIeWQzUmdJaFhDNDB3YTZrVy01aFFlZWJ4azNPcHhuVldtUHJvdEpYdXlhRU5xbUdhWlRuZl94VGpMdzZ5RktieU04LXlITUQ3TGRQbE1PQkItVjJWZHVfQzlfZ1NBeEFyamhKczdSeExTWQ?oc=5
2026-07-28T02:17:28+00:00,Google News: Crude Oil,True,False,"Commercial crude oil inventories increased by 2.0 million barrels - Cyprus Shipping News",https://news.google.com/rss/articles/CBMirAFBVV95cUxOdklTbGVWdGwyMGZzaWhsRDJqSkRJczVwZGtRS0hCV0xqSG5TV3hrWVNyZnhKaER3el9FQldSZjgxSEh4VlpXZUg3NzdzNkpFNkFBcW9pRkFFRWkyalhXYTJlSlV0TnZpLWdlbTM2eXN2d2lra2FLQmVVeTNobDlybmFKd0tkenRGT0s1dGhRUFNiaVRRMkV5NXdrX3N1T1dITmhUVENvVzB1S1cx?oc=5
2026-07-27T20:50:00+00:00,Google News: Crude Oil,True,False,"Stocks drift on Wall Street and crude oil prices drop as Mideast tensions cool - Charleston Gazette-Mail",https://news.google.com/rss/articles/CBMi_wFBVV95cUxNN0Y4QTZTYk16N09BTHllenRmRHNhNnYxSGI1UU5zUExsMHViSG1LbEJ3WGxSMFZLSklwVkp0LXRlZWdFNXdXUS1WdUI1Rko0Rzl3Q1BaY0FDSnFoMDlJLWU4YllpZTRsNFdpSU5sUkIxNzFOVGJlWFpRc2x3Y1ltd0x0VmNIYXFBTnFBZ1ZUbW45SUFjM0diX1dzWkJSMVZBTXV1VTZBQ0o5SzRSenA0VmZjMC1ZY3VUMmVtS3E2VjNzNjR0QklZZzA2OXlCOVRmT0FNRGRFMXNhWWRCY2d4REF5V2JuYUFxS0kydHRJMjJYeEpZQzJwdm9hY2JSNlk?oc=5
2026-07-28T05:33:00+00:00,Google News: Crude Oil,True,False,"Stocks drift on Wall Street and crude oil prices drop as Mideast tensions cool - livingstonenterprise.net",https://news.google.com/rss/articles/CBMiyAFBVV95cUxOelplMlY5SkE3bWJhTnVqWFBHZjBnVnkxb2dValJFTWtLbF9SeFNzeUhoS3ZyMGZld19OdU5uTWtHYlpjc2FOdHVjQmUwUnZLeHZVLVNISE1DckRXRWh2UElTTXVDQWRDckp3cmN4Vkd5bTJiN0hIM2FQWmpkTXdPSjQwRnRob1l5TkR6UmlSRkU4QUVqNDZrZ0FIemZFdkM3SUcyaC13MS1JZTJ3VDgxTHlXLVBCVmhGeFM5TzN2THBnMWtjZmUtcw?oc=5
2026-07-22T19:54:33+00:00,Google News: Crude Oil,True,False,"Goldman Sachs forecasts $120 Brent crude oil by Q4 2026 amid global instability - Fox Business",https://news.google.com/rss/articles/CBMiW0FVX3lxTFBfN2lDNWNhX2lYQ1hlSFhLUUQ5VllZQjhNMEE4Ml91NzF4cFV1TVdaU3ZmTmlIODJqeHRBX2ZZckRfX2h0aGY1bGRMUy1kOE02eFlGblB4MFpWQWs?oc=5
2026-07-27T05:39:05+00:00,Google News: Crude Oil,True,False,"Stocks are drifting on Wall Street and crude oil prices drop 6% as Mideast tensions cool - The Seattle Times",https://news.google.com/rss/articles/CBMi1AFBVV95cUxNUFotanRGS0ZpMnBUbzJ5UDcwdmRkSUdUZi1RLTVhRGxlN3JYSU5lTTFmak9VRlFMVUczZmRJcU5IM05CamFPRkItelZ5djdUTlQxZGoydVBocTN5RWJDMGxoUTdZSV8tQUdnRUstcjBIazlLVmp0Rl9pYlpBNVJhNlVuZGlYTnFVSzVyWi1ISFo0R0RUMUFQbkxUTmxnOTN6NDFJWXRzcGlLeGUxbXFPNENlQXNzTFhPSF9lc1hZb0YyWWMtUWJBVjM0bnVqSmdkTUtNUQ?oc=5
2026-07-14T07:00:00+00:00,Google News: Crude Oil,True,False,"Brent oil structure changes to reflect mounting supply risk as Iran tensions flare - Reuters",https://news.google.com/rss/articles/CBMixwFBVV95cUxNNlAyVDlDN1dDd0JxZVdFRE84Zmp3anJyaWxIajl3T092MkMwZ3JzM2tjZElUeDJ3bVdhZWZySjJPM1VnYmljbEdDS0lJcjhPbGdpUGVweXB6azdTdUhyaDJCX05mX3VHZzBEY0JXa185XzRBQnpZUUF6SmZ0Yy1vVWhYa2hOR1p5cmYzMVhQU3Rpc1NMSllFX3VEeldtWXR1VWlzT1Z6LVBvRWoyMVRfS1daVmFRWjJfdE5WUEJuN3FzWGtfelFZ?oc=5
2026-07-28T06:46:57+00:00,Google News: Crude Oil,True,False,"Speculators add net-long positions in Brent - engine.online",https://news.google.com/rss/articles/CBMihgFBVV95cUxQZ3p4R29YMGFGb0tsT0YySHUtX1VrOHd5WVViRGNIQ2U1LTdqTFp4S2M3dFd0QlVzcTdBeE1LUUtaTWlXRG5EMVA3OWlnNUNrZ19VdHZ0MWdzU0lsX1c3UEFYcTE5bHJxVWZGOWFrMm1xMXpjTG9SUVVXTDZvU09qNEFfWFlzUQ?oc=5
2026-07-27T11:43:07+00:00,Google News: Crude Oil,True,False,"Crude Oil Price Forecast: WTI and Brent Pull Back as US-Iran Negotiations Resume - FOREX.com",https://news.google.com/rss/articles/CBMiwAFBVV95cUxOaDRlQy1IY1RkQ21vQ20ycTVtMXRhaFlYOVhaWGNlX2lMWHV6YXRBU25wMmZjTlNEdmFSZ3VaNlBIVFFhb1Z0aWRxV3NUaUE1QlRkX2FZYXFUd3VhbGJ6YVBEOFJWUGlBU0FQQVdzY3ZVandLWmZYSHRJaXdUMUxNb2lNQ0lfSXdEZGlETV9URGZOWmowNDRNa3M5a0VPWTR0aDdxSDhPLWs0eUhWa3pJd2c4TVlOajNnQ1BmZmhRdGo?oc=5
2026-07-27T23:26:21+00:00,Google News: Crude Oil,True,False,"Brent Edges Lower as US-Iran Talks Resume - TradingView",https://news.google.com/rss/articles/CBMilwFBVV95cUxORmhOcFowaWZzMXBqMFBhRjFESWV1R1loSVRsUFdDY013N09Hb1ZVazhPSjl4TjhZSDNSR3pZSEZoaWV1YzQ2b251N0tpQ3BjbHNuV1BpSVN1SXM2Q0E4WmFPS083SC04aXFIbVRUWVBic0EzSDJlS3dDRVJINmpBcy01bFhndXl3allSdFVWS1lWRkdvTktV?oc=5
2026-07-27T13:36:38+00:00,Google News: Crude Oil,True,True,"Crude Oil Sinks as China Joins Ceasefire Negotiations - Barchart.com",https://news.google.com/rss/articles/CBMingFBVV95cUxNOEIzWnJVc1g2aDVGUDdtLVVRckxqY2VyNXM1bmtudGdIYWZQM0xOSmllaDlFZVhFY3ctNHBfaThKcVgwWThfYjFDYVdhbU9LclZ5U3d0WXc4dFR3RU9kUHh3ZFU0QWFjalFRUVNEMXlaOGY0LTBQS19ERFRyeW9jYVdLRV82Z3JlclhGWWx4OWZsWHhFcnpHeU51ZGhPQQ?oc=5
2026-07-27T16:45:42+00:00,Google News: Crude Oil,True,False,"Stocks waver on Wall Street while crude oil prices fall for the first time in a week - huntingdondailynews.com",https://news.google.com/rss/articles/CBMihgJBVV95cUxQMzlZZWxsUHZsU2hNRmtnenhRV3UyeU1ZX0ZWemVYSEVUWEV3cGNQbGRfVHpscFdGZ0R0OE8tSlpLTzQzTF9uMGRQWTYzUUYxTTE1M3Rtc0J6MXdWOGlDcm5RT2I4N1F1d2NHV191NGc3aFBvSFVTNE1FTnNUVms1NWQ3UFFWMlR1aElGYl82SmpuWHJYR2FtUVpZdk51WUpKM093elRiM19YeGRrZUw2RENDV0I1ODJpekEtNnVXbzRrWklRdG1qNjhTR2pTRk9uWEtsSTVqWVRKX3BKWmswcVp4WXNseVNoSHNGWWw4b2JYZ1loa2xzWHVWWkJ3bEVnb016QUh3?oc=5
2026-07-27T14:37:53+00:00,Google News: Crude Oil,True,False,"Dollar Pressured by Weakness in Crude Oil - Yahoo Finance",https://news.google.com/rss/articles/CBMipwFBVV95cUxPVGJ4eXp4RTFqanppdmZZMm9xeWJrMnAzeGhUVkpIVTNjeDd4N1dTbXh5RVJRdmZVVlNVQVBQQlVxaXNVWTZFR1ByRTZidnhxaFBOdzkwcmpELVFyd2o4MUhpZjJydDQ3QnVXNmN6N05RYkJDNVphT0lZYXRBem92UHk5dV9uTzEtV3lhZW44bktYOTlyNlUwb29DQjBpZE4wSXc3TWVLMA?oc=5
2026-07-28T10:31:00+00:00,Google News: Crude Oil,True,False,"Forecast update for crude oil -28-07-2026 - Economies.com",https://news.google.com/rss/articles/CBMioAFBVV95cUxQUmdfaFljWjlBOUQ5MmZQdWF4TnU5cjgwRVRLcWxQNVIwUU1UNmRCQlRUbFI5V19pbkhvSWx5amdURjQtNzVtbkVUQVE0YzEwRmQxMmhGdXdwRDU0NVZ4RS1zX0dQQ1FKWnhONzMzLU1IazlGVFR3ZlpHUWptMmg5NjVwWGlGdkpQM1BRVUFxclJHS25nb2xHR2lkMzh3WFlO?oc=5
2026-07-13T07:00:00+00:00,Google News: Crude Oil,True,True,"Oil prices rise as U.S. launches new Iran airstrikes; while Trump abandons Strait of Hormuz fee - CNBC",https://news.google.com/rss/articles/CBMijwFBVV95cUxPUFp4M3l1OG8tUnZQelY4Szg4TmxlblAxbUVLOGYyajUzYXZIbHd0a1pGOGNKWnZKUE5lMzl0WDlySmJENUdWLW1jVXU4WlpfdkRqSU9nRk5JV09zQjRTUnFzTlNSYVItQjd3bkhoYmJGMGU2WkhjM1NOMVgtOVdIbDFVWk1MeW5CUmNEaXBma9IBlAFBVV95cUxOUnVvcWs2VDdLVW05bHZ0d2hRckdoNzBNOTJocFBxakQ1Tkw5d24tcFQ2bW1JdkpDN1ZUU0dNYUNBZ3FOQmFrbzlEWGlCZ1dhb0tnZ05kajMwRkgtb09HUzYxRUtMRFc5VEJSdThHcEd4VWRBcS1nMFM0aXR3aGVxbUNoRkYyd1MxenpQcEZReXpsUlBi?oc=5
2026-07-28T10:36:00+00:00,Google News: Crude Oil,True,False,"Forecast update for Brent -28-07-2026 - Economies.com",https://news.google.com/rss/articles/CBMiowFBVV95cUxPU1pCTlpmclJWNHRuakp2d001VWdIQkZQb2xmSWY1T0ZmTUR1S2tleC0yTHRSTHBWNWF4NFhzMmMzeWZmbmFLTDlQd2p3YlhQbFluSTBlNTcyVTc1MVRSVTZXVnBabFJKWmgtaFk0WDBtZDZ0RmtvV3QxWHcwWjZwQW5PdWRGaWZZVjg5WTdKQmxpWFRfZE5velQyTEM0Z0UwelpV?oc=5
2026-07-27T16:24:58+00:00,Google News: Crude Oil,True,False,"Sugar Prices Retreat as Crude Oil Plunges - Barchart.com",https://news.google.com/rss/articles/CBMijgFBVV95cUxOYnZMcVUxYXg1UXhYd1NRdFFMUE5abzZwLUEwUWdoM0sxWTVjX0FTWW5CRk9CMDlQWlFKbHdNd3g3amN5Qy1OMG5DTHlmMy0zU2VmemNmeDhVcU9tckpFVmZRLTFseUU2aTBUQmZVVmw2WWc0U2JzbWtfNTY2R1E5bk5ob2JwdFpzUEZLV2d3?oc=5
2026-07-26T14:06:48+00:00,Google News: Crude Oil,True,False,"Oil markets are on edge again - The Economist",https://news.google.com/rss/articles/CBMikgFBVV95cUxPNWNyVjBGeG1ER2gyenUwcVhSZnA5bWZTdlUtWHIzT1Y5bVZ5OS0zOWttVDlJY21keWIzYzdGU0NodGNaQlZOemlubG1QRkdud2VWeEpmYUJEYnF4c0lPUTRtcFliMTgwS1RsZmpHTElpV2kteEtkLWFEZDlxX24zcG1iSEc1WTdYMkI4SlN1WmpIUQ?oc=5
2026-07-27T16:32:00+00:00,Google News: Crude Oil,True,False,"Markets Mixed As Crude Oil Falls - Seeking Alpha",https://news.google.com/rss/articles/CBMiekFVX3lxTFB5dDFONnVJQlZNWnVyb1B5V3p0VmQ1cFJsYjJScG5YaTMtZzk2ZE42enYwdXpoN0g3bEVPVVEtR3FIc25OLWhqeDNqR3BJMU9sUlNwQ1Z1WGdRX0pOdElBV0M3ckYtS1MwREo3WFZJT0k4THhPemFzSjVB?oc=5
2026-06-11T07:00:00+00:00,Google News: OPEC,True,False,"OPEC Oil Production Falls to Lowest Level Since 2000 - Crude Oil Prices Today | OilPrice.com",https://news.google.com/rss/articles/CBMirAFBVV95cUxPcHpTeDBobm9aRDByUm1WemFfVmV2TFZiNFdCRGduYzJPbXVyaVIxT1NMSnUxTmpheGp2R3JYdmx3UW5DS3A3bmhVYWdXY25hcmZQNUpyUWJSNFBZUVRmMExrM21BTTJ1ZUNBV1VmVEViNUt1d2ZWTkxmREV4NFAtdll0UFFPWDRWRzFpMXhENmh3OEZMeUdBYTl3WVFPdWNWc2Z1bnhlRVZ0Vjl00gGyAUFVX3lxTE5YMUxqS1dJcS1XMXNvNWphNkZCdlBmTEZWUksyemdwU1dkeS1UMGVBbWpNcXp2ajhiZmxVS3hiV1V4SjJ3MHJLcmNjR3BWSUlYckpadk1mYkNxYVF5Q0kzdUQyRXQzT3U5Y3ctYUo5eEhnTjBvZzRjbnlUeU5xWlpsZkh5YlZxWGxQdk12aVczMFlfdjZYLWM0SnloZlUyVFpRSklHUXZDbXRUMWU0d2N0UVE?oc=5
2026-06-07T07:00:00+00:00,Google News: OPEC,True,True,"OPEC; Allies Pledge Oil-Output Hike Even as Middle East War Chokes Exports - WSJ",https://news.google.com/rss/articles/CBMivwFBVV95cUxPVWtaR2locV83bWJGRDhfd0tHS1g5WGQtNmpqZ2VTN2VqN29rRFNhN3VJanVjWGVfU1NiYTRUNWxkQXRxSnhKMzYtc1Y1VEhieDV4UHZUR2xxX3NlOGtwVGI2YlczR2FVNEwxc21COGFueHFaV0FtMVlMdlpDWTNoMFh1N1pfUFN6WlEybnRZZ3dKY2o1czRoNkRrVzN2b0RBX3FFRVphbUhUZmUtUGNrMlBZOFBsd2REeUZfUjBLWQ?oc=5
2026-06-07T07:00:00+00:00,Google News: OPEC,True,True,"OPEC Plus to Boost Oil Production as Ceasefire in Iran Remains Elusive - The New York Times",https://news.google.com/rss/articles/CBMigwFBVV95cUxON3hsLXhXeFBiTVhtR1BDWVR5cXFRUzNDQlJUeW00dVVIb21ZT3BLYlNmbURTXzdGWUVZOWNTRERsWXZKLWZYdmhFaWNxT1NDUTRRUW1GS3h1ck9jVkNEWDhzeEhJQnlKWVpyblJDbnM1bkluRTdHYWU2MUo4OXZWdzBiQQ?oc=5
2026-06-11T07:00:00+00:00,Google News: OPEC,True,False,"OPEC again lowers 2026 global oil demand growth forecast - Reuters",https://news.google.com/rss/articles/CBMirAFBVV95cUxNd2ptb2tWRXBxcFZOUjJ6NXRYUGt4Ynd1VzdzdDlOalhrWGw4WjNWZHNYRUxoenBzYzE1TzNWTnY1NGItZTdXMzE2Ny03RTFmLWltQ2pEVTNwM25peTZPU0dPZG9iMHRzUVQ1VGllQ3lxdEtjMUFFSldpU3paSWJEdHlsS3I5SkZjMHI1ek5nVzQ0eTM1bGkydlRjbElncDJTN09URUlTZjJ5dEFt?oc=5
2026-06-08T07:00:00+00:00,Google News: OPEC,True,False,"OPEC Approves Another Oil Output Hike for July - Crude Oil Prices Today | OilPrice.com",https://news.google.com/rss/articles/CBMipAFBVV95cUxNNDVQdlpaLXc5UXBxWUplRW8yUy1SS1d4T19SZWNkQWd0bWtLaTZ4eWhON25GLVl5RTd2UnpGaFpWNTdoT2hKdUpLMF9RWWwxMkVfVDQyYUpxLVlFQ1JDdDF4ZUFfaHZEcUpLQ2loMWlRVGhNUlhYZE1hV0lWNDVETHBzVEphaFo5WWdnRHoyWHZDLVByRmlzOXZ5MUxsR0VrNURWddIBqgFBVV95cUxPMzVWa2ZKdVFqR0M5VWhLOUNDdjBfejBUQzgydEdwOE82cXRiMFY0QkQ2NlBsRlBZb21XaFpqeTlWTXVUaVhsbUU5WXJDdG5lOE56NkpzckNxR0FCcnQ1WEx3S1RCWTJWdDNTYVBPZWdQekpoNS1kclRKVzhyVUVlWUI2aFMwUkJPZGdWa3ZGQlJtYXZ2ZE5ma3NXQXF4TTlmVDVFdVNTQ2lZQQ?oc=5
2026-07-23T17:32:58+00:00,Google News: OPEC,True,False,"OPEC+ likely to again raise oil output targets from September; sources say - Reuters",https://news.google.com/rss/articles/CBMitwFBVV95cUxQTU93Z2Fkc0xuTTVYTGlzWkxXbW9YTU9kX2lwa2xXeDJMS1RnZ18yM3drMEpEM0dxWmRBcWJkR2dSSGFqV3FsSVBvdXJzbW5fUm84TDI4THVRWDJpNHNzTFAwUEx6THl0ZnhuUVc1SERMSWtnMEd0YnMxSVptU1EtX2lmV2VSeWpIR2JlQ0Z1ZlY1d201NDI1b1dCQ1N1d3htLTZ6N1FXXzFjWkN5VlVRLWUxQlJFaWs?oc=5
2026-06-10T07:00:00+00:00,Google News: OPEC,True,True,"OPEC oil output lowest since at least 2000 as US blockade squeezes Iran; Reuters survey shows - Reuters",https://news.google.com/rss/articles/CBMizAFBVV95cUxNX0dpcExhb084QkNZaXFTdWVRYTR1dElOeWFDaGZhbUhvMVFZdVo1ZFh4UFB2YVZUZjVtUzI0d25kanJOZXV4RFZTU24talNlN0hqVFMxbEhJZ0loR3haOWszU3MtdHdiSDEta3Z2M0tEN1p6ZklyTmplN1ZNdTkxc2VISkFjY0xsY0FmZThPd1RmMlp4cU9lVklsQmJfby1CM1AzajNrcndPN2h3bnpELU4ySzVIaFIyVC1zUWxoSGFaMUYyV0NGcXdMVnQ?oc=5
2026-06-07T07:00:00+00:00,Google News: OPEC,True,False,"OPEC+ approves fourth oil output quota hike since Hormuz closure - Reuters",https://news.google.com/rss/articles/CBMitgFBVV95cUxPaWZrV2dPZ2xjY0NWT0lIUFVNeUlJZ1I5V3BsdkU0X01tWFVHLWZWTVBQN0pHeHNGZF9fS01BY2RrbWtLWFcyazR0bVNOWERwQVFBYjhHMFNZYW5XWHNRM2VWZUU2aFpTd3IzRGhiVUZHNUJsbWlCb19CX19SUG5DOXozd1cyak1RdUFhS0FtaUYxMG5xNGtfYW9idFhNWGRUd25PeUFYTWJJWVhqeS1lNUJHS3pCUQ?oc=5
2026-07-28T12:32:04+00:00,Google News: OPEC,True,False,"OPEC+ Likely to Pause Oil Output Hikes After September - EnergyNow.com",https://news.google.com/rss/articles/CBMijAFBVV95cUxOUjZ1TDVfaG5OYWt6Z1N0a0hQRG1wQkVMaGlyM2hvSjdhSDFzNkIyUk5aTzF3eWtnRHFXMENoaHFwdkUtNGhvcVhUYXZ1REtCaF9mdFpVSkRRbmowTFdGTkI1MTdHbV9BOWl5emlVeG0wNjZiUGNfV0gyb3JyNjRnaHduZzNYdy0wc09BQw?oc=5
2026-07-28T13:33:43+00:00,Google News: OPEC,True,False,"Sources: OPEC+ Likely to Suspend Oil Production Increases Beyond September - صحيفة مال",https://news.google.com/rss/articles/CBMia0FVX3lxTFBJamFXSlVaSF8zdkx0UUxRMUllcml4bmE3QVM0b0pPQXp0OWh0T241WmV2Mms0LU12TERYQU9wc3N3dVZONHAzSTNPVmhGSFZ0V3djU0pyU2RFREx5TkluX3FvRlRvNFkyMnc4?oc=5
2026-07-05T07:00:00+00:00,Google News: OPEC,True,False,"7 OPEC+ countries agree to expand monthly oil production modestly as prices slide - AP News",https://news.google.com/rss/articles/CBMiogFBVV95cUxNUUt5T2hYa3VMNTRLSEI4Nm1RMVFLazlrWmxPb1RVRGJGaDZ1SjdkNzlIZmtPVFI4bTg0b2ZrcW9namNyVEFza05CQ2dzMGtGLVFNbnZGSmhaOG5wekg5anN4ejVScmREbUFMWVd4VVZULVV3dmstWjdaSVY3YzIybGNiLURGQno2TE5rbzN3Wi0yNWtwZlJmdjRWUVBiNWQxRkE?oc=5
2026-07-06T07:00:00+00:00,Google News: OPEC,True,False,"OPEC+ countries say they will expand monthly oil production - Al Jazeera",https://news.google.com/rss/articles/CBMiowFBVV95cUxNTzkzbTF0aHk0V211bnNYM1NsOVZ2Uk83T0J6QU5iNm5sRk0wblR3VU1RQnRPZzUyNkw2U2ZkZ1FUb19IUjg0Z2E1WTlnWDd0M09ULXhIUVprTGw5LWJ0RnF3a2puYmpRMjdkV2pVSjBWejFUZWNxRk9NNUp0clB0alhLSUtQQ21MeDE1RXBhM0VBUHoxTGowUzhRaU5jeFVfTTd30gGoAUFVX3lxTE16Z2hhWXo5VU53Q3FrcGp1SmZjUERaQTBKbGU2R1FXQ0Y2OEE4eG1xWkd4QXVwQlNyWUF4anE0T1ZSanNLM2FReDNSZ1lIRE9LUU5VYkFwZms4c0lqS19TdE1adTVvT2RMT0JDZUdibmNLN0N1TjBUS3NtN0hud0Y0M0pOODMxRWtpSzhLTi1nRFZ6blNxdVlVckRhdURSMW9qQUg3dnJQLQ?oc=5
2026-07-28T11:33:00+00:00,Google News: OPEC,True,False,"OPEC+ Plans Quota-Hikes Pause After September; Delegates Say - Bloomberg.com",https://news.google.com/rss/articles/CBMisgFBVV95cUxOSzFKSThQZ3dhZ0Zfd3BGeU1HR25sS01UYjM1QUh1M2JjcHJzb2dscTRnX0stOGVCT1JOT25CNnp5WGJYQWhKUG5IYUM1c1pjZE45bHlVSmtWUVFEV1VIWmFiMmw1STliRDhDdGx4eDdBdTJRNlpiVFZMSzNueDNlWk1WaFJPdzg5VE9hQzRCNy1BT2gteU83OTZPUFI2YzltOWJTWHNZX0pyVzdDSlVXX0ZR?oc=5
2026-06-23T07:00:00+00:00,Google News: OPEC,True,False,"UAE’s exit from OPEC+ reduced the group’s share of crude oil production and capacity - U.S. Energy Information Administration (EIA) (.gov)",https://news.google.com/rss/articles/CBMiY0FVX3lxTE9ZbFJINXVuS09xYzVHWlNIMTFINFlMM2tFTEFaejREVzh4TkRPNDVTcnc4bmpLNTRTZkJONEdCZ0wwS1ZmVWh2OHo4VXQyeTlqQ0NyM2IxdjVpUVNVNi1XZ005QQ?oc=5
2026-07-06T07:00:00+00:00,Google News: OPEC,True,False,"OPEC+ companies slightly boosting production as oil prices slide - The Hill",https://news.google.com/rss/articles/CBMikAFBVV95cUxOLUtoeXY0RE1sVHBfYlhnNVp4aFdMczlncjltMUk5WEdocGxqdTg3TW1NTS1sTWRMV09UT3VOb25UVjRwNjhrV2RUVkVxanhWVFh4aVdya3pDZkxoWWxNa1haUVh2R2JfcFZmcWQyd1hVX2ZoMnM5eFBweGpBS3NrVFBnMC1XMTY4Wm1wQnppdXjSAZYBQVVfeXFMT3FMWDVjNVRTMzI1LXVPSGg0VHdEVmdfWVRfUlZuR0lIMVFMdGtWclB6NVBuYkhZSkZmdTd6b1NWRGhGNlg1Q19XbHQ5MmJCOGI5a0JJb0RUT1kwVDEtUXFVSS1pcVB4UDd5em9GWVdidlBXeG4tdi1hOVJfX2RQU1ZFSEIxOGYwc0gzMG9ObWhua2NTWkp3?oc=5
2026-07-23T22:00:00+00:00,Google News: OPEC,True,False,"OPEC Set to Raise Output AgainEven as Members Can't Pump It - Crude Oil Prices Today | OilPrice.com",https://news.google.com/rss/articles/CBMiowFBVV95cUxNSDlPOGFaYVhuT2RSc2ZVVFhjc05QOHA0M3VSZVBXUnhCQXVCWGVVbWE0TGtSS1k1djU5emI5TGR2ZmtvY1BHWjdTN1VGeWE2SllOSXhpOENldGJDQWRlSU9ia2pXRTAzWGNuYmdpaF9jMHVuV3h3alRPeDZzbHR2czRYMkNyYVRLM1hMVEpfT1dzVWJLZm8zZjg2NUkyeVJwaURR0gGoAUFVX3lxTFBrY3BNTUFkVG5UbkNtaDJaamE1UDNlYkQ4aGUwRW9fNFRXMHNfN2dQVXctRzU0WEZ2cjhSeGJnYjJxc1E0Y05YMVRYTWVmQlBLRGgwWVBHNWdscnAyTEoyY2VQWVNRaGtlUktQWEhuUmVDd0NSNE02OVRGR0ZJd1BmSmhlUE5OTFRiRTNmbVZaZ0hSb1VCeHBhQ3FTb3NHaW5aa0VLRktHbw?oc=5
2026-07-26T06:18:53+00:00,Google News: OPEC,True,False,"OPEC+ likely to raise September oil output target - IranOilGas",https://news.google.com/rss/articles/CBMisAFBVV95cUxOY3NVMTdqMFdCaVFoZzBZem1nMV9mcmJwQ1psRDhfcmt6NkxnMTlPZV9CR012NW1HQkdsdHJZRDlhUEt0NWppazUxMTQzSkZpdzJLNHFLb1Yta25rdHBSb2RNdmdJenhwMUIyZTA1akh4QllpRHp2Ym5JU3RTS056M01XdVgyRmdXVHp6bzZEMEtFRzJ6MC1OcFhZYllKNUVGeU5nQWJCd0o1Q2hFUWFCbQ?oc=5
2026-07-06T07:00:00+00:00,Google News: OPEC,True,False,"OPEC+ boosts oil production as Gulf exports recover - africanews.com",https://news.google.com/rss/articles/CBMikwFBVV95cUxNRDI3dUJmR2ppMXFkam1teXNoLVBXajJKWEF5dGJBb1czQk9CTldvZDJkd0MzNjRMWVFTaXpFZWZsd0p3MVdyaFJCeGN0RWkyTEw0c0ZMWnVPUnlZOFVSY3d3QW0zYkF5cTNLLVRyOEpvTGg5QmJrRHVreUVmWVRWQ3RxMGhPOVpiR1dyUEpnQjJyb2PSAZgBQVVfeXFMT044akl3MUR2d3JVQnN4dmVadkh5cTE2b01rbU1WOTBDelJUS1ZHSF9EWFFKcTNHWXlkM2x6WkVwbDkzQmdNYnBmbklWMElTMl9rOW1CLUV4Rkp0RXdiV0hfeG9peTFNc1UxNjhYLVFJYXpkVkFsNTBJeklaZUhDRm9JTXZ1cWtXaU5OaHRRZ01DWUJUNl9qVzU?oc=5
2026-07-10T07:00:00+00:00,Google News: OPEC,True,False,"UAE oil production hits record high after leaving Opec - Middle East Eye",https://news.google.com/rss/articles/CBMijAFBVV95cUxPc3VQVWNabXQya2JCT3lvOVM4VzNTNDFmTlN1c1hSbW03SjMtVEUwZk05QjdxOW56ZlFBOGVSenpjUGZQWXk5bVRiTGZ5X21SaEVGUWdBQ1hISDJQS3hqSXk2S0IyNVpPVEVJYmc0LUxRck1LZ2xSdlJnRkRhQ3hCaUF1Yjc1R0poOEFLNw?oc=5
2026-07-28T08:29:48+00:00,Google News: OPEC,True,False,"OPEC+ plans a 188;000 bpd oil output hike amid Middle East tensions; WTI nears $80 support level. - Pluang",https://news.google.com/rss/articles/CBMipgFBVV95cUxORndrQjRlekFkdWx6OTBtbFMweHc1Um5fNHl4ZXIwVllLaGtZSUx2QVhlbWZRakZRR1IzNERjMG5VcWNRMXRQTTA5ZExNdEpuTzByWVNSS3k1cW10TmVrVWNtM1JpSHVoSkNuQ3ZzeHphZU9TN2wzdGJ0ZkFScE9xNkRBMEYxS21NcXFzWm93WE1BbFJ3cXFNbERycUpaZFFER2pqVkNn?oc=5
2026-07-27T12:31:30+00:00,Google News: OPEC,True,False,"RANKED: The Top Crude Oil Producers in 2025 – Visual Capitalist – See How Countries Rank - EnergyNow.com",https://news.google.com/rss/articles/CBMilgFBVV95cUxQc043cHk1ZjIxLWc2RVJUX2p1NnRHMmpRamNpNkVJNTBkNjliR1Z4amtCdkdVUzkzUnBRQ2ZpWFhHdGRUUWtybzFieTY2ek9qazdPaG5Ec0d3akx6a24wMlYzaDdnbjZrbmNVdTdZdXZSYlhGTVFUOHJoTGZhQ1RJR2tyaDNGckF0OWM0QW1ta2lVbnFoOFE?oc=5
2026-07-09T12:05:45+00:00,Google News: OPEC,True,False,"OPEC Is No Longer Relevant in a Changing Energy World - The National Interest",https://news.google.com/rss/articles/CBMiogFBVV95cUxPa19zM1BLb0xEam9lSnhXVG01cmliTE96SzRqelVFZmRXSkRNejV1QjVUc2x0V2FpalRhVFZfVXc1RmdPVlQwcmo5WkpZLUR6SWVOYTdna1Fid3hSbWI0RzB1TnlYYVBfWDhfS19pcEMzWU5HNy0zQ0pQWl8wWWk5V3NHYmlrNUliSDM0RFd2bnloY09EbTlXVG1WOWstS1l3U1E?oc=5
2026-05-03T07:00:00+00:00,Google News: OPEC,True,True,"OPEC+ announces symbolic oil output rise during Strait of Hormuz closure - Al Jazeera",https://news.google.com/rss/articles/CBMisAFBVV95cUxQOURfSDlkd2ZxS3NIWFlrSVFqMXIyTDZTcWgzVTE1LTNmdVRMbWxWdzE2R3FnWlJwV05PN1J4WXpHemdleVUxeFJLczZNejNsVTBVdjFCak5md1Vmelk2clVtSzhDQ25CSjZibWcwUlpxZFVKdUt3V0l6aExJaThrQURTTVJsRkFVb1F4bjhTang0SzRRd2RzR3NwQVNyTV90RTY4UEtQMDV0d2R3RWpwcdIBtgFBVV95cUxOSkF2UEUzR0tESGpMZjV4bkQ1RkVEXzBYbElqbHJLVHVnWlBWY1ZQNzFDVVg1em1DNVdjeTlTMVVuaWtPY2JKRjFfX2dmVURMM1JCenJSVzZxaEJIOGRUWU8wV00wenltV01iZ2FOcVdtUkI0LWJuMUJmaEs1eUNaZVAzWlBDaklwM1AwSGN2R0NvemlZYkRQWUNHazdfaEtocnJCdVF4RG9EUDdLeHR4RTYzamVqZw?oc=5
2026-07-05T07:00:00+00:00,Google News: OPEC,True,False,"OPEC+ approves further oil output increase as Hormuz exports start to recover - Reuters",https://news.google.com/rss/articles/CBMiqgFBVV95cUxPY1FJeFM4MnVqdWlMNmZ5M3pqUDAtcm9PcVg0SFVxVHh0dW5SVmhSN21WWFB1MDQ5dDdsc3JNRGxPRXE2bDdhTFVZdHhXdExvSE1KSklESjRUeVZnTUdCR1ppU1FhaVN4WnZGc3BGUWZybUl2Tzk3V3BWTnNVczhYRzJkcDdBNmZGUmQ0NXlOYmNqa09MY2xXNWlrczk4ZWdSRHlQdlpWajQ4QQ?oc=5
2026-07-05T07:00:00+00:00,Google News: OPEC,True,False,"Oil Prices Are Falling; but OPEC Plus Pledges to Pump More - The New York Times",https://news.google.com/rss/articles/CBMifkFVX3lxTE4zSGh4ZUo4WnhrVTNaRlNxWDdOOHdkbzI5enZFMF9sVk5PVzc1SENHTDFBTEFQaWNhSm5VbTQxR3dacmdyUnlMZWRtUVM3enpydjl4VXdEOTJMVzBfMHNnMVdXOVVqaXY1STBlWEp1TXIySjFab0l6OEdJZkRkdw?oc=5
2026-07-10T07:00:00+00:00,Google News: OPEC,True,False,"Oil Market Report - July 2026 – Analysis - IEA – International Energy Agency",https://news.google.com/rss/articles/CBMiZkFVX3lxTE1PaEpPU1htOGQxQ2xSX3RjZGZYU2hZVTZOeXQtTTdsRzNveDZVX2lYcmdXNXdITjU0NUlHUjVUcmZzaEdSVlI0WHZ0RTVWaVhvZnIxam9IanlvVU1yMldrVlZ0VGN2QQ?oc=5
2026-05-03T07:00:00+00:00,Google News: OPEC,True,False,"OPEC+ raises oil output quotas for 'stability' after shock UAE pull-out - France 24",https://news.google.com/rss/articles/CBMitgFBVV95cUxOWi1sNkdLQ1BWLWd6a19qaXJoTG05VjVqOGQwMUphczhMeWZJTWhHZjlmZU9LY1BEUW1WYlREVmVqTE1MR3pSNFdGR080amdvLWVWNGZZLWxKTlFvVDJjRlZ2LTdlVG85d2lwRGlSWUl5T0pFUWR2a0JHbUhib2M2elNOLXM5MGFOTnBfNy1SOWtPbzdMRjk4eFR2YjB5X3liOEhleFFGaERjdGhmM05BTHd3dVluQQ?oc=5
2026-07-05T07:00:00+00:00,Google News: OPEC,True,False,"OPEC; Allies Hike Output Again as Hormuz Traffic Starts Recovering - WSJ",https://news.google.com/rss/articles/CBMitAFBVV95cUxQUmRieE9oLWVtVmlhZTcteVFKVGxvN0ctb05DZUo5N0hTTXA5TkZXdkFQLTItb2ZSc2JoWWF4TGhaamIxWC0zSHJja1NrWGtwMVZrNHJKUDdyaEgtc0NUV3pOX21UdnFPM3pUTjBoNjBsc1UyOS1Fb0F6WUhyQnpHZFd0TEpjN0NocUNuWFN1cnZxMVhzSWtDTmcyOG55YjBuVmQyLVV6UWxRSU1xbGdKUFNSRVY?oc=5
2026-07-05T14:53:28+00:00,Google News: OPEC,True,False,"OPEC+ to raise oil production by 188;000 bpd in August - World Oil",https://news.google.com/rss/articles/CBMimAFBVV95cUxPRUpVbzZ5ekltYjVibHdsZzUwNmR3M3kzcVVBUXRyeXJZVTVPQWxvM0gwaW5pWE13b0JQdEdTNTB5MHFjaW1wUk11cUNDUW5wSnFMX1NGd01fNG5SYUxIdGdvaTF6bC0teFg4aDNLQVVGalBvRURtMkRNYVV0ZDVwaDVXd0FQM0ZuRTlWQnAtT0hydkdKcVA0Ng?oc=5
2026-07-05T07:00:00+00:00,Google News: OPEC,True,False,"OPEC+ set to approve another oil output increase; sources say - Yahoo Finance",https://news.google.com/rss/articles/CBMif0FVX3lxTE1LQ3d1SEYyNVVTbl95ZjUwckxHUmp5bHppcjRnRzFhdkJpb2ttY3M4RlNKb3lmTXNDUTR5c3pKVDBsdmVoUUc0bkhpbVBCSEVNQW1maVNuRnhjSjRPU0dZenpuN2VaTjBteHlWd1RHX3ZlRXI4OFNNcHhwRTIzb3c?oc=5
2026-04-02T07:00:00+00:00,Google News: OPEC,True,False,"OPEC Prepares Paper Oil Barrels While Exports Stall - Crude Oil Prices Today | OilPrice.com",https://news.google.com/rss/articles/CBMiqwFBVV95cUxNczNHUTFXdlRIdEVibVVEWjEzNVpCeElMNWNfZkhDcmp3a2NNbE9mVzhIOVFnanp6bG4yS1QwUXc1SnpmU0t1b2V4NHlYR2xIRWJXTU9SSER0N0hzS0trUno0cEZYR0szdGNYS0I2RzFTOTc5dkJiTFp5OWV4YnNZbFNTSlYzaGgwRVVKYzNQWGRBb0FUdVJrM0hHR3RpNTRJbjZtcC1SbURISjDSAbABQVVfeXFMTzRIM3pReXJBT1lRckJJSVh5akZUc19QM2ZDQ3A5WFJsMzFQa0RrUmdmTWJDTmN0aWhPaVhQenVJSWJOUl9SR3FTcWRNUEp6VGZzWEdnX2VnaHVmcHYtb2xONXl2ZEQ3SzhyQnpQTWlBN2tLQ1dOeFJ2Q1BlOEhyUElqRm5RblhzX0djMDVTYmNMcUphcUV4d01yMVZrRksyTmF2QUhoZmQzSDFIOV85dkU?oc=5
2026-04-05T07:00:00+00:00,Google News: OPEC,True,True,"OPEC+ agrees to boost oil output when Strait of Hormuz reopens - Reuters",https://news.google.com/rss/articles/CBMixwFBVV95cUxNZ0w1SHNLQ1k1UGtoeDZfXzZ6N3pwVzNzc2tkZ2xCdmpjazMwQktBeEpzMXZLYTB0NzJZakNtdUdKV2FENkc0eW9nZHZseWQzTVNObWpidElWby1UTGhCaTlSZ2tSWU4weXlHNEppMlBXNUR0YXotR3dMbUgxdzlHSXdoM3REd2NQRG1COFlTeVlwRXZzR3RCckh6Q2pyTWRKTmExVkJjWXRpZlZBNUUzcExkdDYxdGxuRXB6QlZQTjF3MWlVdFpF?oc=5
2026-04-05T07:00:00+00:00,Google News: OPEC,True,True,"OPEC+ agrees to hike oil output; warns of slow recovery after attacks - Al Jazeera",https://news.google.com/rss/articles/CBMiqwFBVV95cUxPLUI0X1VxZm1pM1VIeGQ5UDcyMDR2SkZHemV0T1RrOXhqTU1MUGZCWGdpWlFsTGg1WHVWUkl4NTdXYTlTQlNhbEFrYUIwN2tHN3FmZHdqY0pIVUhINWxuMUN5QVZZQngxSUhUbWRxTXZvOUFTMG15Y2xGVFdhZndzZlM0aWhpOW9Oa2FyYVpzQmJZSHFiTGtySngwWlpFMzZQR2phZFZhYWJQZEHSAbABQVVfeXFMTnk4NmRVZ1JBTGdPMUE3QlZwY1lqUHVKUFlWWjNISFAzY1p4TmdCZEZQNk5XQ3hoXzhRR2hHZkZ5THNxYTNxSm91bnpiZ2QzVnZlWVd4YjFaM2M2WllxOGFXRjctM0lYMXdrbHFfRWNMclFRa1hpVzFXUDFtaWxrQlZpZF9MRmlINl9vSUxaa204N1lMUUhGT3IxXy1oU1RVNUVQNEVNc1BPUGtBV1BzVF8?oc=5
2026-07-23T22:05:50+00:00,Google News: OPEC,True,False,"OPEC+ plans output increase despite production shortfalls; market cautious - Crypto Briefing",https://news.google.com/rss/articles/CBMiogFBVV95cUxQZ1g2VGFjNDhscWZJdHhSX3V5ZzlCb0JJLWdfTUktdTc1SVZBeURiLWp1ZUN1aThLY3BJTmlpd1FoSkh5SVVuSU9icWZlbURiN0l5VEozbDJPSXlPNmJOWVFCNE5IVV9BUE9RUTF3cUtQQjJXUzBsQWtvaHVLNEgzblFxTlRKMVZkaldheXhTUjRULVR1dUg2cUF2WkJ2RjVpLWc?oc=5
2026-07-06T07:00:00+00:00,Google News: OPEC,True,False,"Oil Prices Decline After OPEC+ Approves Another Output Increase - Yahoo Finance",https://news.google.com/rss/articles/CBMikwFBVV95cUxPV2luWXgycXhuTzcwRk5mTExPbUFuSEdEY3JpUko1dXd4RTZVMTNYbWItTnplTzFERUVpakxYR3Zsb3o1dElXVlZaQS0xNkpHOW56SXlNOGVjUnEyTGVoT0lwWUs5THEzSEpJQlFuRnJWY1VXb0N3MV93bU43Ti1CTGwyWVQ0RFhYMEtfMll3RDJqUzQ?oc=5
2026-05-03T07:00:00+00:00,Google News: OPEC,True,True,"OPEC+ countries agree modest rise in production as Iran retains chokehold on key Strait of Hormuz - AP News",https://news.google.com/rss/articles/CBMilgFBVV95cUxQZFpvNVRZN1hsV1ZMWU93TGIzcTNPcEhIMFBjOFkzckhnaXBpLUt6aDE4b0t2U3p2TjVfR0FhbnhacTJFa0xUUDhxNm41MktUcnJQbGdNVVFvb3VSNksxdkFPck5YUExjcEs4VWhLbTRtdC1vS2xYdndIZzdwNmg4UnB6UjhxZ3NfdEpWakQtNHBVaDlnVEE?oc=5
2026-07-06T07:00:00+00:00,Google News: OPEC,True,False,"OPEC+ Increases Oil Production Amid Price Drop - NewsRadio 1370 AM & 92.9 FM WSPD",https://news.google.com/rss/articles/CBMikwFBVV95cUxNY1BfUVNxeE50TW1qTWJvY0k1VlcxYzgyOWliMlBJdjhtTjZuUmlHeEVSOUJVYjFOYnNQd3d6VmRidUxUZHpiX3l0NE4teDJLTENYRzVndGRpb2ZaQ29DcWRKM3NGeWZUa0FlTUZHSHFBdXBjLVBnLVdNVXdSZ0t0b005cDRLSXpRN1NvdGx1SlZXSTA?oc=5
2026-07-05T18:47:52+00:00,Google News: OPEC,True,False,"7 OPEC+ countries agree to expand monthly oil production modestly as prices slide - morning-times.com",https://news.google.com/rss/articles/CBMiggJBVV95cUxNXzVpcFZ2U2ZiTjhuZFhPU3F2RzlhY0NHc185MjRCU0NGM0xJcmdWWUNLTlh0UzBEMzVZVTh6VWUtbFJlVm1oZTNJU2dZRGZfSFVvX2gwdFVVSVRuMlB6Q2FRTjB5RHJOTElxU1FZdWVObkxxLXU1VU5GOHB1el94eHQzTU9nTGtZblBpMEZ2YlpfeWFhS0tITUFrQktES1RoWnhybGdQdkEzMmE2bm02dVpFSTl4VkpCWjZ1U3N5blEzb21XcG9ucEl1VVBmdDhHeVl3R21leGowQXlhWXYwNXNkLU5LdVdjckp0elkyZmg2RzU0UkhHZWdaVTJDdmtjNmc?oc=5
2026-03-01T08:00:00+00:00,Google News: OPEC,True,True,"OPEC+ to raise oil output slightly even as U.S.-Israel strikes on Iran disrupt shipments - CNBC",https://news.google.com/rss/articles/CBMiqgFBVV95cUxPaGVrS2l3Rjk5dW12aEE4RGhzdE9YbV9mNVlWeTZpQ3I5bmdSODNwdFR4OGtQMEFndXA3ZVhjaVFWTTZoM0w3RXhTR0lhR1MydWxodUFPXzd1d0VtZmtlMThKb3VPeWd5WG5Ra3ZUSExBT3VJUlptYnJpRTdJV0lna1MxSGtlZmV3RnNOZVk2STlqX3FxUm1DUERfbklLT1ZSOXZNY1h1ZTFzZ9IBrwFBVV95cUxNNjBwaEo0bWpYbkVVMFdncGZ5dGtxSmgzaXJ6UXluRzFjUlhmRXlrOFVYNU53NUp4UW9DZXI1MG9GbkRHUUFlMERneW1zY0w2VGpQZ25QV2RMR3VzdndzdDljZ3RXeVF0dzBMYWxEcHNVTzFmU19saFE0WWJhc1JPWk5JN3p6S2VMLXo0cXZKUElzQjR0eWMweUJVQ2ZPazdHQ19ZSVJ2d004QmZyTHNN?oc=5
2026-03-01T08:00:00+00:00,Google News: OPEC,True,True,"OPEC+ agrees modest oil output boost even as US war on Iran disrupts shipments - Reuters",https://news.google.com/rss/articles/CBMisgFBVV95cUxObmItTk8ta1lLVk1kZU55eDhSV3Z2a3l3QmJzaUI3blNHem1KTnVWdG10Y2VKUVJ2ZlJLS18zX1ZORXNMZnVJYTRpaEtHa3ZqLUtLUVRmV2tJc2RkT3gwVWhuQjFubHB3UGd2dFRTaFc0WjBYTXVQOGFNVXliVk1EaGdtYnhOWUZ4endjMVA4MU5WWjZhSldTSnlSRENkbnhLX1F4RzNKdTlWSGRoOXdVSGFB?oc=5
2026-06-07T07:00:00+00:00,Google News: OPEC,True,False,"OPEC+ Agrees Another Symbolic Quota Increase for July - Bloomberg.com",https://news.google.com/rss/articles/CBMiswFBVV95cUxPM0s3c0wwaVk3dDBQaDVsOHdFMW4xNjhjYmkzLUlvcXFLU29pOFdHTWdycHBnRlJVdkZxWVRoazd5WlktQXpUWjc4cXc1RC0zc2lJOThHa3RHY29zUExaWXF2YmVXdWY4V3NtYnJSQVhSOGQyMlR3QWMwRi1XaXhPZlRRdnE2dzQxeXptd01YWEkwOWpkRklhTGNzNW5RU1NNZW1jM3RMUjNXVTNRVVZOSV9CQQ?oc=5
2026-07-06T07:00:00+00:00,Google News: OPEC,True,False,"OPEC+ agrees to higher oil production ‘to support oil market stability’ - Global News",https://news.google.com/rss/articles/CBMic0FVX3lxTE8xdldVLVhmRndZUUtyUDNqOVNVZHFqeDhMbGdWN0lZYTF0Z2o3Uy1id0k0SUUyUzVLUkpxbXc0YmgzWng4LW9MYXhMNXRZYUNwNm42V2FpUW5wMEprNTRMM2lDY0g5MEFZM09lNk8xYzhQSXc?oc=5
2026-05-08T07:00:00+00:00,Google News: OPEC,True,True,"UAE’s Exit from OPEC Pulls it Toward U.S. - China-US Focus",https://news.google.com/rss/articles/CBMiiwFBVV95cUxOS0FwMnNSSE8yd0MtOENSeEg3ODF3UzRCcWIyeDVyc2drQ2luNzlKT2g1bzZSbG9sbHYwalktVmhfUThzSFhMaTF0MnlrSmRWbTM0S2RveXpkSWR5Umh5UlZSQ21Kck5EUnZYSnpQa0Jxb1l3dUVvME85ZjY2WXhibzcwamJFeWRLeWJz?oc=5
2026-07-13T07:00:00+00:00,Google News: OPEC,True,False,"Nigeria breaks OPEC production ceiling as crude oil output climbs to a 74-month high of 1.56 million bpd - Business Insider Africa",https://news.google.com/rss/articles/CBMi2AFBVV95cUxQbzlOYnBKT29qSFVwd0JsWUxraDdzYm96bkZiTzZ6OFJabmtTZXc3WUgyVjNmUWhHZDBFZGdLbHA5bFBvN0s2d05BZTNWYjFSQmdCb2xuSWFyNDhUUVE1V3B1MEtKT29sQ3RKM2tzU0lGZkc2eTdPeTNYclY4bks1YUJRUU9XYnRGZkI4X2hLQmZKM3N2bkxPMHpSbE1xbUQyV1Q5bzNLZUQxVXc5NEF0SnZyalpQTWVuQUk1bTNsd1JSVFpCVzZKRmxJbDVjY09EMVF3d2w1Rkc?oc=5
2026-03-01T08:00:00+00:00,Google News: OPEC,True,False,"OPEC+ To Hike Oil Output From April As Middle East Crisis Escalates - Forbes",https://news.google.com/rss/articles/CBMivAFBVV95cUxQU2E2ZXpvTkdwcEQ0Mm8wMFY2bzhOTVg0bVotV05MRXBtQ0VZVmhBQXVWMjkzcVU0U1pRSEV4Z2J5SUZsQ3RES0p5RFcxamw5U19idmc0dDFJRlJMNndtVFdJS2w4SXBHMzB5NXh2bm1ieW03RzJ2X2tvVFFBTGNzNEtVZVJPX2gwbGx0Y3VXbmRLazEzQlU5S3pRdkd3VEtrNS1DUzdPYlFad1VSUmV5RUhoQ191STVhWWp3RQ?oc=5
2026-07-05T13:06:00+00:00,Google News: OPEC,True,False,"OPEC+ countries to increase oil production in August - Бабель",https://news.google.com/rss/articles/CBMiiwFBVV95cUxNZVduOVItNG1lcF9obkJQRF9SUFdoVVdmcTBsQkhXRlM0dHZUZXNiRkx1RlhTVXJqWjRISTFIWVotcHFuWk9nWDFXNmpaRnJBQ3Z6Q3U2NnBpczV1QmplSm5ldGpPazZXdXdFelczMHY4ODBGa3dfZUVPalBwd2VFWjV3NGdnYVBpZktF0gGQAUFVX3lxTE81N3JIcWMzUzZ1Zi1KSk04RUJDajE3X1RPX2dRRmdJWXNaNEpRR3Z5VUs1MXZRRVNGS1Zob1czRGNDYTVJNVhBMFpWVm9oYzE0MW1oZEwtcm1qQnhqZWFJOG9fNzV2LUFkVjBXclhpRV9QTnFNOWFyc2ZsSlByVW9TR3FoYzdnd045U0oxRTZGSA?oc=5
2026-05-03T07:00:00+00:00,Google News: OPEC,True,False,"OPEC+ announces modest boost in oil production. But here’s why it’s a mostly symbolic move. - MarketWatch",https://news.google.com/rss/articles/CBMiyAFBVV95cUxNRnJFQmtBdEYxR3hDR3Z0QzJYMjFWTnlPQmVJelZZd2hpa1c0VWNqTzBPRE9iTUxUNWNhSlRXUzNRME5DNnRnZmt4Y2RMeF95VFhFVG1pdTZCUnR2MDhkWW9jS1UyWEQzUWVfellIams2UjEzSjdEZktuWmVic1JQMmJrUVBpVWhQaG1PVDhLUDM2aXdta1RqT3hwcVFRYlY2LU9objBxQ0Y1c1M4Sm9iSjc4RDktYWtWZHJURjd4OTBYWEs3R3piQg?oc=5
2026-04-29T07:00:00+00:00,Google News: OPEC,True,False,"The UAE Leaves OPEC - The Institute for Energy Research",https://news.google.com/rss/articles/CBMiggFBVV95cUxQZW12dWxkdGFMWmhIQmMtUU5ZaHc2eTJfSEtYQXk1bFhIengwSW9IMXoyRktrNXNVRDFHLXI4bzhaMEtkS19VaUFrUUc0MncxaXNkb3A5UmdGQkZLVXIwWWtXRUZpckFqS3BVWmVPd2lMak9WNzZ3Yk54c0MzR3BzSjhB?oc=5
2026-06-08T07:00:00+00:00,Google News: OPEC,True,False,"Kazakhstan Joins OPEC+ Production Increase for July - The Astana Times",https://news.google.com/rss/articles/CBMiiwFBVV95cUxOOW1CLUhkX2wwZ2c3SXRWeWtlTVQ4MXdDaDF4ODNtTHFfcjNnRFluRWZGS1R5SHVEREtZZ3FfdndqTm00cWFESlVpSWdKZVhJNmZsajAza1EwYldMYUZJN2tqTmhtNkhkMjhmUkRqaFZFS0t0NmxCZzBwSWoydlo2OHJQM2JQRERTTE5J?oc=5
2026-05-04T07:00:00+00:00,Google News: OPEC,True,False,"7 OPEC Countries Agree To Boost Oil Production After UAE Exit - The Media Line",https://news.google.com/rss/articles/CBMingFBVV95cUxNZ0hlNVltNlBBZk4zaUJQelE2Njc3ejhQOERnUjVzTTh2cnI4MklIU2g1NHFmbkYxNFdzU2tVUHlyX3c1bmlXYVZRWXZueGFXeHNId0ZpdnpNT041U1JxOFJRMHJSTjhOUkVwNThtLXpwV2pwblB0Sk9ic1NmTXpZXy1raTFvZHVveGNGa1hqbG4yWXFLT250azlXeThFZw?oc=5
2026-01-30T08:00:00+00:00,Google News: OPEC,True,False,"OPEC+ set to keep oil production pause for March as prices jump; sources say - Reuters",https://news.google.com/rss/articles/CBMitwFBVV95cUxPTWJhR285XzFBVEI4NVNSZi1rUHgwUWcyVlFkaGc4b3l1RW55TGdpUnlDM0IyT0FNclQ5dkp1LUw4a0lPZ2p0WE0ySTlZdTRCaWtoc0FCR0F2QzllODNYSGNQT1NCNkVzeUlIQnZrTzFMcXBoTlJkOVlwMVhuS084OHFFNm9Ld1UyNW1OMWo4Z25YU1lhMmx4UlhjMkVHUHg2SnJBekJsMTdSV0xtNTIwX182OEdaNTA?oc=5
2026-04-13T07:00:00+00:00,Google News: OPEC,True,True,"OPEC Crude Output Drops as Iran War Chokes Exports - WSJ",https://news.google.com/rss/articles/CBMioAFBVV95cUxQNkZ0RnpqUWhIQnd5N2tzRks2QVJ4U2RhcDhaTXhINFNhR3NqYVdfc3RWQThvcFY5VEc2ODE5eHA5ek5iYi1LRFJPME44STFoMXhSYUxTRXBGUnpoRncyQ0RaVDM3UlpxYlMyNUNpM3pFeWhiODZwYXVEUVNrQWdnb2F0TDluMDl3bzJiNXlVZVlQdWNGbTFwZkJ3aU5PUHhi?oc=5
2026-04-30T07:00:00+00:00,Google News: OPEC,True,False,"Breaking with OPEC; the UAE is now a free agent. What this means for markets and regional unity - Atlantic Council",https://news.google.com/rss/articles/CBMi3gFBVV95cUxOY0VuRnNNcUtvem9YeDFjamZrM1F0aUMyMUtHc0gyczd0dHZ5NGhRNnh2aGpUcUNFZkRQU1dlSWJtVjFoYUZiOEhXcU1PWWlYMW1ZODVxVFdsa1JrWEdteExxWDJDLVBnWjl6aWstWnNWbWZkZDdUcE5lcEpud0FJTWh1dHF0QjhraFd4STVlXzJRTUtVcGNUSFNJOG9TRU9yQzU2VnBZQVZfNGJ6NUFOY2xhUzNDcENrVmJqcUpHNWlCcVpOeEMzM1ZrZFBUeXl2NXhrMjU2d2w1YXdVUFE?oc=5
2026-07-06T07:00:00+00:00,Google News: OPEC,True,False,"Oil prices are heading back to pre-Iran conflict levels; report says - Baltimore Sun",https://news.google.com/rss/articles/CBMirAFBVV95cUxQdnNlUFc2VE9xTnVLT1ZRbExORnU1akJyQjdkRkFRNWlKZ2s1ZnZXQWlWSFhxU3JoNjlyWDRCVldncnYxYV9Xa1lXa2s3ME1sX3JTMlI5bWFDYlhsNHVOTXBPV2xwMWozamg3Q2lxNWJyc3B0VkN4TUJjRldfUmFjNHZGcVdYWGlnbGtreDBtdXpYTE95azYyZHVvUHc0QmJid0RwR1hSUWxYS0Ix?oc=5
2026-05-03T07:00:00+00:00,Google News: OPEC,True,False,"OPEC+ Hikes Oil Production Quotas Without Mentioning UAE Exit - The Moscow Times",https://news.google.com/rss/articles/CBMirgFBVV95cUxPRmJFa2MybUcwLWpiMTV2cGdqVGFLQ0FoYTBiMm9qdEx5YWZCZmUySENBSEY5a2NNMktKQ3RlZ29va1R5ZExXTk4ta3RQZnNyXzdhcGNhVjQ1YXZwUXBQUjlEY2R1U1hmWHFBak9peng3YnpiSXExSEdKSE9LdkQ1cjV3ZGRNTUMxZkxOb0lnZE1VQXh2aVlxdHJsQWJlUUJoQlQwYXpENldlSzl0aEE?oc=5
2026-04-13T07:00:00+00:00,Google News: OPEC,True,True,"OPEC oil output plunges nearly 8 MMbpd as Iran war disrupts exports - World Oil",https://news.google.com/rss/articles/CBMipwFBVV95cUxOR3ZlSzM4bW5jSHRwcUtZYXpqNGZ2QU1DWlpQZWVWNGNxNEhDNDJwMktUVThMeEVkX3lRdGJZSmJYbnZMSzZLZVcxOFBKRjlCNEUzUDFrcVBOTU1YcFJYUWprZEVpSlh1Q2I1RzFrejh0ZlRnMUFheWcyQms3dkZaNk5hazRmQVUyVDRoUGtYbHBPaXVscXZpR1N5UnYzc0tmTGNCZTBacw?oc=5
2026-07-07T07:00:00+00:00,Google News: OPEC,True,False,"Kazakhstan; Six Other OPEC+ Members Approve August Oil Production Adjustment - The Astana Times",https://news.google.com/rss/articles/CBMiqwFBVV95cUxNcXJmNjJqMXc4TnpUNGtuS25xWjVFdFZVVS1JRDVaclVDZXBNMDVkUzljRGtaN3dtWkR6SzBYb1J5MWR4SG8zb3FwTVp0RndWVHJMUjZEckVhNWItTmtYaVlkd0dkd19hVEtlWXNhQnlQdVZGSF9iZVNwa0NpeHdFblEwZmhFSUlTZ0RzOVhfd0UwSGRKNzJHaXZsdzdvY3FwZkVqQzJYRVA0NjA?oc=5
2026-06-01T15:23:10+00:00,Google News: OPEC,True,False,"OPEC+ Likely to Raise July Oil Output Target Despite Hormuz Disruption; Sources Say - EnergyNow.com",https://news.google.com/rss/articles/CBMisgFBVV95cUxQVlVLRXJyUDdveFRXVEJqTnZLXy0wbndnbVhpckN1Xy14SWdoc2tYdGxTS2RDcHB2eFFyLXFPd0g5NTlMVDlpT0RreEVuaEM5aU93WkprV2VYc2pnVUFKTW5KUVY1YmNoZzBHZTJJVDAzcTFhakRsUnFNNHRDbjZJNWpSOHVBNWQ1RHU2OXF5bUROVVB0MXRCdi0tUlR2UmtILW9TbXRaQWE1SGhGTllGTE9B?oc=5
2026-05-01T07:00:00+00:00,Google News: OPEC,True,False,"Kazakhstan to Stick With OPEC After UAE Exit - Crude Oil Prices Today | OilPrice.com",https://news.google.com/rss/articles/CBMilwFBVV95cUxPVExZUEpPTFhhTlY1SGsxQ2dTalRoU19xYjdFRHVJdDlYUEtMcXVKTkdQNHVWdTVEWXowUzBuV2N0alFVTF9saHZRMkE1a292a0xWcmZUU014TUhiejZTa1pMQjh0dk5ZZEJlOHI5bE5qS05kSm9JbVFZSmNkVUhyNnVXS29uaDVIMFg3VXd5M1N0MHB5QXpV0gGcAUFVX3lxTE5hcmRiSUhEWGFlcDN2Wk9DTVNZckZmbTFlZTB5SDRnTkNFUGhZME42a25DN3hNRmpNaHJUc19GSndqd2dXcUZKN3Y1V0pmcDFSNXBDMUdXMFhXS3JBNVJyNXAwMzE5VVBTOFVBVVZYSmZUMDFrSFpBS05DMWVSWUJ1UXZvWWlmN1JTeUJ1ZmFmdVVoYXdPR1pmS3VvSQ?oc=5
2026-07-06T07:00:00+00:00,Google News: OPEC,True,False,"OPEC+ agrees another modest output rise as oil prices continue to fall - Euronews",https://news.google.com/rss/articles/CBMiwwFBVV95cUxPWkEzR0hpVVg1dl9PSUFlMlhaU1FNa3VWY3RndVBXZ1dKam1MMkNfSVhFOVFncW5pdDVfUVZCVGZMYWVqeTVLRkJpQU4zVkh5Vm4wRjhheVFkTXh6MUtMMHY5Tm85U3dMX0dFa2oySGgzVXNteEF2N3pZWWVEMmxfZjRLLUZjRXJvUFhIYTZ0M3M3bWNsczM5eVEtdVh6amI1ZERQQjRScWRUNmx5ZklLSk1wcGlXR2RyRWJpVDBQeVRjQTg?oc=5
2026-07-13T07:00:00+00:00,Google News: OPEC,True,False,"Nigeria oil output hits six-year high; above OPEC target - Yahoo Finance UK",https://news.google.com/rss/articles/CBMiggFBVV95cUxNQTd2bno1dXhzdGVLb2hyelVZUDduYXV5Q3NxdkVGa3BqQW9ESnBIUEM0cjVmVVlIVUF6eDI4czZ4SDhJSnhCelRXNGZ6N1cxWjB0MzJvNW5ienJYYTVobXhPeHYzNUt6MGczcGc1bm80TmxKcUtCaVZKNnFuMWN1UG1n?oc=5
2026-03-11T07:00:00+00:00,Google News: OPEC,True,True,"OPEC confirms big Saudi oil production hike ahead of Iran war; holds forecasts steady - Reuters",https://news.google.com/rss/articles/CBMixAFBVV95cUxNSWhraGx2QnEtaXpOamlWb21pNzVXTHRQNEJOdkFGVzhSUHdpd0lHS3pIdnJZb0Z5amx3cjZWX2RuX3gtR0ZRaHBXV0dPYWF0b2ZxWDV3dzdhVGxHdGNRMVBzUGpxaUpNVWk5RTh5ODZMQkxlY1p1Ympra05mODd6OHptbXJrTHYzcTkzYXBkbTJOelpEYTNiLWg5Wjd6cW94Z0JndHYycHY4cG1Rdm5EeUJQMmh1Znh0UlJVWHpHSG9aRU9K?oc=5
2026-05-03T07:00:00+00:00,Google News: OPEC,True,False,"Russia; Saudi Arabia; other OPEC+ countries raising oil production for 'market stability' - WBFF",https://news.google.com/rss/articles/CBMisAFBVV95cUxOX09FNGxUMlJNaVFhMGk5LVo5SWRZMFlXeWRxT05Da3JvYzJlUVVGTUhWVGVoVTBpV3FTUDE4QlpLOUlzQTR0TEJQYU9LTm0wMzhmeVdkcDk2S3BRV3luU1VUQVNkckVzTWpvWmF0OWktOE9ZaHdNemEzeFptLU9QZ2xJdThJWThObE42UFA5ajNWQTc3eUNhc043UXI0VE51WVNaYU9XeVEybFZXMlU0aw?oc=5
2026-05-02T07:00:00+00:00,Google News: OPEC,True,False,"OPEC+ to make first post-UAE production decision - Al-Monitor",https://news.google.com/rss/articles/CBMikwFBVV95cUxNd3VXUy1GbVREVE9NYUtKN2tQcHhEb1lyQTNXaW5rRGhTN1JVd1kxeDRERlpTWWM0eXVBWVlCQnQ5a2tvcTBBZVZNbFduTlYzeDM0dHRHUHVCYzJfQUNLc0NrT0xVQTNsRjQ3Tl9PS1Z3NjgtLXdxSzFvLUJrU1FaSllvS3F5M3pzVS1KTkUwY0g0N28?oc=5
2026-06-07T07:00:00+00:00,Google News: OPEC,True,True,"As OPEC+ meets; Iran war hobbles power to shape oil market - France 24",https://news.google.com/rss/articles/CBMipgFBVV95cUxOWlExVEE2QXpoQW9zX0hCc1ZDN1ZXbnhuVk9lZzFOaVozNkd6cXpYeGM0WUg2aHlYLVBYMm5XamEzemFDaW9Od1lMNnk4YUxna0FpSHJWQUszVDhEVFE5MDA4TEZJMVJTU3BkX3Z1Q1BrNHBNMzlYY25PTlZkMDBSbW9JZ19NVkdkVzZ5MlVyeEVCQm9aV1ZycjlyNmRsUEpkRHQ2OXlB?oc=5
2026-06-07T07:00:00+00:00,Google News: OPEC,True,False,"OPEC+ approves another oil output increase for July; extends compliance deadline - Seeking Alpha",https://news.google.com/rss/articles/CBMitwFBVV95cUxQb0djc2xSMVE2NXU4NVFqOGlzOFRrNjRHdllNMUVYaFc2SnlEeVFZQ1M5Y0Iwc2tXN2VuM2ptcnc4b3JiRHBDekdXOHRSUUZ2VXg1MWQ1RmxGMWFVU01kVnBnZTlPYjc1Qi1Vdmh5MGlzMGlxa0ViSjhLemlUdEtWR0ZIM2lYTXJpVzV6eW1zUGgwemJjOW5UTU5ady1nVm1sN3FwQWZtY2pDMV8wWjBiUHh3OU81UU0?oc=5
2026-05-03T07:00:00+00:00,Google News: OPEC,True,True,"OPEC+ nations agree to boost oil production as Iran retains chokehold on Strait of Hormuz - Los Angeles Times",https://news.google.com/rss/articles/CBMimwFBVV95cUxOQURCZWpLUVdHbDRmNjJrRktLeW01Y3REZEZSYTlMVXZDcHloSjVpZ2E1bHdJU2dsWXpZUk5NNDNOem5lMWxLekpxRGIwR1MwR0RHaFZEN1hzZHRuUHBWbnVTQzBoY3g2NllyMmFRSURVQkZGTU42MFo1UUtYTTJlRGpLUnNLTTFjLTFOcENvaEM5UGw2MGFfWS16cw?oc=5
2026-07-05T13:23:22+00:00,Google News: OPEC,True,False,"OPEC+ agrees to raise oil output targets for August - سانا",https://news.google.com/rss/articles/CBMiTEFVX3lxTE5iWHUtZU5ialFaT3pLME1nT1lyU0V0RjlPSFotWFU2UW53VHRNdTNkSG1LU1l3dU5zel9EV2hQeVctaHozOEQ5RFdicFM?oc=5
2026-04-29T07:00:00+00:00,Google News: OPEC,True,False,"UAE’s exit rattles OPEC’s grip on the oil market - Wood Mackenzie",https://news.google.com/rss/articles/CBMijwFBVV95cUxNRnRMVWpDZU0zYThqODctZmJ1d0MxaGN5THJ4elVNZEx1akhNSm9XZ3BTQWNpSFpPT212R1BOR0Z3bUlBWmxNQWM4RVlsdVotWTRDRzl4TmxUY0hnRkpGSWJuOElORkNOY19VM2QzV19QTWk5cWhhWGdpaEsya1p6bmZRNG9NT1ZDQ2ZfZmZHbw?oc=5
2026-06-14T07:00:00+00:00,Google News: OPEC,True,False,"OPEC oil production falls despite an additional 188;000 bpd - Inspenet",https://news.google.com/rss/articles/CBMijAFBVV95cUxQdmszcXJhdndCRndiUWRvWjVKUS1Fc3BSX2RhdWxoamJJeXdTWWZETXNqVlV2ZWotYndJOG9UQWtCOFBHSlhwNVRjVmlLREdEdDVBaURQa2dqRHdxdzBkcHNuVkR6RkZWdGNUQlY4RUVXYVpUQjZKMHk2QWlvc09iZC1FV3lneXBDQmNvVw?oc=5
2026-04-05T07:00:00+00:00,Google News: OPEC,True,False,"OPEC agrees on another oil production boost as Strait remains blocked - upi.com",https://news.google.com/rss/articles/CBMi0AFBVV95cUxQMDdHMG5ZUFo4a29jc092WWNpUFI2ejl0UzNHWEhQdnpmRnBfMGdibXluZklVNzdHR1p5aloyc2doRDV5dDB3MHA4dDFPbUJVTE1ZMUw0allQZDhJbEdYaVh1ZzZNQXlqSTdHNnJnajkwOGlKOU5hNUVGeHROemdOTDlzU2F4ZlVTc1FXemkwTHhYcUFRVEpTck9uOTBQN2VKR2JTVWZsSkxvNVpXUzcwSGhWaUg5Zmk5eHl6Y1ZzU2dkY0Z2ZjFvWFRMQ2IyOFA50gHWAUFVX3lxTE1XemtnYktFa3FmdDNEM2dHd3N0Q1hSR2RZSDI4bHFaVmZxNXdzNmdYQlJJNURuSGUxYWFqVTRGSDhkNnRWTVJMMnBIa3FaUVpfZEV3RFA1T0F1R1ZZeVhfZE5RU1N6a09OU3Y3WUM3VjJnd3VqdklJeWVlLTlPRnl6bTRrcmtrMUZIOFJURHo2N2hPOVFBOFVHbUFhTTllTlNDWGtqUThVSHFXUlJFT1hRcHBLSFZvMk9pUWVDbkNncU8xZHI0aFkwRlYwbVdpSWhJcklmYmc?oc=5
2026-03-06T08:00:00+00:00,Google News: OPEC,True,True,"Saudi led OPEC oil output jump ahead of Iran strikes; Reuters survey finds - Reuters",https://news.google.com/rss/articles/CBMivwFBVV95cUxNY0FicldFa0JpNFZXWkZIS1FlY3YxUmthVjdaZXlTSEhXMTdTVEZUQlV0c3prNHFsampucWpkZG5fWXdkakJyMmxLLThmNVdkck1MZFhXM0Nxa2FQbTBkTDdmLVNDSzFwVW5GNWppRTIyLXF4elZYU2Y3RjFfaWhIWEZvWFdpTnVsUkRSX1NvOENscTZqQV95M18xR1NXNGVROEdCMUVpaEFIc1VPdldGSTNXTWp2M2UzMEdhY0FMTQ?oc=5
2026-04-05T07:00:00+00:00,Google News: OPEC,True,True,"OPEC+ agrees to boost oil output when Strait of Hormuz reopens - New York Post",https://news.google.com/rss/articles/CBMiowFBVV95cUxPOURxU054WUlmOWhkZXd4Uk1HTkc0QU1Hem9mT2FSNE8wOGNFX0FDenA4elhGdkhMUGRCVkdwVWRKcFVlWk5ucTFKX2hpRk9VZndtTmd5SEJUMzQ4bVdVanpHQWhhWUI0ZTYtbVU0Q0FpX1VBcUtpQ1c0cHRJNXNPQlZlcXhtSXNxUmVwRGlMNlgxYUd5eEM1OFFCWmZBMUkyMXBN?oc=5
2026-07-14T14:13:48+00:00,Google News: OPEC,True,False,"Nigeria's oil production rose 25;000 bpd to 1.56mbpd in June- OPEC - CNBC Africa",https://news.google.com/rss/articles/CBMirgFBVV95cUxNZVVMd0lITVNkY2k1OXFXSVhfYW5xcmZXdElHT0s4ZnE1XzFSNFVZdTc4em50aGZUMGVYcG0tQmQzemRfcHBvM0NQczRYMkFLUmVVRWZoMG5VZWdPRS1za1ktSEJ1TUktV1h4WmtyRk1ieTd4Y3g2U1JwNkIxc1lJaWRTNVFaYkZTYXJXT2JPNTZjd0NUeWNadjRvMklNdURqMThmTGFRRGxpTEJoelE?oc=5
2026-06-09T07:00:00+00:00,Google News: OPEC,True,False,"Seven OPEC+ countries to raise oil output in July - Oil & Gas Middle East",https://news.google.com/rss/articles/CBMikwFBVV95cUxQUllXVWwteTdFV1k1ZU80dFhablhxTzYwLVVDbnZPZ3NqenYwSUFOTng3OXo1TmRWc0VxTFMtNFNoLUIzSHpLZVZJUXFYQlY0WGQxSnhjMW1kYlFPSGs0TzV3UE5QejdDVjJTV0NDbnB4eDdBYmdxWlM5QkR1Z1J0eGwwWHc0Mjg5LTdHSU55RGhFZzA?oc=5
2026-05-11T15:40:48+00:00,Google News: OPEC,True,False,"OPEC Oil Output Hits New Low in April on Hormuz Export Disruption; Reuters Survey Finds - EnergyNow.com",https://news.google.com/rss/articles/CBMiuAFBVV95cUxPNTZHN1RHOHJxOVVsa29EUy1fdUVqY0x6TGZjMFYtMDNCZy1rMGlzdHl1M1A5UjltZlduYk1DQ2ZtaTBnR0NYaHJQa3JCZ1BiZUJqN2toWkJKY2JpUm04SlUycFlCdnFfNUgxM2pmT0FZTHctQzZuWDZPQ1JSRlU2SmdPcWkzS2Y3dmRlcDRkUko2M09WVDlCNElmTVo3ZnhuSlRTVFVqbWtnSVVETkVVR0VGVnVyNHBM?oc=5
2026-04-28T07:00:00+00:00,Google News: OPEC,True,False,"The United Arab Emirates is quitting OPEC oil cartel after nearly 60 years - KERA News",https://news.google.com/rss/articles/CBMirwFBVV95cUxNVTRpVXQtbDdYRFRTZ0xsVEw2NzlOZHFYS2l5aDlfaTlOYVBJcHRyOE9ZNnk5QkszcW5kcUZBRjRuLUI4Zzh3blVsN1BUWGliQV9vZ3hNTk1jekZxRXFlaGJseDJHWEF3QnlHZ0NuclNKTktDWktCMzhQMXpnX3FZeHgxZDUteDRFN0pHenNwLTBUU0d0S1FhZV93YUR4RFZqOHBwdXZ3bzZNTExEN3c4?oc=5
2026-04-05T07:00:00+00:00,Google News: OPEC,True,False,"OPEC Nations Agree to Adjust Oil Production: What to Know - Newsweek",https://news.google.com/rss/articles/CBMilAFBVV95cUxPUFNVQmt0MzFJVHlqY1Z5amU4cWhjbGF3TVlWZ1dtLWtiTFVneTNmcWpRVGVQTVRwbVlpTm12YWNWOHM0QTJieE5UYjZ4c0ptUlRMT1pNVXhSVDh5UHFlZGpoelNFZVBpa2lkZWlWa09jalFiNHROSlJuQVlqNXNtSUxKWG81NUFDTDdfVnBrZS0tS2sw?oc=5
2026-06-08T07:00:00+00:00,Google News: OPEC,True,False,"OPEC+ approves fourth straight monthly oil output quota hike - qz.com",https://news.google.com/rss/articles/CBMid0FVX3lxTFBfR1ZRNkZHbFRYRHctQXA2QVFJWnA2UEhiMzdoZXJYRU4zNGJDZ3ZHby1FOE5BNnp4aXpzNmhxcF9HMmVQdE55cDFQNlFZWkFUaUpNSDdrX1JDLVVCVG9XNTFoUUtUTzhuNEVPS2ZEVGJaaFRHVEtN?oc=5
2026-07-07T07:00:00+00:00,Google News: OPEC,True,False,"UAE Oil Output Climbs After Leaving OPEC - Crude Oil Prices Today | OilPrice.com",https://news.google.com/rss/articles/CBMiiwFBVV95cUxQM2VwcG9DTGZDUHRFV3ZHc0FBSVFQdzEydXVZcnA2b1JsSWpkY0RKd1ZzYjkxLTFVb0VxWEoxZHN1TjBzbmF4cjdfSEJ5M3hpbHc1SkYwME5zZGoza1N2UmM4UHRVSXpYWVlHOUdhcVVydnlodENCVFFFYXdUZVJKOXBzMU4yUU1XdHE40gGQAUFVX3lxTFBSelpVdkRGVnRFQ1o0a2l2dk1KaDhCS3l5QklISFpTZXZqbmhKYVNRbVlmR2FXYnJhM2p2cXVKVlZqR01lVVRqbGxFZXZ4bm1Dc3BXNUg5VXVLMWhzYWt2ejdwaU5IT3VXdW1kRGdCbTlSVlN4U1c1ZGptVmNQbVBDbFRyT3ZXSHpRSm51d3pCVA?oc=5
2026-07-05T07:00:00+00:00,Google News: OPEC,True,False,"OPEC+ Approves Modest August Oil Output Increase as Crude Prices Continue to Fall - Kurdistan24",https://news.google.com/rss/articles/CBMiwgFBVV95cUxNVGVIdGpHVWxpNVZqemtvOHVkUXpZek45RzA0RUVBZnBXQ1NtRHN3YzZFVm1fYVMtQmZzdXFFVlRQVWZQSjRfcDJHX0FoOHFYN3I4Z3JzaTZ3aTZHRWNCNnkwblJEVF9oRTFoNHhZMWpJQnV2b0p2ZWRneWprRkZ5clBxWkZWNHd0cjdDUmV0S2xOMk4zSU1lbzlaVmJsQnpLVkUtT0x1dlJ2WFhuOHBzSDgtVmhGWkFyTFMyVjZEM0syQQ?oc=5
2026-06-19T07:00:00+00:00,Google News: OPEC,True,False,"Major Oil Producers See Output Fall - Statista",https://news.google.com/rss/articles/CBMijgFBVV95cUxOc2FRbHR3NUo4ckJleVMzRnZQdUw5RGtMaS1SWDZwTy1JQzdYYUR0R2hnd3VJY3Z5NG02WnlCR1g4QmloZkxXcWtTdURZNUtMSlVQSFlRTXNTSHlqQ3BwQ2hyUVk2ZUFtZ1pmaDROdTJIUWRsV1BMUkpiMS1HbEJJUW11ZGdsbzVpQnhvMmJ30gGTAUFVX3lxTE1sM0dpa1p1RzlWUFNkREVZcWZQYk40ZjlfRmV6QlZULWwzeWdXSWVIaUpHU3JhQllWOENvTEV3VHNicTlOS244eDB4TndwNDl5OWpTNmR6Q0RuUHY3LUN4ZXZoa2FNZW1MU0QtWXE5SmJJWnJsUGdHNnZoYTVXRWhuOEpUQ1RqbzNUQ1FUd2phMGx6dw?oc=5
2025-11-30T08:00:00+00:00,Google News: OPEC,True,False,"OPEC+ holds oil output steady; agrees capacity mechanism - Reuters",https://news.google.com/rss/articles/CBMirgFBVV95cUxOYUpQWGYxWGhfMVdtemVtTjUyVjdLUl9LUkhaMHBKV052YmtPOTlEZWl6R1dYMS0zcmxhMmFKcFJzM1hHZjlnSXE2NHFldW54c2xXa2JrXzFQazcxRHV3WWJ5VWx4X3ZETXBFRTlSRjRRUkJpMXFaYUt3ZGxqa0dBeWZzY3BabF9nUUNfaF9qdHJIT2dpbVFaV1F6d2VId2ZRWTUzRmxqSjRFZ2FZU2c?oc=5
2026-06-17T07:00:00+00:00,Google News: OPEC,True,False,"Oil Market Report - June 2026 – Analysis - IEA – International Energy Agency",https://news.google.com/rss/articles/CBMiZkFVX3lxTE1YU1dTM2RMdTdhcHdGUm1fS2c3cUwwVktiY2l6S192eEZ1R0hTYmVlVGtJcGpJTDZWbGVVeTNDTUplWkdtXzFobXBOME1nYl8wanVGM001cm9UUF90TGQxM2lCRUxJUQ?oc=5
2025-11-30T08:00:00+00:00,Google News: OPEC,True,False,"OPEC+ holds 2026 group-wide oil output steady; agrees capacity mechanism - CNBC",https://news.google.com/rss/articles/CBMiqwFBVV95cUxPRzdWWkxLZHRoQ3VQY2o0eEt3RWdrcW9McnF5c1JMM2F6SjZGQW1rUDdhU25vSjZzWEtCMVNZbUYxOVp5dWNWNUJGSDJwTncyWGdQSFpSc09WQ2ZNTVZub3A5SHlseV9rZEFvc3k3bUdueVM1Zi1tSFN0SXR2OVNfTnB6cTJISVo2WjY5bmdRTVpMSk40Q0NwbUlZVkNpLWZ5MnRkdFA2dnFpeW_SAbABQVVfeXFMT201clNBYU9VWDd6dG9pOGJUeXJva1E1VjBXWjhja0ZJSGh6Qm9XQ1FBVjF0V3FRak0tM3BJUkNXZHRnalpmODlpZXR1Y2NIZTdwRk5GV0dNVHlOWE8wVGI4a3lGUmFELTlVNktteEhFQ25GVjREazBJTS1FdTFfQURMVmVHcmpKR09kTkxCc0tiaTBaSWhRenVuSVo5eGdNeEo2alFfYkQ2Y1d0d1BoY0s?oc=5
2026-07-08T07:36:03+00:00,Google News: OPEC,True,False,"OPEC+ nations to lift oil production from August to stabilise market - Petroleum Australia",https://news.google.com/rss/articles/CBMitgFBVV95cUxOTUpxWkJaQWlsNDZuZGdSX0FabXYwOHQ1U0p4cWhTY1V6RHFxTGpPMjBEZEpGOHE4T2VLcTR5VVpRX0lHWXVxVXBramw2NktXSC1pV3J0T3Y3c21jTkRrdUNBZThHb0NvaFJhZ095Q05oUUZndDVGZG81QlMzSkxEVkU2ckcybVFHd0VuMVRoSjk3WnU4VGQxSzZJMWNYb1FMN1JrRjdzTG9uMnRTYS1hbGRWMXN4Zw?oc=5
2026-07-05T07:00:00+00:00,Google News: OPEC,True,False,"7 OPEC+ countries agree to expand monthly oil production modestly as prices slide - Toronto Star",https://news.google.com/rss/articles/CBMiiwJBVV95cUxQSTdvclFUWlNxTWZHcVJRcmpCd2lzUXpONHlYZDZOWEFKUFlzbEJpeUU3cjVCZWxGcGJ4dm9KUVlxbGxhQkl0b09LU2VESkloS0xSZnU1b013YVJzc3FhWWRnby03R1V4ZlFocFp5dWNVdlNjRFNKNVlOZmJQTGhHTnJBd2JtMW5Jd3YtQUVlcGhJZEdYTnllblRIaG12Zm9PTlpjMFZ3cndod1JleXRnZTRFZ1VaV3RuTVlfYjh6T0pZOXZrdFYzel8xYmctb0VnS0NsaDdEdWNqUS0xbkxrTWZkZGhySmg0SXg0QzFxMEU2X0NJOU4zdnAtSXRlZGNCbEt2aDc4ZXR2a0E?oc=5
2026-03-02T08:00:00+00:00,Google News: OPEC,True,False,"OPEC+ Decides to Boost Production - Rigzone",https://news.google.com/rss/articles/CBMikwFBVV95cUxPRnNsQi0xajFEVGpzOVlIY0xQRDNRWHNjRzFQNHkwQjZfNlRfTlFzTkMtMDBXbmo5ZWx6Q3ZWeG1veEhZRzk3Wk94elQ0YkY1a2ZIR1hfUERjMkNTZWZLaDJkWjl3b05tOE0yeDRrQlVMaC1uWEhfVDNwbGNWU3JWTklXZFhFbGRWd2xFQjM3aGtLVWs?oc=5
2026-03-01T08:00:00+00:00,Google News: OPEC,True,False,"OPEC+ to boost oil production 206;000 bpd as Iran conflict threatens supply - World Oil",https://news.google.com/rss/articles/CBMirwFBVV95cUxQa2xmaHRrSTk0T1BsdWczRGZuVXZnWVJfbm10Yi1aTHZpVzJJQmVNRWhLUXJ0eGZWZzJ1VzBhQlVpTDg4S2Fpd0FvTkxLRWQ1S2JVWnhjLTJBQ0JQekRBMVpVbjZVbUJvVU5rek1wNHNQR2I5QWprRldRSl9veGRiR3RGUlJBbHlPTVlnMjBCSHRmWUh3LXhCWVJ5djRzVjBjMDJoQ3ItRFRkVnFtcUd3?oc=5
2026-04-14T07:00:00+00:00,Google News: OPEC,True,False,"Oil Market Report - April 2026 – Analysis - IEA – International Energy Agency",https://news.google.com/rss/articles/CBMiZ0FVX3lxTFBCR255QmlpVnZPWkprSm0yQ01UanYyNzhtdmdIbXZsREV3N3Y1LXAxLWJhaGpjd2dmaFVoMGk4bnl1RFllc0hUMm9BVWpLMS1Ga2lKdG1sNmplZWVZN1BqR013QU56QWs?oc=5
2026-04-28T07:00:00+00:00,Google News: OPEC,True,False,"UAE’s OPEC exit has been long in the works – and may mark the beginning of a Gulf realignment - The Conversation",https://news.google.com/rss/articles/CBMiwwFBVV95cUxNaGJ2a0ViUnVoT0pLN0RiVVpudlhPTTBQLWxqTFJuWG01SVQ4WDZuNjZCNWdiU0U4aF9sWXdGOGdIUXJvNEh0TTlXX0ZmV0ZUeE8wcUN5MENVR1d6dHBYbzYtckJUSUtUcDhMclA0eTJJZlNIbGlMV19WNE84anlHWXRkNVFOY1Y0RWo0M1FyQ3EtQ2FVZ2xjel9DbVNMX0ZEazJ5cGNJSU96QW9zVXFZQmlmRGY4U284eVh2MF9hWXRPWnc?oc=5
2026-05-02T07:00:00+00:00,Google News: OPEC,True,False,"OPEC+ members agree to ‘symbolic’ oil production hike - thecradle.co",https://news.google.com/rss/articles/CBMihwFBVV95cUxObzdoN0tLdG1xZWVETE1MV25wVG9IX2dQazZjMDEtenJWN1pSc00xcEUwQ210bncyV0xFRlUxaUxMN09LaHF1dXFMVXY3VVNONUljZmZJWFpQcDhaR2QtdVFELXBjazRvdWNmSDA2MWxhMzI5ckQweU9DbU5VMmV0R2lXdHVOOHM?oc=5
2026-05-04T07:00:00+00:00,Google News: OPEC,True,False,"OPEC+ agrees oil output hike but impact limited with Hormuz closure - The Arab Weekly",https://news.google.com/rss/articles/CBMiiwFBVV95cUxNUDhkSlN6VXlFd2FBMXpvMUdmUGtKTkJlODJHU1F1MjZfZjVISlVERGJCRnAwVEZOS0R0aWFERnlhZ2xGUkQtSVRsalRHaWNJc09UWUMzSVBXLW04THZfUXZtbnl4N0ROMlFkdXQxekp1NkRmb3hTNG03UzNQZVJleTIwSHBUbThZS1BJ?oc=5
2026-03-12T07:00:00+00:00,Google News: OPEC,True,False,"The United States and OPEC in a polarized oil order - Atlantic Council",https://news.google.com/rss/articles/CBMipgFBVV95cUxOR0Ezalk3a1l3MktvUDZZOURNMjR6LS1nZzYyY28wTGFJVEZKZ0wwdklaekVVZkF6SHJ1MGdxUzIzTjlRWVFGX3FkMThnMDF4MnNqMmx0T1NQbldZZW5zQ3JIMXJmT2JkVlBENDFqeWpwTU1XWE4zZHRMOFhnQ19HWWw3MjJkNXNzVnRMb052S1gydjdXV1RZRnYzMjE4YW5DNl82Q0tR?oc=5
2026-03-13T07:00:00+00:00,Google News: OPEC,True,True,"OPEC Oil Output Rose Ahead of Iran War on Saudi Boost; Survey Shows - Bloomberg.com",https://news.google.com/rss/articles/CBMiuAFBVV95cUxPTnNBamtTQkY1bUV2X1lET1ZFUFNib19MNmlnZWxoLUk1QzE0QVNEV3Y2dXNpSGFGemhLOHFqMno2MFMycXdlX05wY0dmVTd4aXBaZURyNDNUMm1zcE5WZExqWkhDSXp0cUVXNVU1eU9IWFV5V0FCZ2tYdllSeEQ4ckZUSGRUdTBMMG02d1JzdjFSaFNxdDN1bDRfTzA2dGpacTNHWjdlcjhsbFBqUG1mRU9DbDZ0X3RZ?oc=5
2026-04-28T07:00:00+00:00,Google News: OPEC,True,False,"FACTBOX: UAE; OPEC's third largest producer; charts new course outside bloc - S&P Global",https://news.google.com/rss/articles/CBMi4wFBVV95cUxOVzdMYW5vdXc3MFlYOWtlSDhfR3p2dWRRVjFWTUNrUlQwVzFEZTJDZU1MWG9WemFtQ3JEWWxMUUtDMDk4QWZmMTRCMGZIRFp3eV9QQjl2VWw1ZUh3RHlCdlNYdTBwWDI3LUE0UDV5b2ZnLVg1bnppbndoRm0tUTBMZzlDdG5WeUtialNzc3VnTHZXS3hOR2wydmRYYjB2bUpVc0tzRWFCRzBlSTZReDN5RlJPd09BS2RabUJZS1hORDdBMmZCYl96S2RyUFc4bzhkN3VtRW1QOU45V1BocXhNM1hOUQ?oc=5
2026-03-01T08:00:00+00:00,Google News: OPEC,True,True,"Greenpeace International response to OPEC+ oil output decision amid war on Iran and disruption in the Strait of Hormuz - greenpeace.org",https://news.google.com/rss/articles/CBMi-AFBVV95cUxQZzUyMWlkbGxMRnE0UDF5NHZZdWVGYUcybk1EaXRDMF90M2R2LTIwcHliZzJNX2d6cHhOQWJNTWliQ1hiZTVxZnpjWHNLcGhSVlR5ZUFOWDZLdjRPVzZlM0RseVBVejdQYzlMbk5MVlNzZ3BxOGxIbE8zZTFmLVRZdU9fMmdXWWxrODFSd3VjMDZ0OHdseVR2elVsVE5DanBLZ244bVRKTE1KRGlMdlFoWVZnZUNZcmZyU3pmQVZ5LUsyVFFrQ2N0MTNub2VINmMyMm8wVkxpbzFxQnpOVDZ4TXNxR2t5N1Y4UHdTODdweXdjZW1kZmUzWQ?oc=5
2026-06-07T07:00:00+00:00,Google News: OPEC,True,True,"OPEC+ agreed on the fourth increase in oil production quotas following the closure of the Strait of Hormuz - Українські Національні Новини (УНН)",https://news.google.com/rss/articles/CBMixwFBVV95cUxPTjJSdnFjMFFpMk8xTXI4aVA4b1AzbnBUbXdVYXF1WGpPcFllRXY3S0ViTHJaVU9XSWkwUGhiWk54S2NMc1JzdFRHUkp1bnJ6RG45QUdfanFKUWtVSjdCWTFEQnktajlpYUItY0FDRXV5anpvdlRBcThMMUUtU0pjVnlRNlJHeGk1LWgtMl9tQ1hhUHVNbmc0UTdodmVMRVBqdEE2cHVLZVpVY3ZMeTIwbUFGNk1TTmM3TFJ3Q1BKRTBvemRjX2tF0gHGAUFVX3lxTFB3R0w2NHhjclVGcWlRdF9sVVl5bFFSMFF2TE1fRERUaVRrM1ZINkVYNkw5a1ZuZFYtTm1BZHlvZ09EMVcwOU5rVFpZSzlHTEFQZ1dVdDJPbHZfX3otSm1yaHdFQzl4X1RESkt3bVpKYjN0YnowSW0xbDRULVl2eS1oWlFHOTd2M0t2ZzZ5TEFUOEhCX0FqWDFJdzBMbjNNUm9ocmlZTk0xVHpia1RKbUJoSXhJS2xsSDJQWWhIMTl6MHBHYVV4UQ?oc=5
2026-04-05T07:00:00+00:00,Google News: OPEC,True,True,"OPEC+ to lift oil output slightly as war risks tighten global market - Yahoo Finance",https://news.google.com/rss/articles/CBMimgFBVV95cUxQVHZGeDVIQlhFdU5JNGVMWE44S2hMWkpJckNzci04WXNJanAzUU1Tc0daNktWMHVLcm9ZOVBoR0gyY3Y1ektxZm9WREdpUjdEcTNtcDRjZWRDWUV2NmdnM2hZY1Fxa0xGQWVZVS0wR2RHSDZxTjBHcWJJYy1BdVp5SVZxRTBXR0lQNndpSGtnVXNaREppd2w3dERn?oc=5
2026-07-28T16:14:03+00:00,BBC World,False,False,"Wildfires in south-west France flare up as region braces for new 40C heatwave",https://www.bbc.co.uk/news/articles/c5yd8gly1ydo?at_medium=RSS&at_campaign=rss
2026-07-28T15:36:29+00:00,BBC World,False,False,"Uefa reacts with fury to Infantino World Cup plan",https://www.bbc.co.uk/sport/football/articles/c8xng9894z0o?at_medium=RSS&at_campaign=rss
2026-07-28T16:37:02+00:00,BBC World,False,False,"Mysterious deaths of 14 elephants in Kenya prompts urgent inquiry",https://www.bbc.co.uk/news/articles/c3w0d7yeqlxo?at_medium=RSS&at_campaign=rss
2026-07-28T05:01:19+00:00,BBC World,False,False,"The cocaine superhighway from Ecuador to Europe - the BBC reports on gangs and the police fightback",https://www.bbc.co.uk/news/articles/cdx7n1r54nno?at_medium=RSS&at_campaign=rss
2026-07-28T09:32:25+00:00,BBC World,False,False,"US walks out of UN Security Council meeting during France's remarks",https://www.bbc.co.uk/news/articles/c87nj3w9gxjo?at_medium=RSS&at_campaign=rss
2026-07-28T11:50:59+00:00,BBC World,False,False,"'A lover of life' - Seattle pays tribute to food festival shooting victims",https://www.bbc.co.uk/news/articles/cvgv7m5z4n0o?at_medium=RSS&at_campaign=rss
2026-07-28T12:27:48+00:00,BBC World,False,False,"'A narcissist': Victim's family hits out at Kohberger for challenging murder conviction",https://www.bbc.co.uk/news/articles/cgewg57rq2ro?at_medium=RSS&at_campaign=rss
2026-07-28T16:12:35+00:00,BBC World,False,False,"French Navy carries out 'shooting drill' mid interview",https://www.bbc.co.uk/news/articles/cy4ker2y1mko?at_medium=RSS&at_campaign=rss
2026-07-28T04:59:36+00:00,BBC World,False,False,"Hong Kong activist allowed to stay in UK after deportation threat",https://www.bbc.co.uk/news/articles/cpd74e0yy12o?at_medium=RSS&at_campaign=rss
2026-07-28T15:11:28+00:00,BBC World,False,False,"Odyssey translator writes scathing review of Nolan film adaptation",https://www.bbc.co.uk/news/articles/cd692n215ndo?at_medium=RSS&at_campaign=rss
2026-07-28T13:54:00+00:00,BBC World,False,False,"Mancini reappointed Italy boss after Pirlo controversy",https://www.bbc.co.uk/sport/football/articles/c0ly412r412o?at_medium=RSS&at_campaign=rss
2026-07-28T01:53:58+00:00,BBC World,False,False,"Johnson & Johnson offers up to $5.5bn to settle baby powder lawsuits",https://www.bbc.co.uk/news/articles/clyqnz52rp6o?at_medium=RSS&at_campaign=rss
2026-07-28T08:37:12+00:00,BBC World,False,False,"Ariana Grande sues hackers who leaked music and videos",https://www.bbc.co.uk/news/articles/c1l1de9gjj6o?at_medium=RSS&at_campaign=rss
2026-07-28T08:50:20+00:00,BBC World,False,False,"Zoo staff rescue near-extinct snails from remote rock",https://www.bbc.co.uk/news/articles/cwyq7e5d1gko?at_medium=RSS&at_campaign=rss
2026-07-28T09:03:49+00:00,BBC World,False,False,"Zidane confirmed as France head coach",https://www.bbc.co.uk/sport/football/articles/cpd741qn2y9o?at_medium=RSS&at_campaign=rss
2026-07-28T12:31:45+00:00,BBC World,False,False,"US singer D4vd to go on trial for murder in death of 14-year-old",https://www.bbc.co.uk/news/articles/c70gkg62w0ro?at_medium=RSS&at_campaign=rss
2026-07-27T23:36:31+00:00,BBC World,False,False,"Number of suspects in fatal Seattle food festival shooting rises to three",https://www.bbc.co.uk/news/articles/c78gjyx4q2yo?at_medium=RSS&at_campaign=rss
2026-07-28T00:36:16+00:00,BBC World,False,True,"Shots fired at US consulate in Toronto for a second time this year",https://www.bbc.co.uk/news/articles/ckgvnw44rz9o?at_medium=RSS&at_campaign=rss
2026-07-28T15:45:02+00:00,BBC World,False,False,"Japan earthquake: What we know so far",https://www.bbc.co.uk/news/articles/cgewgxlpj3po?at_medium=RSS&at_campaign=rss
2026-07-28T16:49:11+00:00,BBC World,False,False,"'It's a hell of a situation': Spain grapples with devastating wildfires",https://www.bbc.co.uk/news/articles/c235m71mrreo?at_medium=RSS&at_campaign=rss
2026-07-27T22:08:21+00:00,BBC World,False,False,"A Japanese town wrestles with identity after protests over its first mosque",https://www.bbc.co.uk/news/articles/c36d79nd5w8o?at_medium=RSS&at_campaign=rss
2026-07-27T21:06:42+00:00,BBC World,False,True,"As the US pauses the war with Iran; is Trump really running out of weapons?",https://www.bbc.co.uk/news/articles/c0qvnk2ezp7o?at_medium=RSS&at_campaign=rss
2026-07-27T22:07:23+00:00,BBC World,False,True,"China's new challenge as natural disasters strike - fake AI videos",https://www.bbc.co.uk/news/articles/cx27mjvxgg1o?at_medium=RSS&at_campaign=rss
2026-07-27T15:59:27+00:00,BBC World,False,False,"European wildfires in maps - and how they're being tackled",https://www.bbc.co.uk/news/articles/cj638jx0l53o?at_medium=RSS&at_campaign=rss
2026-07-28T08:39:17+00:00,BBC World,False,False,"Why Netanyahu's visit with Trump at the White House is high-stakes",https://www.bbc.co.uk/news/videos/c98v94dmmz0o?at_medium=RSS&at_campaign=rss
2026-07-28T05:01:35+00:00,BBC World,False,False,"Confronting gang members at the heart of Ecuador's drug battle",https://www.bbc.co.uk/news/videos/c1l1d429m8eo?at_medium=RSS&at_campaign=rss
2026-07-28T01:29:25+00:00,BBC World,False,False,"BBC outside court as judge rules singer D4vd will face murder trial",https://www.bbc.co.uk/news/videos/cy745x171rjo?at_medium=RSS&at_campaign=rss
2026-07-28T00:30:11+00:00,BBC World,False,True,"What to expect from Zelensky and Netanyahu's visit to Washington",https://www.bbc.co.uk/news/videos/cd0xlnz2yk1o?at_medium=RSS&at_campaign=rss
2026-07-28T15:39:42+00:00,Al Jazeera,False,False,"Is Netanyahu’s Trump card losing its power in Israel?",https://www.aljazeera.com/news/2026/7/28/is-netanyahus-trump-card-losing-its-power-in-israel?traffic_source=rss
2026-07-28T15:28:33+00:00,Al Jazeera,False,True,"Iran rejects Trump frozen funds plan; warns ships of Hormuz transit ban",https://www.aljazeera.com/video/newsfeed/2026/7/28/iran-rejects-trump-frozen-funds-plan-warns-ships-of-hormuz-transit-ban?traffic_source=rss
2026-07-28T15:21:43+00:00,Al Jazeera,False,False,"Trump expresses frustration with Netanyahu before White House meeting",https://www.aljazeera.com/news/2026/7/28/trump-expresses-frustration-with-netanyahu-before-white-house-meeting?traffic_source=rss
2026-07-28T15:20:43+00:00,Al Jazeera,False,True,"German investigators find apparent motive after Berlin Pride attack",https://www.aljazeera.com/news/2026/7/28/german-investigators-find-apparent-motive-after-berlin-pride-attack?traffic_source=rss
2026-07-28T14:45:14+00:00,Al Jazeera,False,False,"FIFA World Cup: For India; qualification is still just a distant dream",https://www.aljazeera.com/sports/2026/7/28/fifa-world-cup-for-india-football-qualification-is-still-just-a-distant-dream?traffic_source=rss
2026-07-28T13:55:52+00:00,Al Jazeera,False,False,"Iraqi PM visits Turkiye to boost ties despite complex challenges",https://www.aljazeera.com/economy/2026/7/28/iraqi-pm-visits-turkiye-to-boost-ties-despite-complex-challenges?traffic_source=rss
2026-07-28T13:39:23+00:00,Al Jazeera,False,False,"France and Spain brace for heatwave that could worsen raging wildfires",https://www.aljazeera.com/news/2026/7/28/france-and-spain-brace-for-heatwave-that-could-worsen-raging-wildfires?traffic_source=rss
2026-07-28T13:19:48+00:00,Al Jazeera,False,False,"Roberto Mancini named Italy head coach for second time",https://www.aljazeera.com/sports/2026/7/28/mancini-to-become-italy-head-coach-for-second-time-source-says?traffic_source=rss
2026-07-28T13:18:48+00:00,Al Jazeera,False,False,"Israeli soldier runs marathon around Gaza outpost",https://www.aljazeera.com/video/newsfeed/2026/7/28/israeli-soldier-runs-marathon-around-gaza-outpost?traffic_source=rss
2026-07-28T13:17:24+00:00,Al Jazeera,False,False,"Tate brothers face two more weeks in US jail pending UK extradition",https://www.aljazeera.com/news/2026/7/28/tate-brothers-face-at-least-two-more-weeks-in-us-jail-as-bail-bid-reviewed?traffic_source=rss
2026-07-28T13:06:02+00:00,Al Jazeera,True,True,"Trump says ‘good chance’ of progress in Iran talks. What we know",https://www.aljazeera.com/news/2026/7/28/trump-says-good-chance-of-progress-in-iran-talks-what-we-know?traffic_source=rss
2026-07-28T13:02:50+00:00,Al Jazeera,False,False,"Pregnant Palestinian woman loses baby after Israeli checkpoint stop",https://www.aljazeera.com/video/newsfeed/2026/7/28/pregnant-palestinian-woman-loses-baby-after-israeli-checkpoint-stop?traffic_source=rss
2026-07-28T12:36:55+00:00,Al Jazeera,False,False,"Moment Canadian politician accidentally reads AI prompt during speech",https://www.aljazeera.com/video/newsfeed/2026/7/28/moment-canadian-politician-accidentally-reads-ai-prompt-during-speech?traffic_source=rss
2026-07-28T12:32:42+00:00,Al Jazeera,False,True,"‘We’re here to stay’: West Bank Palestinians defy Israeli attacks",https://www.aljazeera.com/features/2026/7/28/were-here-to-stay-west-bank-palestinians-defy-israeli-attacks?traffic_source=rss
2026-07-28T12:31:15+00:00,Al Jazeera,False,False,"US walks out on France at UN over North Korea; Russia comparison",https://www.aljazeera.com/video/newsfeed/2026/7/28/us-walks-out-on-france-at-un-over-north-korea-russia-comparison?traffic_source=rss
2026-07-28T12:30:18+00:00,Al Jazeera,False,True,"Why has Iran’s economy not collapsed under US war pressure?",https://www.aljazeera.com/economy/2026/7/28/why-has-irans-economy-not-collapsed-under-us-war-pressure?traffic_source=rss
2026-07-28T11:42:28+00:00,Al Jazeera,False,False,"Fatal Shooting in ICE Operations",https://www.aljazeera.com/video/this-is-america/2026/7/28/fatal-shooting-in-ice-operations?traffic_source=rss
2026-07-28T11:36:07+00:00,Al Jazeera,False,False,"Tate’s attorney says allegations ‘puts a target on their backs’",https://www.aljazeera.com/video/newsfeed/2026/7/28/tates-attorney-says-allegations-puts-a-target-on-their?traffic_source=rss
2026-07-28T11:29:18+00:00,Al Jazeera,False,True,"Authorities open fire amid election unrest in Pakistan-administered Kashmir",https://www.aljazeera.com/video/newsfeed/2026/7/28/authorities-open-fire-amid-election-unrest-in-pakistan-administered-kashmir?traffic_source=rss
2026-07-28T11:27:08+00:00,Al Jazeera,False,True,"Israeli settler attack on at-Tuwani",https://www.aljazeera.com/video/newsfeed/2026/7/28/israeli-settler-attack-on-at-tuwani?traffic_source=rss
2026-07-28T11:14:27+00:00,Al Jazeera,False,True,"Why London’s Hackney Council wants to repeal its ‘twin’ status with Haifa",https://www.aljazeera.com/news/2026/7/28/why-londons-hackney-council-wants-to-repeal-its-twin-status-with-haifa?traffic_source=rss
2026-07-28T11:02:03+00:00,Al Jazeera,False,False,"Several dead in Japan after magnitude 7.1 earthquake causes blast at mall",https://www.aljazeera.com/news/2026/7/28/magnitude-7-1-earthquake-shakes-southern-japan-tsunami-warning-issued?traffic_source=rss
2026-07-28T10:12:24+00:00,Al Jazeera,False,True,"Trump flouts political risk to host Netanyahu’s seventh White House visit",https://www.aljazeera.com/news/2026/7/28/trump-flouts-political-risk-to-host-netanyahus-seventh-white-house-visit?traffic_source=rss
2026-07-28T09:45:13+00:00,Al Jazeera,False,False,"Moment 7.1-magnitude earthquake rocks southern Japan",https://www.aljazeera.com/video/newsfeed/2026/7/28/moment-7-1-magnitude-earthquake-rocks-southern-japan?traffic_source=rss
2026-07-28T09:39:06+00:00,Al Jazeera,False,False,"Zinedine Zidane named as France head coach following World Cup 2026",https://www.aljazeera.com/sports/2026/7/28/zidane-named-new-france-head-coach-after-fifa-world-cup-2026?traffic_source=rss
2026-07-28T16:15:00+00:00,CNBC World,False,False,"AMD; Intel and Micron extend losses as chip stocks get clobbered",https://www.cnbc.com/2026/07/28/sk-hynix-plunges-semiconductor-selloff-deepens-samsung-softbank.html
2026-07-28T15:59:04+00:00,CNBC World,False,True,"Blurred front lines: Trump meets Zelenskyy as Ukraine; Iran wars collide",https://www.cnbc.com/2026/07/28/trump-zelenskyy-ukraine-russia-iran-war.html
2026-07-28T16:51:11+00:00,CNBC World,False,False,"Trump: New tariffs 'doing the same thing' as the ones struck down by Supreme Court",https://www.cnbc.com/2026/07/28/trump-usmca-canada-mexico-trade-deal.html
2026-07-28T16:50:00+00:00,CNBC World,False,False,"Shein says it's under investigation by the Federal Trade Commission as it prepares for Hong Kong IPO",https://www.cnbc.com/2026/07/28/shein-discloses-its-under-investigation-by-the-ftc.html
2026-07-28T16:16:25+00:00,CNBC World,False,False,"The future of Wall Street is here as startups and brokers build AI agents to trade 24/7",https://www.cnbc.com/2026/07/28/ai-agents-build-to-trade-24/7-the-future-of-wall-street.html
2026-07-28T13:56:52+00:00,CNBC World,False,False,"Boeing posts wider loss than expected as Air Force One costs weigh on results",https://www.cnbc.com/2026/07/28/boeing-ba-2q-2026-earnings.html
2026-07-28T16:00:01+00:00,CNBC World,False,False,"Ford Motor is set to report earnings after the bell. Here's what Wall Street expects",https://www.cnbc.com/2026/07/28/ford-motor-f-earnings-q2-2026.html
2026-07-28T09:21:35+00:00,CNBC World,False,False,"Europe wildfire in pictures: Gigantic fire cloud engulfing France; Spain regions",https://www.cnbc.com/2026/07/27/wildfire-pictures-spain-france-bordeaux-heatwave.html
2026-07-28T03:27:43+00:00,CNBC World,False,False,"India's Gen Z forced Modi to listen; respond and act — exposing chinks in the ruling party's armor",https://www.cnbc.com/2026/07/27/india-cjp-modi-protest-genz-jobs.html
2026-07-28T15:40:32+00:00,CNBC World,True,True,"Iran hosts Hormuz calls with Saudi Arabia; Oman as Trump hails ‘good talks’",https://www.cnbc.com/2026/07/28/us-iran-war-trump-hormuz.html
2026-07-28T15:55:12+00:00,CNBC World,False,True,"Analysis: Kevin Warsh has three reasons to hold off on a Fed rate hike this week",https://www.cnbc.com/2026/07/28/warsh-fed-rate-decision-trump-powell-analysis.html
2026-07-28T15:21:01+00:00,CNBC World,True,True,"U.S. crude oil falls below $80 as Iran discusses Strait of Hormuz with Saudi Arabia and Oman",https://www.cnbc.com/2026/07/28/oil-price-today-wti-brent-us-iran-hormuz.html
2026-07-28T15:35:48+00:00,CNBC World,False,False,"Visa is cutting 7% of employees in efficiency push as AI reshapes work",https://www.cnbc.com/2026/07/28/visa-is-cutting-7percent-of-employees-in-efficiency-push-as-ai-reshapes-work.html
2026-07-28T10:23:40+00:00,CNBC World,False,False,"Wildfires burn nearly 300;000 acres in France and Spain as heat wave looms",https://www.cnbc.com/2026/07/28/france-spain-wildfires-heat-wave.html
2026-07-28T12:38:50+00:00,CNBC World,False,False,"Apple plans to lease iPhones for $17.99 a month through partnership with Klarna",https://www.cnbc.com/2026/07/28/apple-plans-to-lease-iphones-for-17point99-a-month-through-klarna-deal.html
2026-07-28T11:56:34+00:00,CNBC World,True,False,"Treasury yields edge lower ahead of Fed rates decision as oil prices tumble",https://www.cnbc.com/2026/07/28/treasury-yields-edge-lower-ahead-of-fed-rates-decision-as-oil-prices-tumble.html
2026-07-28T14:42:59+00:00,CNBC World,False,False,"Coca-Cola hikes full-year forecast. CEO tells CNBC the World Cup boosted its brands",https://www.cnbc.com/2026/07/28/coca-cola-ko-q2-2026-earnings.html
2026-07-28T10:30:01+00:00,CNBC World,False,False,"SpaceX stock-purchasing by Congress members fuels conflict concerns",https://www.cnbc.com/2026/07/28/spacex-stock-congress-lawmakers-ipo-conflict-of-interest.html
2026-07-28T16:41:42+00:00,CNBC World,False,False,"UPS expects third-quarter domestic revenue to be flat but CEO tells CNBC the company is through its 'bumps'",https://www.cnbc.com/2026/07/28/ups-ups-q2-2026-earnings.html
2026-07-28T01:34:28+00:00,CNBC World,False,False,"U.S. and Korean tech stocks are now tightly linked — and that could be a worry for investors",https://www.cnbc.com/2026/07/28/nasdaq-kospi-wall-street-korea-markets-skhynox-samsung.html
2026-07-28T08:00:01+00:00,CNBC World,False,False,"Supreme Court approval hits record low as Republicans' support declines",https://www.cnbc.com/2026/07/28/supreme-court-approval-poll-gallup-republicans-trump.html
2026-07-28T06:16:04+00:00,CNBC World,False,False,"CNBC Daily Open: Chipping away at the AI boom",https://www.cnbc.com/2026/07/28/daily-open-ai-boom-chip-selloff-sk-hynix.html
2026-07-27T21:12:26+00:00,CNBC World,False,False,"Apple ends day as world's most valuable company; passing Nvidia",https://www.cnbc.com/2026/07/27/apple-most-valuable-company-nvidia.html
2026-07-28T14:00:56+00:00,CNBC World,False,False,"Indonesian stocks stage massive turnaround; hitting bull market status after clocking a five-year low just last month",https://www.cnbc.com/2026/07/28/indonesian-stocks-enter-bull-market.html
2026-07-27T19:08:10+00:00,CNBC World,False,True,"Netanyahu; Zelenskyy come to DC for Graham's funeral; meetings with Trump amid wars",https://www.cnbc.com/2026/07/27/trump-netanyahu-zelenskyy-iran-war-lindsey-graham-funeral.html
2026-07-27T21:29:40+00:00,CNBC World,False,False,"Nvidia and OpenAI in talks for up to $250 billion backstop to fund AI infrastructure plans",https://www.cnbc.com/2026/07/27/nvidia-and-openai-in-talks-for-up-to-250-billion-dollar-ai-backstop.html
2026-07-27T17:43:48+00:00,CNBC World,False,False,"U.S. and Iran pause fighting; Trump dismisses concerns of dwindling stockpiles",https://www.cnbc.com/2026/07/27/us-iran-war-trump-hormuz.html
2026-07-27T18:06:35+00:00,CNBC World,False,False,"CME launches single stock futures enabling investors to trade SpaceX; Micron and others 23 hours a day",https://www.cnbc.com/2026/07/27/cme-launches-single-stock-futures-enabling-investors-to-trade-spacex-micron-23-hours-a-day.html
2026-07-27T13:00:29+00:00,CNBC World,False,False,"Spain and France wildfires force more than 300;000 to flee as Macron calls crisis meeting",https://www.cnbc.com/2026/07/27/wildfires-spain-france-bordeaux-heatwave.html
2026-07-28T00:54:02+00:00,CNBC World,False,False,"CNBC Daily Open: Apple reclaims its crown; SpaceX returns to Earth",https://www.cnbc.com/2026/07/28/cnbc-daily-open-apple-spacex-trump-oil.html
2026-07-27T07:00:34+00:00,Guardian World,False,False,"Uganda begins emergency food handouts after 19 die from hunger",https://www.theguardian.com/global-development/2026/jul/27/uganda-begins-emergency-food-handouts-after-19-die-from-hunger
2026-07-23T14:24:01+00:00,Guardian World,False,False,"Two Russian men jailed in Angola for terrorism and spying",https://www.theguardian.com/world/2026/jul/23/two-russian-men-jailed-angola-terrorism-and-spying
2026-07-23T14:06:01+00:00,Guardian World,False,False,"MoD cancels army training in Kenya over powers to prosecute British soldiers",https://www.theguardian.com/uk-news/2026/jul/23/british-army-cancel-training-kenya-defence-agreement-dispute
2026-07-21T22:39:00+00:00,Guardian World,False,False,"Health worker monitored for Ebola in London hospital after working in DRC",https://www.theguardian.com/world/2026/jul/21/health-worker-being-monitored-for-ebola-in-london-hospital-after-working-in-drc
2026-07-21T10:00:42+00:00,Guardian World,False,True,"Healthy diet too expensive for one in three people globally; UN report finds",https://www.theguardian.com/global-development/2026/jul/21/healthy-diet-too-expensive-for-one-in-three-people-globally-un-report-finds
2026-07-28T13:00:04+00:00,Guardian World,False,False,"Past fires suggest effects of Europe and North America wildfires may linger for years",https://www.theguardian.com/world/2026/jul/28/wildfires-europe-north-america-effects
2026-07-28T10:21:46+00:00,Guardian World,False,False,"Javier Milei accuses US Democrats of financing ‘anti-Argentina campaign’ at World Cup",https://www.theguardian.com/world/2026/jul/28/javier-milei-accuses-us-democrats-of-financing-anti-argentina-campaign-at-world-cup
2026-07-27T16:27:44+00:00,Guardian World,False,False,"Pinochet-era soldier jailed for killing folk singer Víctor Jara 53 years ago",https://www.theguardian.com/world/2026/jul/27/pinochet-era-soldier-jailed-for-killing-folk-singer-victor-jara-chile
2026-07-27T16:20:56+00:00,Guardian World,False,False,"Shots fired near US consulate in Canada for second time in four months",https://www.theguardian.com/world/2026/jul/27/shots-fired-us-consulate-toronto
2026-07-26T05:00:03+00:00,Guardian World,False,False,"Venezuelan men sue aviation firms who flew them to notorious Salvadorian jail",https://www.theguardian.com/us-news/2026/jul/26/lawsuit-csi-aviation-globalx-cecot-deportation
2026-07-28T16:40:38+00:00,Guardian World,False,False,"Deaths feared after ‘many people’ trapped inside Japanese shopping centre following earthquake – live updates",https://www.theguardian.com/world/live/2026/jul/28/people-trapped-japan-earthquake-kumamoto-aeon-shopping-centre-mall-latest-news-updates
2026-07-28T15:43:42+00:00,Guardian World,False,False,"Japan earthquake injures at least 100 and traps many inside shopping mall",https://www.theguardian.com/world/2026/jul/28/japan-earthquake-traps-people-collapsed-shopping-mall
2026-07-28T04:00:28+00:00,Guardian World,False,False,"‘We have lost everything’: extreme rainfall across Asia brings flash floods and typhoons",https://www.theguardian.com/environment/2026/jul/28/extreme-rainfall-asia-flash-floods-typhoons-climate-change
2026-07-28T01:37:05+00:00,Guardian World,True,True,"Asia ‘scraping the bottom of the barrel’ as Red Sea oil blockade worsens energy crisis",https://www.theguardian.com/world/2026/jul/28/asia-energy-oil-crisis-red-sea-blockade-houthis
2026-07-23T04:59:08+00:00,Guardian World,False,False,"Total solar eclipse books out hotels two years in advance in New Zealand city",https://www.theguardian.com/world/2026/jul/23/total-solar-eclipse-new-zealand-2028-dunedin
2026-07-28T15:00:09+00:00,Guardian World,False,False,"Guardian Essential poll: Angus Taylor’s approval rating crashes and One Nation support plateaus",https://www.theguardian.com/australia-news/2026/jul/29/guardian-essential-poll-angus-taylors-approval-rating-crashes-and-one-nation-support-plateaus
2026-07-28T15:00:09+00:00,Guardian World,False,False,"Royal commission into Victorian construction sector could boost Labor’s chances at state election; expert says",https://www.theguardian.com/australia-news/2026/jul/29/royal-commission-into-victorian-construction-sector-could-boost-labors-chances-at-state-election-expert-says
2026-07-28T15:00:08+00:00,Guardian World,False,False,"Anger at Labor as Rex Patrick faces potential six-figure legal fee if he loses Aukus documents battle",https://www.theguardian.com/australia-news/2026/jul/29/anger-at-labor-as-rex-patrick-faces-potential-six-figure-legal-fee-if-he-loses-aukus-documents-battle
2026-07-28T15:00:06+00:00,Guardian World,False,True,"Angus Taylor has inadvertently taken centre stage in an Icac hearing – and the fallout could be profound",https://www.theguardian.com/australia-news/2026/jul/29/angus-taylor-centre-stage-in-icac-hearing-fall-out-could-be-profound-ntwnfb
2026-07-28T14:01:05+00:00,Guardian World,False,True,"Banks charged mortgage holders $55m in extra interest after offset account errors; Asic finds",https://www.theguardian.com/australia-news/2026/jul/29/banks-charged-mortgage-holders-55m-in-extra-interest-after-offset-account-errors-asic-finds
2026-07-28T16:42:43+00:00,Guardian World,False,True,"Almost 4;000 people evacuated from tourist sites near Bordeaux as wildfires rage in France and Spain",https://www.theguardian.com/world/2026/jul/28/france-bordeaux-lacanau-evacuation-wildfires-madrid-spain
2026-07-28T16:15:06+00:00,Guardian World,False,True,"​France and Spain race to control wildfires as fresh heatwave hits; as UN warns ‘the climate alarm is blaring’ – as it happened",https://www.theguardian.com/world/live/2026/jul/28/europe-wildfires-fires-heatwave-bordeaux-france-spain-latest-news-updates
2026-07-28T11:24:49+00:00,Guardian World,False,False,"Dawn raid targets ‘umbrella cheaters’ reserving beach spots in Naples",https://www.theguardian.com/world/2026/jul/28/umbrellas-deck-chairs-crackdown-reserving-beach-spots-naples
2026-07-28T02:37:27+00:00,Guardian World,False,True,"France and Spain race to contain huge wildfires before fresh heatwave begins",https://www.theguardian.com/world/2026/jul/27/france-and-spain-race-to-contain-huge-wildfires-before-fresh-heatwave-begins
2026-07-27T16:59:39+00:00,Guardian World,False,True,"Off-duty police officer detains man who attacked three women with knives in Paris",https://www.theguardian.com/world/2026/jul/27/off-duty-police-officer-detains-man-attacked-women-knives-paris
2026-07-28T10:26:38+00:00,Guardian World,False,True,"Prisoners at Iran’s largest jail sew lips shut in hunger strike as executions soar",https://www.theguardian.com/world/2026/jul/28/prisoners-iran-largest-jail-sew-lips-shut-hunger-strike-executions-soar
2026-07-28T04:00:28+00:00,Guardian World,False,True,"A dog saved Houssein Hamze from a bomb. When war returned; he stayed to care for Lebanon’s animals",https://www.theguardian.com/world/2026/jul/28/man-who-stayed-to-save-lebanon-wartime-animals-mashala-shelter
2026-07-27T22:14:33+00:00,Guardian World,False,True,"Trump warns of return to ‘strong military action’ if Iran diplomacy fails",https://www.theguardian.com/world/2026/jul/27/trump-warns-return-strong-military-action-iran-diplomacy-fails
2026-07-27T14:31:12+00:00,Guardian World,False,True,"‘You say genocide; I say war’: Boy George releases pro-Israel song; We Will Dance Again",https://www.theguardian.com/music/2026/jul/27/you-say-genocide-i-say-war-boy-george-releases-pro-israel-song-we-will-dance-again
2026-07-27T11:32:48+00:00,Guardian World,False,True,"Home Office blocking evacuation of dozens of women and children from Gaza",https://www.theguardian.com/uk-news/2026/jul/27/home-office-blocking-evacuation-women-children-gaza-refugee-family-reunion
2026-07-28T16:41:14+00:00,Guardian World,False,False,"Pakistan accused of firing on unarmed protesters in Kashmir leaving 30 dead",https://www.theguardian.com/world/2026/jul/28/pakistan-accused-firing-unarmed-protesters-kashmir-killings
2026-07-28T07:23:37+00:00,Guardian World,False,False,"India’s Cockroach movement threatens to restart protests after mass student arrests",https://www.theguardian.com/world/2026/jul/28/india-cockroach-janta-party-cjp-demands-protesters-release
2026-07-27T07:21:09+00:00,Guardian World,False,False,"Weather tracker: Why Europe’s wildfires are proving so fierce and difficult to stop",https://www.theguardian.com/environment/2026/jul/27/weather-tracker-europe-wildfires-difficult-stop-france-spain
2026-07-27T05:47:17+00:00,Guardian World,False,True,"Monday briefing: ​How the Cockroach ​protests ​have expose​d the ​cracks in ​India’s government",https://www.theguardian.com/world/2026/jul/27/monday-briefing-how-the-cockroach-protests-have-exposed-the-cracks-in-indias-government
2026-07-26T16:42:31+00:00,Guardian World,False,False,"India’s Cockroach Janta party protest victory signals trouble ahead for Modi",https://www.theguardian.com/world/2026/jul/26/india-cockroach-protest-victory-signals-trouble-ahead-for-narendra-modi
2026-07-28T16:43:37+00:00,Guardian World,False,False,"AI sell-off intensifies as investors ditch chip stocks",https://www.theguardian.com/business/2026/jul/28/ai-sell-off-chip-stocks-sk-hynix-samsung
2026-07-28T16:37:32+00:00,Guardian World,False,True,"Tories’ Philp rejects French claim that shots fired from naval boat near him were training exercise – UK politics live",https://www.theguardian.com/politics/live/2026/jul/28/andy-burnham-education-tories-ai-localism-devolution-latest-news-updates
2026-07-28T16:26:53+00:00,Guardian World,False,True,"Tory MP accuses French navy of firing ‘warning’ shots near him in Channel",https://www.theguardian.com/uk-news/2026/jul/28/tory-mp-chris-philp-accuses-french-navy-of-firing-shots-in-channel-incident
2026-07-28T16:24:45+00:00,Guardian World,False,False,"Burnham bounce: Labour overtakes Reform in polls – The Latest",https://www.theguardian.com/news/audio/2026/jul/28/burnham-bounce-labour-overtakes-reform-in-polls-the-latest
2026-07-28T16:12:25+00:00,Guardian World,False,False,"Young people ‘expected’ to engage with new work support; says McFadden",https://www.theguardian.com/education/2026/jul/28/young-people-new-work-support-mcfadden-benefits
2026-07-28T15:00:08+00:00,Guardian World,False,False,"The professor facing prison in ‘antifa’ case: ‘They want to scare all who oppose ICE’",https://www.theguardian.com/us-news/ng-interactive/2026/jul/28/ice-protests-antifa-minnesota
2026-07-28T14:36:13+00:00,Guardian World,False,True,"Trump administration needs to stop ‘public harassment’ of Fauci and scientists; open letter says",https://www.theguardian.com/us-news/2026/jul/28/trump-administration-fauci-scientists
2026-07-28T14:20:46+00:00,Guardian World,False,False,"Lindsey Graham’s funeral ceremonies to begin with Netanyahu and Zelenskyy in attendance",https://www.theguardian.com/us-news/2026/jul/28/lindsey-graham-funeral
2026-07-28T14:09:16+00:00,Guardian World,False,False,"Witness says Lincoln Memorial pool was damaged before alleged vandalism",https://www.theguardian.com/us-news/2026/jul/28/dc-reflecting-pool-alleged-vandalism
2026-07-28T14:00:05+00:00,Guardian World,False,True,"Ex-FCC officials warn agency sending ‘chilling message’ with ABC license review",https://www.theguardian.com/us-news/2026/jul/28/fcc-former-officials-abc-licenses
2026-07-28T15:24:07+00:00,NPR News,False,False,"Photos: Spain and France's battle record wildfires",https://www.npr.org/2026/07/28/g-s1-135880/photos-spain-france-wildfires-climate-change
2026-07-28T12:51:33+00:00,NPR News,False,False,"A 7.1 quake hits Japan's Kyushu; trapping people in a collapsed shopping mall",https://www.npr.org/2026/07/28/nx-s1-5910498/japan-earthquake
2026-07-28T11:26:09+00:00,NPR News,False,False,"Trump to meet with Zelenskyy; Netanyahu. And; TPS holders could soon face deportation",https://www.npr.org/2026/07/28/g-s1-135845/up-first-newsletter-trump-zelenskyy-netanyahu-lindsey-graham-tps-political-corruption
2026-07-28T07:42:11+00:00,NPR News,False,True,"Netanyahu to meet Trump in a first encounter since the Iran war began",https://www.npr.org/2026/07/28/g-s1-135833/trump-netanyahu-iran-war
2026-07-28T06:25:18+00:00,NPR News,False,False,"With wildfires raging in France and Spain; fire crews race against next heat wave",https://www.npr.org/2026/07/28/g-s1-135828/europe-wildfires
2026-07-27T21:22:33+00:00,NPR News,False,False,"Georgia's Okefenokee Swamp becomes a UNESCO World Heritage site",https://www.npr.org/2026/07/27/nx-s1-5906359-e1/georgias-okefenokee-swamp-becomes-a-unesco-world-heritage-site
2026-07-27T16:54:28+00:00,NPR News,False,False,"The 'cockroach' in the machine: How Gen Z is rattling South Asia's elites",https://www.npr.org/2026/07/27/nx-s1-5908567/india-cockroach-movement-gen-z-south-asia
2026-07-27T11:45:56+00:00,NPR News,False,False,"3 dead in mass shooting in Seattle. And; U.S. and Iran pause fighting",https://www.npr.org/2026/07/27/g-s1-135621/up-first-newsletter-mass-shooting-seattle-iran-us-war-democrats-senate-midterms
2026-07-27T10:50:09+00:00,NPR News,False,False,"France continues to fight devastating wildfires; while progress is made in Spain",https://www.npr.org/2026/07/27/nx-s1-5909107/france-spain-wildfires-updates
2026-07-27T08:43:21+00:00,NPR News,False,True,"Ukrainian peace negotiator says drone strikes could force Russia into ceasefire",https://www.npr.org/2026/07/27/nx-s1-5906461/ukrainian-peace-negotiator-says-drone-strikes-could-force-russia-into-ceasefire
2026-07-28T01:02:00+00:00,Reuters (via Google News),True,False,"Oil prices fall 5% to two-week low on hopes for US-Iran conflict easing - Reuters",https://news.google.com/rss/articles/CBMiqwFBVV95cUxQSklqTGZRSVh1M0h3RXpnQWVxSFhReTZHdGZtakI4Skh5NGVuZnplUUVYRzRldjVmX2Mzald4bnJFNklGNnZ0QkRTeWhqb29OR2xzb0JVWkFTUEc4QTZBMDV4bU5TOWlMb2RQNE5EeVRuaXJvZE94azM3cnZEd25tTjNTNU9uZ2dVcnZOQnh3eVE4bmIxR0RTZk1Zb3pSNnlrYXdlQWJXOWxJLWs?oc=5
2026-07-28T03:45:00+00:00,Reuters (via Google News),False,False,"India economic growth to slow sharply as weak investment; oil shock weigh: Reuters poll - Reuters",https://news.google.com/rss/articles/CBMitAFBVV95cUxOUzY5Q0l6QlVUZW9nMzlnMHg1SmJqN1dYNEdtNWx2WnNLR2ZEdEFtdUQwSzV4YjBZMTVyZ010UmxUYzlld0txaXc4RWR0Z0VtanpCVWhzay14eUI1bTMtUzFTUHN2ODFPM01BZF9GLTdKZU1kZjZET2Q2TTdFb05XdDVPTWtGN3FQcUdmVUdQYlNVaEtmQVBVSDA1S3o0ZjM0R1VhSGI1Tl80MXB2enQyckxVbTY?oc=5
2026-07-27T16:07:44+00:00,Reuters (via Google News),False,True,"Houthis say they targeted Saudi east-west oil transport - Reuters",https://news.google.com/rss/articles/CBMirgFBVV95cUxNeDlpSUM2eWhGMl9rVW15em5HMU15SkNkdDJVQlpWX1F3ekVJWFZYcktYT0Z5ajQ1c3JmZ3pocmNjSkRWWTVKckZwNFRUVzBiTktyNXR4WTRUM21pYm1CV3RKQUpQd1E0dDcteTBXMW9uc0FqTFB1bGdpQnMtb3BxVHpWVzlNRHluZmVMVVFFOE5WRTVKdjZFUjNiajlod29ZU1lGUlBnbjh4VWE3Z1E?oc=5
2026-07-27T21:10:09+00:00,Reuters (via Google News),False,False,"TRADING DAY Oil plunges; stocks 'n' bonds shrug - Reuters",https://news.google.com/rss/articles/CBMipgFBVV95cUxPdGNuZzh0Q3lRNmZKTjE1QUR5UTIzLUxxbWlCQTREclFhbm9wbUJoNE5YZW1OVC01MFhWOENqM1ZOS1NMWm5ITVNTMktjZU1wWjRmQ3dOMnhVTkJRS3hhaWF3ckRrSkRWbEVXeGNuRVZuRjFzejBVQjk2VEF5eHpteUlyVjV4YXM1OVNvb0dDQVRnTnBycjI3MlVrbHNwV3ZfYkNXSDNn?oc=5
2026-07-27T05:00:00+00:00,Reuters (via Google News),True,False,"Breakingviews - China can keep dousing world’s oil price flames - Reuters",https://news.google.com/rss/articles/CBMiqwFBVV95cUxQMGcwMFpWaS11ZnlTMTNURWE5cWE2MTV4djJMNGxCX09UM2RKcERjbkJ5aDlXM2lhYmlXbm0tb3pVb3JNd211N1NCSUJEWEpSLWpfTWpYOHIxZVB5a016cGc4QmROOXlvTkF0aVhCbml4dEhjd25RNUpvbEdjS1dfRzRSc3dUMklENFdlR3ZyVGJja1FIQWlBckp0MUJ5ZGtqNC1sZUhuS01SSUU?oc=5
2026-07-27T01:44:00+00:00,Reuters (via Google News),False,True,"Gold rises as oil retreats on pause in US-Iran strikes; Fed rate decision in focus - Reuters",https://news.google.com/rss/articles/CBMiogFBVV95cUxOVHhXdm1LMW9wUmp6UHctWldmTGpCQWlBOWVTdk5GeEtuMzNYQU42TGlWWXQtSDAxeE1aa3JvNFRDRUx6WVB5eGliS21TMEluRkJEUndXeHE1MUYzUVZlZG9CQ1V4VXFITFIyMEhJNUNlczhueTJpX2FjbFBoSmVkSnZJX0pQOS05RExueWpHMGpRMElqUTBVV0lqajBCRG9Kc1E?oc=5
2026-07-27T00:41:00+00:00,Reuters (via Google News),False,False,"Stocks mixed; oil and Treasury yields drop on Iran-US pause - Reuters",https://news.google.com/rss/articles/CBMie0FVX3lxTFA2VEF4Z09wNW9GaGZxaENhMVk5X3ZPSVhjSDNwb1ZKeld2S0xDZFNkZ1l6RDRNdHZ6bktSMnhrOFpNNTJQaU83eEtHa3FVQ0swVjVjSGF0SDlqbjZoWVpQbW1icmJoM1Y2TldZUERiTHdGNUpRbnpWR080TQ?oc=5
2026-07-27T19:46:52+00:00,Reuters (via Google News),True,False,"Dollar eases as oil prices fall on pause in Middle East conflict - Reuters",https://news.google.com/rss/articles/CBMipwFBVV95cUxQdWQ5R1NLZkN4LVQtZkhaQVlCVE9jV0pFNE5JamoxMFdleEdnS0I5YjhzVWtOVW5RVHk0d1BhSVRSc2I0THJIbzlrWXVhX00wemJRX2c2eTRKQ1BOb3FIZnBONjhvUktZVzlWRFl2RG1EYUQ1NTctRWFGa0htZzNBQ2dQdTVZSnBHZ2FXYkpNUVJJVVZQVGkzZ0IzbEZPQUF0dkVMOTBhMA?oc=5
2026-07-28T02:37:00+00:00,Reuters (via Google News),False,False,"Indian shares flat as IT; oil slide counter broad losses - Reuters",https://news.google.com/rss/articles/CBMivgFBVV95cUxNcnJwazdxVWNUNTFKaldnOVZJaWhXS2gzOWZWanRFb0plaWl6MU8zbDVtNjJPb1hlYWhpWTZBOFZiV21nNmVQSWVEMTJzSDdiRjluTGdoeG83bzBDZ085UWtyT0JacnRXVnFPNzc1RVlPaVNQRHRSZDI3RWxLVUo4SEdySExrbldzYU1mcHpGdUFNMnhRTDZsdFlWSDNKNW1HRGR4anRpU3kwTDVvNnFhWkVlajFwU0pZVmlrekx3?oc=5
2026-06-01T07:00:00+00:00,Reuters (via Google News),False,True,"What has been hit in Ukraine's attacks on Russian energy sites? - Reuters",https://news.google.com/rss/articles/CBMiqgFBVV95cUxNbHNMeVZScTFTcFlhVC1UaWpKSmxzNE94VVpSNnRXaWpzTTJMYlplaHpJd183VnhDT05pMGN5QW92VEdEUmFuaVd6ZnRwclQ0NC11NVBxQ1JuNnI0UEUtU2JNSjZTa3liTXFKcU0yUTFkYUlrNFk0QjRmdDJLS3J6MWpPbDU2cDQzTVhrU3lJVEFxVmpJd244N1NXR2RlRk9VaXhfYmY4bHdudw?oc=5
2026-07-27T23:42:00+00:00,Reuters (via Google News),True,False,"Australia plans first domestic oil refinery in 60 years to boost fuel security - Reuters",https://news.google.com/rss/articles/CBMirAFBVV95cUxPUnE2Zy1tTjgzem9JaUdpYV9lWXN1aXZxS0VIQTR3UFJsTGJJanJRMHhvNjVlZmRKS0M2UDBNclNJaWhMMUpMaVFkbmQ1VlRYN05kckJ1UE5zbEx4NzVFa2hwMU1rZENWTG4zN0tpeTctcF9UcXBUaGg0YkhXTUM5UW5YWFJlWHVMVktSLWtFd3BUZ3IzbF95UklwYVpMaTVTMWNNTDB0ZWZPTGY4?oc=5
2026-07-27T10:20:53+00:00,Reuters (via Google News),False,False,"Rupee logs best day in over 6 weeks as RBI intervention magnifies oil slump impact - Reuters",https://news.google.com/rss/articles/CBMiuwFBVV95cUxPVzNLbGNOWndmZ1lxc2MzcUtBY08walVteW9YS0UxeEhxazA3Mk9NWndFa3U1NzRULUI4SThDdGtMSEhmWmpUeXhrd3A2UGw2UGE3M2FhY296SEoxMnowblVGT1NSZ1BpU05jd2ZnSDhnZDc3amxPd2c0QzhJZnJhejVSbXRDS2ZoTnFVZHZWRnhRSlFYYmVCN3k2MUFTMG1ZTC1mTDZ4c0dzM2JDSjNZSmUzYnhmN0lfd0w0?oc=5
2026-07-26T13:29:43+00:00,Reuters (via Google News),False,True,"Most Gulf markets ease after Houthi attacks on Saudi Red Sea oil sites - Reuters",https://news.google.com/rss/articles/CBMivgFBVV95cUxPdUY5ektKSEpjeG1EZXRCR3BGa1NxV1AtdTdZZ0ZnSi0xNjE3c2pjcE5PM3hkTHNGUDBlWVpWUDJXUUxDY3EtUWFaV0QxUnB2clJKZ3U1bjRrbGFwTlhWRGc4R0l6eEtDWXJIdFdid2c1Q3RibUNUM0NDWi04MU83TWxuUnFYd0xNaDZ1UHFYZHQzN0FGMFVMNVgtanh0MzVEMlNDM19tUWFVWXhub3FqQ1NHRnFVNm5aaFVsVm9R?oc=5
2026-07-25T17:03:29+00:00,Reuters (via Google News),True,False,"Kuwait's KPC signs $16 billion lease and leaseback deal for oil pipeline network - Reuters",https://news.google.com/rss/articles/CBMizAFBVV95cUxNZ0JQQTg4MlNFY2RMbUw2Y1F6ZDdiLVBZNDUwbDBVYU0yZDVfVEVPSjM1NWVSdFM0SkRRdURmY2RvMXRJbXlJSDJwZXA3TGw1UllzRGFyU0lJLWZFOW9mbG5RcmdzNlAzeEJJT18xcUdRdWV3dUtzTi1Xc0sxX2ROZzhCcXpkdGxnek5QZXNzeVJ1azhQbFRVZloyQzFZZmVoQ2ZiRGdiRnJtaEZmZVVIaGhpZ283UXFnX3Y3MkpLOUx3RjFLSENSSXozUXE?oc=5
2026-07-27T11:32:03+00:00,Reuters (via Google News),False,True,"Red Sea shipping slows after Houthi attack on Saudi Arabia; data shows - Reuters",https://news.google.com/rss/articles/CBMivAFBVV95cUxQNWxxNDU1SHBqVXozbmd1VHRWYVpQWGVqVUVTUHVlakJjS2lKMHBCbDJCS1hucGROTV90dUhuNS1mUEdKVEtBZjR2b1FwSFZJejdVLWR3WFMxWGV6NVk5YWFOa2o3ZHdnX1R2enpyRm53YnBmRmZyS2trSjFiQ2VSbjZQZ2JhbTdRbnh0RVlleDhYTmtUUjJWN0JpTV9lNXU1X3cwazNYcHhzZkNic1hQdTdxMXZEaEM5MDhQZA?oc=5
2026-07-27T13:10:21+00:00,Reuters (via Google News),False,False,"Kazakhstan's daily oil output halves after export terminal closure; source says - Reuters",https://news.google.com/rss/articles/CBMizAFBVV95cUxOeGgtaGpMYTdoS2Vxa1IzZHB2bnNFUy1RSlB0bEJDRUxhNkRReUhoTVlYdWs2WkpqeVlEZkpNQ0lwZjFuZVNGbVV6RUpZTFVJZmFpZHozVEU4aWlISVlLSVBZakhlejRWT2tyNTZ3YkZROUhFeF9IQlJRYVVwS1N5RmhITDZlclRUN3pPaENpc252dldyVWFZeWhQRW5Na1RnLUJMZVhLM0RmWHJ2aUUwZ3lNZGxxa044OWFFYmh2UkljN0NMNkhVOV96dDE?oc=5
2026-07-24T20:59:53+00:00,Reuters (via Google News),False,True,"Houthis fire on Saudi Red Sea oil sites - Reuters",https://news.google.com/rss/articles/CBMivAFBVV95cUxPZXJqVTM2Sjk5OGw4TnB5SWw2S0xRNG03eE5JLVFfZnp1NXluaGlpU3hHa2o2NHVCTERuOEpHeEliODNVblllcG1FTzdINTZVRUFSLWg2dXphTVphTVRtR0tSYVdKaTJPTEpwN1B3TFZZVnBNRjJvLWV4U3BvYUZud0RzNVpCLUJxRjBYU0U4SkVNbnRwNlhVRTZVS0p1TjlOczBLTG8zNG5nSHFZMzY4WFNZSGIyMlFKMmRJUg?oc=5
2026-07-27T21:07:38+00:00,Reuters (via Google News),False,False,"Baker Hughes flags lower spending by oil and gas producers in 2026 - Reuters",https://news.google.com/rss/articles/CBMisAFBVV95cUxNSnFNZ2tPTE9MX2lLVkRNdnJmWkQ5UXJEX1JybzNuSHFLUjdtRXdraU1ycWp6RGZWR0k4aE1lbTE1aDdlT2IzUXlJN3JZSlZIdmd0TVJySEJ5eXFxTFpDUFNfRG1fb1JHUDRkdF9scGUwOEpFSUs4bGNYWWtuaGNkbU80T1VfbTFJRFozNDFJMXlBcnRfS3V3OWVDU01QVzVaN1cxdWF2MmN0a0pFb3pMVw?oc=5
2026-07-24T20:05:28+00:00,Reuters (via Google News),False,True,"Oil falls on report China pushing for end US-Iran war - Reuters",https://news.google.com/rss/articles/CBMiwgFBVV95cUxNaFZBdXJmU1lITHlha1NMc0hvVjhaOVVFbjEya0Z1ZXZzNGFjTC1lV21nR1MwcjNERmJydnhvc0xNRzc0ODRPRlpScU9UZ0M3U3hYaEFveXdsbDYwQ01zZlk0WTZWSWJZZHhBUHAtMHNNSG1MRHB0RGRzSUVLNGdJV1VNeW54TWw5cERFekMwdmxDNVdWdVp1VGN0c0xqbnRSS0Fyejh3eXVDZ1J1elFER1doSjdPeU1CMTIwZmlvOWM2dw?oc=5
2026-07-27T15:31:39+00:00,Reuters (via Google News),True,False,"Apollo Global to invest $1.5 billion in Keppel oil rig fund - Reuters",https://news.google.com/rss/articles/CBMipgFBVV95cUxPekdTSV8zVFBGX2FEMThuZWtyelUyN3NNbXZDNmNDbW1MUUtYXy1tMGxlUUttSk13VXpsTTJaUE52SVlvNlZFVlhaTmstZ0ZwZVRjeDJULVphcHFIVDAzaG1LSHFJMUhuclducDJCWjFtbGMzR0x2dVh2RjQwMkFsbGJYOXRxY0dXNzg1NHFlc0N0TDB3SXNSYmVzd3p0VGJGNm9jbF9n?oc=5
2026-07-27T13:11:52+00:00,Reuters (via Google News),False,False,"Pollution linked to French-British oil firm's Congo operations poses health risks; report says - Reuters",https://news.google.com/rss/articles/CBMizwFBVV95cUxPYnc4NnlxazI3OGY4a3dDNWxFVU5PZURLSTd5TGlkWmQ1THppN05ScGZsaEJZRFJrLWVUZFFNamgzVDc4enNsMnRuc3F5eFptMEdDLU5nZzNUcmQ4cERTUEZuYnQ5WUZfZE92OGdHYzFlSVVaTDA1VHhPb2dKRy1WalVzUG0xMm9JSUVSempCT3V6WUpXSUVUSWpoRjJqQ2stOThLMXBibVlNbGxUTGQ4ZjBsN3plcVpKS0NjQkhPb3c4TnNfZ2RRaXdLd2NoLTQ?oc=5
2026-07-28T11:39:51+00:00,Reuters (via Google News),True,False,"Production at Libya's El Feel; Wafa oilfields resumes after disruption; NOC says - Reuters",https://news.google.com/rss/articles/CBMimAFBVV95cUxNLXN2Q2gzaEVSM1gtbm1JdlIyZHBUWmxzOEFra2FnZTB5OG9qV3JUODZyMzNqSWx0UThkTDFUV0YwSkE2amgxeTEwZU9LX2JOLVFqYU5lYVo1Yjh1VjRfN2NwdjRuY0FaUXpCUUpPUGROT2RPeVVQcUZiQm8zZS01R1A4a1dObVhGQnhyZS1MbG1iZUhPTVFxdw?oc=5
2026-07-23T17:42:43+00:00,Reuters (via Google News),False,False,"Two Chinese supertankers with Saudi oil exit Red Sea - Reuters",https://news.google.com/rss/articles/CBMiwAFBVV95cUxPMzBfZ2dVYUNDa2lMZlVQYXFfSWU3bWlaZjRVTV9DM0V3NjRDN2pvWnRhMVE4T2RwYXhGdTd1ZEMybWE4ekJGcC1Oa3lsWnFwQ1ZISE5XcUZOazlVaEZQaU9jLTQ2UmstZkZ3UWw5amhGQU1TTVY4VGRXX2R6d0xOMENmTmlYTHBKOGJnRTNDdzVZQ1p3NXA0alZSOVJxV0dwS3AxQkliUkpES0hneVdYMmtjNFpERW1TRkNUVDN5Z2E?oc=5
2026-07-27T07:53:43+00:00,Reuters (via Google News),False,False,"Bank of England to keep rate steady despite oil and gas price rebound - Reuters",https://news.google.com/rss/articles/CBMipwFBVV95cUxPcGRZLWJKdVk3eUx6bnhvTEJ4dlJDWXBUUE1ZQTh4WVlvSEhmRFNPSTI0WjBVZUtjdTNKOGI1WTVKTk9tVUpZSll6dW0tem1wSWZVY2ZQc2pPekw5ZGw5YjVLdDVsVTQ3VTE1Q3lubUM0QWdVWTNMd0hoUjk1ZnIxc2d3c01wTlBMZHRUbGVVZDRpRmdnS3p4allkcTdjcVlLSldBUUtxZw?oc=5
2026-07-27T13:09:29+00:00,Reuters (via Google News),False,True,"Gulf stocks advance on Iran de-escalation hopes; Saudi ends flat after oil-site attacks - Reuters",https://news.google.com/rss/articles/CBMizAFBVV95cUxNWDlJVW0yQmNveF9ERU1hVmp0VElsZ1dDUlFKcDNuZ25pWngxcXhRWlZuTGc0elhMbXJhVnZHX1l4VW1yVE53Q0EyVHZ1VTRrbzJuMnBzM0szcjF2cnA3dUs3NmJCOWp0d0xma2xNcC1Jekhpc2g3eHNLVkpLSk9vWDByVHBCc3VXdXQwUlA3NERuQTQ1X0huSXpyTEFZSUxBSW81bm5RS3BqYWtIc3dQaDBTUHZyNHdmWkJwdzlONHBxRU9PeWlQUEg2NHA?oc=5
2026-07-24T04:38:00+00:00,Reuters (via Google News),False,False,"Morning Bid: Oil batters bonds as AI burns cash - Reuters",https://news.google.com/rss/articles/CBMif0FVX3lxTE4yM3BiWGJhY1RtWFk0U2tXSlp5b21ueFR0cjFRSlUyU3dvclFFdUJ1YThDdmJ5aVpqdlM4bUNHMVJ3NV94YjBhS3ZlUnJpVEVvRlpiVjV5Vk94VXJ5MUcybk91VzZVSFRFakxDN083X0IxajNjSmlMTDNXMG5uREU?oc=5
2026-07-23T01:46:06+00:00,Reuters (via Google News),False,False,"Stocks sink on Big Tech cash burn; oil hits $100 for first time since May - Reuters",https://news.google.com/rss/articles/CBMie0FVX3lxTE01ZXA2WXo2VDZMLUZycUVJVDJ3bTlRSnpyUFg0VnRDUkU1OGVtNGVwQTlSYWgwbjlRRE1NS3RJWE0xTlJrekNsZnJEeHAyZlpGSkJCM2R5LU5uMmFTY2gtS3dmVHBhMGRnZ083S3pycEl0OS1jd2g5SngxQQ?oc=5
2026-07-23T12:28:17+00:00,Reuters (via Google News),True,False,"Breakingviews - Oil price safety net is beginning to fray - Reuters",https://news.google.com/rss/articles/CBMikwFBVV95cUxOZDJLYWptdnh6ZXU1THZSdXEtRTFCWWtnZjl2RS1ZYlVpRHhGNDJUbllYZHRyVjNtSHFad1dlZmRPNHpxeWw2bnM5SVZwbkNnOEtoMEVYT2x3ak5KOC1VcEhRZUNxemJpU2xsNzNXRXFienhiYVNpNTloeTlHbFZFZm1mcFpmQWlSalVxdks2T0hEeGM?oc=5
2026-07-23T13:45:54+00:00,Reuters (via Google News),False,True,"Houthis say they attacked two Saudi tankers; Saudi Arabia says one ablaze in Red Sea - Reuters",https://news.google.com/rss/articles/CBMirAFBVV95cUxPZHZGNUJIVDM4b051ZHVfNEJYZmRlSTdLdDY5S0hLUFpCcTJFeU41bW5mMGtSbVNRNGhBdnhta3JpaFVXeGkxc1VwVmZvY19Ibm9DU0VwNWt6cWJDTm02YVJFZzV3UTZmRmpHckNTWkxGV2pCQjBqZHRDdExub2U0OGlraDNlcWFKaS14R3RDdjBRYk5mZDRoYkNfVG1tcmZybXpwZ1I4d0Z1bldT?oc=5
2026-07-23T16:30:26+00:00,Reuters (via Google News),False,False,"Indian shares extend drop on oil surge; Infosys; IndiGo results awaited - Reuters",https://news.google.com/rss/articles/CBMioAFBVV95cUxNNmdnWk1kZ21IZXh6TzZCVFFNZXJKTWx6azVYSHZrRFdUSkVVZTlVUzlIWl82ODhfbXBEazkzNmhLVGZucEZVZXpUN25acmMzejB5OXJWMEkzTHRpemVKS3o0bUt3UTJDZUJ5OWVDNE9yTnBVbExGUEktZ2dKOHV6cUJHOUdTdXpqbUg5TDVCdDdQZUZWSXFmRDZfN0FIeWdv?oc=5
2026-07-21T11:47:12+00:00,Reuters (via Google News),False,False,"IEA says substantial emergency oil stocks remain after record release - Reuters",https://news.google.com/rss/articles/CBMivgFBVV95cUxPc0VFbTUzNkFDSXZDLXRFM2J2R2ZvRmt1a1haaktTdnlweHloa3Y5WkN4b2ZjMHg2b3o2a1QzMDE3OTBNc2FRY3NzcW9FNEp1UEZFejMyNzRsdkk1SmpabERDTng0RzdXZWV2ajg1clQwQjBkRWV5WW5peDFBczV1dHVieWRQckJpUXFwRkZWSHBoQ1dfTnZDTy1zTW5JR3lZbFB4TEVobEJrRENFSGkzcEZscTdlYnpRVUpBeV9n?oc=5
2026-07-22T06:48:00+00:00,Reuters (via Google News),False,True,"Mideast war escalation threatens recovery in global oil refining - Reuters",https://news.google.com/rss/articles/CBMiswFBVV95cUxPNFpwamRuSUpMbzN4amZ0STVYNUtMWHBwdmQ3ZUN2MEZiZzh2R056S3dGN3JVanctSTJnYm5VeTdwbXJZd29jQndFZVh5LTBSZlZsT0xyUWxrN0JzMU4tUGtCbDlRbmVyR3RVclM4WjJITWF5dm5oR0djcWlwT29hNExiZjE5SGVRM0QzWGRIX21nYWlNLVREQmFuUU5CanNNbEFKUUhFdjRqZ3FuSHVSY2NHYw?oc=5
2026-07-22T01:09:57+00:00,Reuters (via Google News),True,True,"Oil prices jump on US-Iran strikes; stocks flat ahead of Big Tech results - Reuters",https://news.google.com/rss/articles/CBMie0FVX3lxTE15bndqdmhfTjlVQXVscXkwMHFjU3hXNFR5RTdLSnY3a0trdmEzYlNGbm5LeUhxbVJSd21PR1FmQnJpeWxSdHN1aTEwalByRGZFcGtiRUhXeUZSeVdFMHFBekU3bzRvblRKMms0OW5vZkJPekhNSThGOERjRQ?oc=5
2026-07-27T02:34:00+00:00,Reuters (via Google News),False,False,"Indian shares snap losing run on oil slide; earnings optimism - Reuters",https://news.google.com/rss/articles/CBMirAFBVV95cUxNZFFwakwyR09oZVB5bHVkTkkxQXJzVUJzWDhMQlY5dmZnMHFPM1Vfc3lvSnJVek1jUG1kbWoyN3RGdUpwakZETVd2bk1TaVRCa01qaEVtMjc2VWlZRndLYVBpUDJWbi11VW15SFE5NkNJTm0tb01oSlNyM2NLVGRoajR6cElUZUotSHIzYkVuenQ0aTY4NkN6T1BlUDZBU0U2RFctVEFFSnNza0Rt?oc=5
2026-07-21T04:33:00+00:00,Reuters (via Google News),False,False,"Morning Bid: Oil trumps AI - Reuters",https://news.google.com/rss/articles/CBMihgFBVV95cUxONk0xOGR2SDV2cUtiQlh0T3N2NjEzOFM3ZHl3MG9qbGp6MVpsTy1Ic0hieHpsdzd0aFNkWldVLWpxWXRhTzR5SkotNEt1bk1rWVJCa1Q0eGpoU2laUWxDNFd0dzBkQXdMSDJib0hOR3RLajlMMWlfZkEwQUxKTkpGX0ZJMnNmQQ?oc=5
2026-07-20T22:51:05+00:00,Reuters (via Google News),True,True,"Houthi Red Sea blockade would lift oil prices; but workarounds could limit impact - Reuters",https://news.google.com/rss/articles/CBMixwFBVV95cUxNV09nNHJnRVFremV5MkNFSW9ER3Q2bDllSURrWk5tOGpvN0Q5X0xaX2VMTlFZY04tenI5WEltOEZvV25qSjQ1blhnRG1VUGxQZEljSFhfakNrMjZfUkk0SWZPN1BtTDVzb29BOGVPQ2VzWV9pT2U0dThaZDU5Ump6VnZYek5XZlpJR0NWanhrNTAxRnMyT0hqemZieUtjN2x2Y3dUX0tkdUY0SHRTaEk2dmxVZGVYUHpEX3FlRE43VDVwMVpyb3BV?oc=5
2026-07-21T13:25:00+00:00,Reuters (via Google News),True,True,"Three tankers carrying Saudi crude make U-turns in Red Sea after Houthi warning - Reuters",https://news.google.com/rss/articles/CBMixwFBVV95cUxPVmdHTWJMUUNZTWRSakluQzVLdlpKd2dSQWpoYXhaRVl0OTQyYy1oeldnaWRmMXpkSy1OVjFSXzZHbWdzQmtCLVljcnZST3laUk50aThFel81QnZNS3I1TU10MzItWG1CdW1lMENtaWtMS3QwenREbEN2a1l0Ukh5TDNDazl6R0ppQVNQeUljSFJnUncwU1hnS09yZ21ydVR4WDNEZE1ObEUwcmVuazdOYWs3T2NNekdPVTVWcF9qdkkzUGR2SEo0?oc=5
2026-07-27T02:47:25+00:00,Reuters (via Google News),False,True,"Indian rupee; bonds set for relief as Iran-US war truce eases oil fears; Fed in focus - Reuters",https://news.google.com/rss/articles/CBMivgFBVV95cUxPREo0N0gwZF9WbndhVmxycGFteHdsa2ZEQ1BCUV85TVdKLTRfdlBYb0tlQnY4SzNCdHh2dEloR2k4QWFuYlNYazRucHZGa1dxOHNNdGYzcmo1M1BEUExzZGlBMm45WUJHTU1RYUxOZ3RvT2w2MU1yTUpWQUthRzdOLUJ0bHVBeHJLSmNYcVZkS3F6eVplb0NSelcxek54UXkxaHd4QXVzRWIyRVBVczEzbUhETHZzOTIyZWtHdEt3?oc=5
2026-07-22T03:05:24+00:00,Reuters (via Google News),True,False,"Rupee languishes at two-month lows as supply worries raise oil prices - Reuters",https://news.google.com/rss/articles/CBMiogFBVV95cUxPdklZam1NbG9QYS05VE5BWlUxN2E2Mm5PeXdVaWdFamtOYVpoZ2ZNTG44VGFlYnlrcUYtYXJ6amM2SmxWbHdCUmJCVWtSR3d4LXp3eWZ6MHBKeGh5Qkc2cnI2RkJCR1ZudDJvMXNOcmktSnpMZTRMXzJrRzFRZUxSRmNLbWlqYTFtaUpvNkd3a2lvYTRoUkx1Qzk5T2RVVTlsenc?oc=5
2026-07-21T23:31:29+00:00,Reuters (via Google News),False,False,"Stocks jump with chipmakers; oil rises to 5-week high - Reuters",https://news.google.com/rss/articles/CBMihAFBVV95cUxQNlZ6UW5NX1ZjZ3BJZXota1l4Qnc0SjdPWnZGTmsybzNSTXM4cWl1YzlhQ3BnbGREVWVvdjdGNU1nY2c4aFIyMFBkR1J2VkFreGt4d2RQLUgySFd4VjlGLWhKT1hSNzRoa3dmdks2RHJYOGRxamQzTTk0U3g2NWtzZGhobXA?oc=5
2026-07-21T13:38:18+00:00,Reuters (via Google News),False,True,"EXCLUSIVE: Kazakhstan warns head of Kashagan operator it may prosecute over failure to pay fine - Reuters",https://news.google.com/rss/articles/CBMiywFBVV95cUxNSm5LSGdVbUdzb2xQN2dLUl93UXh1cmhvRC1ST2Jtd2dZT0NFMGpUcHV2czQ2UnFaOWRIV29lRzgwenR2aXpKdktuVWtxSGxLYWZhWUNvOGExdENqdmRnT1F2Z19oTFM4LVdscjN0RGtGWVRsNHcwTWpYdGtMMUViNTlTWXVIS2Y3eGtxVG0zczVZSkpkdnd3RFpuRkpYeDJzNGtjSGZaQVNBTWJyWnpJMDY1dGRMUWgwWGZLbnNFRmt3dkQtdWRJcXZGcw?oc=5
2026-07-27T08:59:43+00:00,Reuters (via Google News),True,False,"India's MRPL seeks crude via tender avoiding Red Sea and Hormuz; document shows - Reuters",https://news.google.com/rss/articles/CBMiwwFBVV95cUxNM215UENjamZURzE0OVdSdnRzWklGazlWTURZOFpNSDZkWHhuWXpPRHRzSElvQ2xCanR5N19mUU9wcERaa3BMREZjWHNVQWhYVUMxWUZQakRGZGFFUUU0ZHpxckpRb2pNbGM5SXNXOGJWaHdZcDNEaHhXZ1pLQ2RMbVhGX3NCM0ZGWE0zOFFMcWNFNlkwSDRhdnI2UDZtUDh5cWxpeGVKREw3LXFjcE9rS0FCcEVkbERxbFNpOTA0dHVnOXM?oc=5
2026-07-21T06:56:00+00:00,Reuters (via Google News),True,False,"IMF says oil prices; weak monsoon pose biggest risks to India's FY27 GDP growth - Reuters",https://news.google.com/rss/articles/CBMivwFBVV95cUxNdXA1S24xNVNIOVpyN2FjV250Wkx6YjBIQTBzR2pBLVVrZ2Z3SmdZNTNDRWhsUnJaaGFNanVnMHQweERUVndOdE9YN1JoQUtac0xEclMzVC1kYmZjaUxjV1BOcHdISGZRaFBVbEk2Z1c3NHVHWGpkakZYNjUxQjREdkx2eVNodG5FZGM2VFd1M3hmaVpvVE5KUndiNUNERDR4Y0I2dDRGTndlZHlfeXNaaFlMX0ZpTnF1ZTZZenJJVQ?oc=5
2026-07-22T03:28:39+00:00,Reuters (via Google News),True,True,"Tankers with Saudi crude turn back as Houthis open new front in US-Iran war - Reuters",https://news.google.com/rss/articles/CBMitwFBVV95cUxQT0Jlc0k2UzBpUjR0R3ZWd2NKVzZVM2F6azd0VWk0WlYySWhpTU8zc2V2NTVWc3hWRzBYSUk2LXNTSzhoUnF1VUotZ1FhdTlMVE53TmtEUllYSThLU3hSU3hIRGRxZHFoaFZXM2VReGdxNGVVcGVOYXh4NTcwdHBpWkZqLWtCTHhOdjFIbWhJcExkcUo3amxFa0x3N3VadTVqbXh2LUxQYXV1Y05IM0N4QlVlUjNmWHM?oc=5
2026-07-26T07:32:27+00:00,Reuters (via Google News),False,True,"Iran war spreads to Red Sea and Caspian; Gulf quiet as US forgoes strikes - Reuters",https://news.google.com/rss/articles/CBMiuAFBVV95cUxPYnVSWlhuMFM5LW94bUxZY2tSeDlTX3p1RC1yNk10aVJobG02aVpFeGc3bFowLVZIT01sQk5yekpRWHNUYmhiS3gxSmJTbF9YU2hROXlmQ3hSMVFvaVpDZlhuUXp6N0d4c2lERjlra2NFeXp6Y1Uwd3M2U3prWUp2LTNvMG5Zd05laVktTmJXaXFTNnp4V3U2RkUwV0FNM04yc0dsQWZKc1BtOFk2aDFKQlUwc21pdW9k?oc=5
2026-07-25T14:33:53+00:00,Reuters (via Google News),True,True,"Russia says Ukraine killed 11 in tourist camp; Ukraine strikes Russian refinery - Reuters",https://news.google.com/rss/articles/CBMiwgFBVV95cUxNeXJ5QTJWbFFBczNEWDVtSVNpcFV4ZFlRbkZZb1lpVkx4UkViZGdRSW0tTlN1SkRvS2dRY1kzSnV1VmhuQ0VKUy05WmtBaWlIZ0tTYnpWanZ6ZVFXb0VKOUd2Ukl1bENYYXJJWUY3V080eUJzVElZUWhsZU83ZVdJQ09XYW5pbGpxVFFiT2FITW9NblFjOHVKTjhHQ0xMLWRrblAwVi1EbXhSWmpFZkxzMFNEM2dKMDVSU1JnNEtPRWhsZw?oc=5
2026-07-25T16:34:01+00:00,Reuters (via Google News),True,True,"Fire at Russia's Tyumen oil refinery extinguished after drone strike; officials say - Reuters",https://news.google.com/rss/articles/CBMisAFBVV95cUxQU0JlWmlacURnU3BGX1NNdGhGcFRPRzM5TnpsY0JQUGkxWnQ2T08zcmFWZTZKOGV3TmlRQU9xVDZ5R1VyRnk3a1g0M0E0MVZFbXQ0eE1DMXdfTGVBZFpVMTdHQVZTdnF3azk5Nk5SOTBzVWFweXRzd2dRbjJlcUVnV1BzVnJHZHI0MW9OUm4zLUkxeF9EeGtvUHhJLUdKZmwxR2s0d0VBZXE3WloxSzFBUg?oc=5
2026-07-23T21:10:00+00:00,Reuters (via Google News),False,False,"Trump to impose 'forced labor' duties on Friday as temporary 10% US tariffs expire - Reuters",https://news.google.com/rss/articles/CBMitgFBVV95cUxOZjlYNnVfaDJNN2FOQldfTTRPclB4cmxtTWxaSDkyUGJJZHhtYjJEVUZnRmxhNjZEV0daUkZJS1ZHWHFJM1hSNDlBcVlwUlRIdVN4ZmVzVmgtbUpxM1NyVlotQVA3NmhUb090NVFzamlaUkhCTjFuRzZWTjVTUTYxMzhBLXNld09NWGdadEx1bXdnemUwbWdtbzg1X0I2Y3VJZFpiOFk0blpFSS1ieklCeFItZzQ4UQ?oc=5
2026-07-27T10:00:48+00:00,Reuters (via Google News),False,False,"Europe faces a long; cold winter as fuel buffers dwindle - Reuters",https://news.google.com/rss/articles/CBMiuwFBVV95cUxNVjBLeTRNSEVib0dxdlp3ZUprX3dtVEpOZ0VuUE9mQWVWUk1LVW5fc1BHemRIY1JxMV9vVk9oZWtTX1pKX0NWWUtUWG0zWmdWSFhVX1p6a0pzOVVpT2dDVHhZeHRkYTZHd19nVktoNE1CTXh1ZkdXeEZJUTNrcW9GMFRWNjVXZGlQN2FncTdJT3FsYjdJbHZIdW95ZDNfRHdfTk1HU2UyMEVJa2x1cEc0NldESWJfY0pGYkN3?oc=5
2026-07-24T14:56:19+00:00,Reuters (via Google News),True,False,"Investors fret that spiking oil prices and rising yields could threaten stock rally - Reuters",https://news.google.com/rss/articles/CBMiywFBVV95cUxPOTdVOWdQQUJ3WEYwbFVGczNoTDBvWlRCQ19HZmZ4SjQ5V0d6YmJheWF1SHh0OHN4dUZKYThsd2RGMENOY1FxbU5zdGlseHNFaGNINjFHYzMwM2RjTk1jSU5SMzdCemZma1NLd0FWZ0Jnek8tQ3FmbHg5Q2NDdFZDQVlUQ1BWQ1hmSGUtQ0xpNm5wY0NveHEzQ3RzN0dEbkUyUGgtQ3JYY3FzajBGZUpxVGdQMlZDT09yeU5hMzQ4RU9lRlFlbE5sMngzRQ?oc=5
2026-07-25T22:37:32+00:00,Reuters (via Google News),False,True,"Houthis fire on Saudi oil sites; no US strike on Iran for first time in two weeks - Reuters",https://news.google.com/rss/articles/CBMiogFBVV95cUxQNFdZY1R2bFRCTk51X1E2U2dLZUphMDA2MVlUaGRzOEJXRXc5Vl9ObDNaVE9FNnU4eTV6TXBjYjRyR2xZekJYeGY2VHNrYW9hSjhpSjQ0aVJEdXBkSk9Ja2NXRjZjQng3Rkp1eFBHMlVwQ2paZUlVRnZUN0l3OThQRlZVLTJDanZHREpMTjFNVm9odWl5alZwRUpDbUhwSWRWeHc?oc=5
2026-07-24T14:36:19+00:00,Reuters (via Google News),True,True,"Physical oil prices jump with some nearing $110 as Iran; Ukraine wars hit supply - Reuters",https://news.google.com/rss/articles/CBMixgFBVV95cUxPaWNvYzRoNkNQa2xmbldvVnNQcWQtRUp3MjFNQmJqRld1Z2R0X0JJSzFUNDJRcTRLelItMUtPd3A0NmUtNmJJZy1jRUNabTVldWxBSld6VDhOQ2VCQVpSV1J4VUg0Yjk4dTI0UlZiMVVWYnFMaDJnQ3JFOGdwLVVYVjV2RnJIWHRla2lOTEhUMEVCbU9rN09nWXdkRzVEbDlKcTZoYUFuTlYtQUxZWlFVWXJudktfNFdaVnBOajZ1WFA5Wk5na0E?oc=5
2026-07-24T16:18:40+00:00,Reuters (via Google News),False,True,"JPMorgan warns 'super' El Niño and oil shock could prop up global inflation - Reuters",https://news.google.com/rss/articles/CBMiwAFBVV95cUxOV2paekR6LVNxWXlWNmdaNUxvTEdXTGdPMGR5QjFtcUN6c25mZzdLaXRsV29DQS1NY05qNm1oRTVBVUM5MEE3Z2o4RzZWN3IxemdZVnJnNU4tV3JSLVM1V0tZZzZxcjB2R3gyTE8ybTMxOVVWNnNjYU0xa1RRc1Y0el92cHJtYklhVmp0dlBzdGt3OEx5VUQ3Y0dFQ0p2dUUzSlJ4bWM5U1FBSWg5Q1pzVzNUOEkwNFppSzRWdzBReUE?oc=5
2026-07-24T08:05:02+00:00,Reuters (via Google News),False,False,"Stagflation talk returns to rattle markets as oil rebounds to $100 - Reuters",https://news.google.com/rss/articles/CBMilgFBVV95cUxPWGV3WEFzTUlYVHd1OGNRbDBDZEtVWmRKb0p6NEVjOUFPQTZacThBczNFemNrVWxfclViZHdOOGw3cU4tLVdxSkRBM3RVLUZ3Z212Qm96a1JBUHNkLWN3V1dHNnd2eDJNUms1d3R1ZTN5dGItcmtWWjc1cGtTcTRvaVlfWGpoODJuQ3Y3MFc1ZGhpa2FyVlE?oc=5
2026-07-24T14:21:43+00:00,Reuters (via Google News),True,True,"EU sanctions Georgian refinery for processing Russian crude - Reuters",https://news.google.com/rss/articles/CBMiqwFBVV95cUxOcl84bExmdjRpU1JvcGVSdmN4VjBHY1Vwc1FiVHhHekJ6LXBySHc2ZTdQencxZjFBY3Jsd1VJc09RYUNGUWExOWpfOS13Z0NybURtdXkyNUhKRUxKVVhPZmROY2hrOUdJcElnYkhUcnpRTUtGak5ZOHQ3c280eUhtOElrb2M4NXZhMUlCNy1wVXcydkJVejdTVzJENTMtc2lfbmd2Vk5jRmd0Y00?oc=5
2026-07-23T23:07:30+00:00,Reuters (via Google News),True,False,"Add a month at sea and $2.5 million - what it costs oil tankers to flee Hormuz and Bab el-Mandeb - Reuters",https://news.google.com/rss/articles/CBMixwFBVV95cUxOUlN1bTdzeXE4MGNNX3JUY0FhZVRPbXlMdXhWcnZuaXBJQnpjNEVJeGM2cnZJeExGWnN0YUZMaWxBN2xKdk04S0ItTnppcjM2aUJYaUZqdFpmWjFHNk54SjZsSXotUURVdzhCVzFac2FCRHhaZ28yMHkwbzVzQmNBZGk5TzRmVGo5M25FRmVDelN3UnotbDNmb3VjWFVJRkJfZnJITElmNzdtNExlam15a0hpUmJSYXk4Z3ZqOXRPZWh5WFVMRHZz?oc=5
2026-07-27T06:00:00+00:00,Reuters (via Google News),False,False,"US energy cushion faces new stress test as Middle East risks rise again - Reuters",https://news.google.com/rss/articles/CBMi0wFBVV95cUxQX2U1X0JmX2tFWGZHalI4Y1ZPaDdFdEhVMVlsWi1iMVBISTZ5Vkd4QXlGRE1NRW9ZWUwzTTJtVlpySFJYRFU0Nm41MGhHM2FfMmNWTkpwQUhsUzUtQ2VQcjVGRjQyVDR1Y3dSbHI1cFVwMW5JSVptRS1uU09DZi1WNHJVY05pZ2ltUEYtQnJnNEVTTUJnaXhNaFlMT1Y0RjBZTDc0ZGFRMXZIc2JLdEk1STczY0F0UnUzcGdHc0otQmIxYTZybndEQ2p1WGpMWU9tMWpz?oc=5
2026-07-28T07:31:43+00:00,Reuters (via Google News),False,True,"Bab el-Mandeb shipping rises amid hopes of resolution in US-Iran war - Reuters",https://news.google.com/rss/articles/CBMitwFBVV95cUxPOVRYeklCVkdfd0l2ZjNMQWgwUFQ3RjVqQVVoUWV0ZlNWQTNhYWx2NnJWcE1lMncwLU0wcDhjakQ4MmtLb055cXJyVDZyeWVIVEJ4OEg3Z0tTbXVfTUtjT3NxNHpyWFZicm5DV1plVXVDWHBDZGtlMkdENVNlSkZzTVN1V29sQWE2Vm1YS3JHYTFlVmhsRzYyTHJFMWhQa2NRa1lNUmhJcnBvNzVvUm9BTnJyYWQ3Z2M?oc=5
2026-07-24T20:26:04+00:00,Reuters (via Google News),True,False,"Stocks mixed as oil prices pause climb but yields hover near highs - Reuters",https://news.google.com/rss/articles/CBMigwFBVV95cUxORzVSb2tZRUVrYzhLQ0hCcVk1clVDQ1hjaGFPVElvd0JKZ0RVeGFTQ2JBVlVwRFNLbUxHOGZKTnl3WGEyeU5PQzEtTnBmVjBRdVVVUHBaSzJXY1pRT2ZFenczR0d2emszLWpGZDItNEcxd29RSGdWSDhVOEM5RjZRRXc0VQ?oc=5
2026-07-27T21:32:50+00:00,Reuters (via Google News),False,True,"Trump says US and Tehran having 'good talks' as drones hit Iran's neighbours - Reuters",https://news.google.com/rss/articles/CBMizAFBVV95cUxQYTcyMDhXSXVNVFp4QlpqSGdQc3ZqaFN0c1hYSml1ZWhZS1FXbVN1Ql8zYUllVkpETjdMbXNRWUV3eHVqZWFnYnlBY1pvTzQ0WGNESmRyOGhCaFU4dEZwQXptVEV6Q19xb2FBVGxuLWFmUUZ0c0hjRFAzZXJMN2RYd0diYnJQM1M0Ylp6NWp1M0NBMFlFWi1scUNFRGtJblVFUEJzWF9iRTY3QXY4OFZuWmM4Rk01NFF6REllM0NpSEVXVmd3OFc5bnc0ZFM?oc=5
2026-07-27T18:22:27+00:00,Reuters (via Google News),False,True,"Saudi Arabia says it destroyed drones launched by Iran-backed groups in Iraq - Reuters",https://news.google.com/rss/articles/CBMixgFBVV95cUxNaWRZREdhWVZkczJxVE5YTlJ5QjV5eU1WamJXY0ZaeUJPYXFMRDd1bXNSVzNTa3IyZVpvVF9lUExoXzhLTkh6ZVJTa3hkc2txenhUSE8xcG5nd3NYMU9GTGlHZ0xrazRhWFhoWVdPZl9tX3p3SlEtRFBXWmIyVXM4Y2hLMHNBMWoxVHZVenhoMVVPSzFvM3EtWnM3NmJyUXFydU1UNWxfMFlsTmpYZFhlR3pEN3RfaHQ3VnFPZXVPUzFpQ1ExQ0E?oc=5
2026-07-24T10:08:37+00:00,Reuters (via Google News),False,False,"Intervention shields rupee in face of oil; hedging strain - Reuters",https://news.google.com/rss/articles/CBMiuAFBVV95cUxOSS1jM2NubHJMN3JfRmRUUDBsSXNZZjZ2X2VEQk41aHh2MmJWNS1IMjAxbHJUR2NtRDJVRzZUa2c4aFhUWXBBUkMwM3YyMDhzY3dDU3BIejk5dmNQa1JpUjc5QnNTQlU1cERpdWhUQmtXTmRLb2xpREdqY1prLWdpNTV0RXpyMnNrdjFBWmZiMzhCa3haMXc3NXFrWXM4NWQ3WVBQOGt5NGVKLWJLS3hiY0RmeDhMcm1p?oc=5
2026-07-27T10:27:44+00:00,Reuters (via Google News),False,False,"Growing number of brokerages see July Fed decision as 'a close call' - Reuters",https://news.google.com/rss/articles/CBMiqAFBVV95cUxNa1VuQzdOeGxfQ1pnN09BTURpVUtqalhFNmNiaGtBOXJENWhzMjFZYzJxdC1zNGVFMjNKUmdneFA5Qkx2NU1PVWxLdHhSS1kzRGN0Q1VxUW1JaTNFalMyZWhMY2ZWSlBlY01EakRDY1lPaFlQZ3BzdXhoUVUteDRWNGhxeUUyNFBfMlpLSnI1NlVvNjE0ajVRMWVTX2ViUDBVMkxHaUVDVno?oc=5
2026-07-24T13:57:30+00:00,Reuters (via Google News),False,False,"BP nears deal to sell solar business to Kuwait-backed group; FT reports - Reuters",https://news.google.com/rss/articles/CBMivgFBVV95cUxQdGpKQlpwcDFBX0c0RGV4ZHMyejVBZW55MkNqMW9FbXE1YkdILUdjQ1RSYzRBSUsxMkV5NkMxMy1kUEpaUnF0NDF5aXdWa003SFNzQWtBNmVOLWdjeVRxLWFwMFZVMUV3bXE0QVlaa0IxRE9UQV9femtmWUJzdlNDNDJaNHlDNEt3SnUzV2hjdXRhVmlBeWNUbDdvYWdwbGVMd19GY1RiOWpmNG1UdWRFUUJESXZ3Skw2cjBCSmxR?oc=5
2026-07-23T14:43:45+00:00,Reuters (via Google News),False,False,"Russia's oil and gas revenue seen up 60% y/y in July - Reuters",https://news.google.com/rss/articles/CBMimgFBVV95cUxQQ0ktU0NYejNqLUtnV3ZhdVFRUUJObFc4dXFSMXlLUnRkVGJxRDZqbm1ZNVVQVFJ6UVJfSk9vV1kybV9EUlFVbnVMWWVQWER2SUlVMzIwemVhRVpacDE1cFNCUEhDWDRoQXZGRlRfVFZwOXRsTm5Cc0x5M3NfWjBFeTRna0ZDS2tEY2xnQklSay1XVFNIcWFJZm1B?oc=5
2026-07-24T20:29:25+00:00,Reuters (via Google News),True,False,"Gold edges up as Brent eases; Mideast developments in focus ahead of Fed meet - Reuters",https://news.google.com/rss/articles/CBMingFBVV95cUxPTkFxM3hTSjdVaTVBREZMazRNOUhabGlBTUdxdk9fSklYbzliUC1Lc0FLX1dOWmlhM1NsQkhoZVowTVE3ZHNJLWQxbVNoMXVvVFc1VG5NTEQwYThjMnhUMVI3TTRUNmJhMGhrTm95WFM1LTY0VEp4c1ZDcXdqaVhZQnVMYkM0SWliSFF3bHJBWXFFUTJLVVRxLTNfdnA5QQ?oc=5
2026-07-24T14:51:16+00:00,Reuters (via Google News),False,False,"Hormuz ship transits steady at three for three days; data shows - Reuters",https://news.google.com/rss/articles/CBMivgFBVV95cUxONUpwMFpSRmdBVDNVcTVvcF9aQnBxeFZKbm91Wk5wN0VlZGt5TlZHVzIwYzhGdDFkOGd5YUZGS2ZLM29lZ1hjMm5NeE5XeWkxRmczVjJaeF9VUlVMSXBES2xYWmZQOUNhS3hCYjY2Z3NFTWNXRG14WGZqUU1JaTNMTE1kOW9KcS1Fa0Z0N2xicmRFTElnZGhiLTBWTTZ0WDk3dTNTYWpPaktkTWpBSkJZT24wZEZUNENPTlZVZEdB?oc=5
2026-07-23T17:04:27+00:00,Reuters (via Google News),False,True,"What's in the EU's 21st package of sanctions against Russia - Reuters",https://news.google.com/rss/articles/CBMimwFBVV95cUxORVFmcndVRlpnZk84cG1MdjJ3bnBLTThobTlaUlFzdXRidHcxWkhjTzVtM1lvYnJxaHBERzBFN3lYcjVFMjFYY2V2NWU4bVFEb0M0c2RweFk5U3FDaGhYZE9rWHU0bkVqemlQU3JGZmtmN1hLUGJDaTR3aTlaWTFHZkNuYW1zWWl5VlVscVNhbTlNWWJRUGxORWVIcw?oc=5
2026-07-24T17:59:38+00:00,Reuters (via Google News),False,True,"Pakistan; Iran explore path towards new talks with US in a China-initiated push; sources say - Reuters",https://news.google.com/rss/articles/CBMivgFBVV95cUxNeElZbVRDTVhmbnotSkZKNEZLT3RiOEZCOW9ISVF3MWNYTTBqaWVKS29GNVJuc0Z2bzVKN2RKbm9mdTREaWx6WWh0UGhDMS1Cb1pRQ0xQOEJSdTlBRGhZVlZPS014X05BcjFDX2x0Q0JSTG45R2c2eEdGMzNiQk1lVG1vSDFnb2xDTkl2dHo0RFJ2eTN4aXRhMmI5RHdjZXdySWFzWlE5TDNQZ2V5bnljUEIyanJyTTZjY2ZUVWZn?oc=5
2016-06-06T02:15:43+00:00,Reuters (via Google News),False,False,"Global Market Headlines | Breaking Stock Market News - Reuters",https://news.google.com/rss/articles/CBMiR0FVX3lxTE5ZWXF2SEtaQVRwQ2xTbk1CYWlTbXRfQV93SXNlWVJYWkEyeTVVajM5bU00d0szRW5kdDdVa0ZDY3JJNkZRRmlR?oc=5
2026-07-23T19:24:11+00:00,Reuters (via Google News),False,False,"Oil executives rush to complete contract migration in Venezuela; sources say - Reuters",https://news.google.com/rss/articles/CBMivgFBVV95cUxOZU1zVS1QMWxpVi1mVGRxVnBvUlFSd3FGSXg0VFYxcjhBLVpWdzVha194a0NvWjZLWFBNZjZRMWlrSXZLS0FUR1p6OEVNNVY3eng1clVBNXdVell6VmRnRS1rS2pGVElHc1l4ajZVSDRmSWRLZ01OWFUtUm9PeW1hYk1vS3Fndy1zamxPRmp5a3hZb042XzZ5RkhBX1JZUU1ETGZqMUFkMnV3MHNkUnBCcmpCUVAxNFp3OWc5bGNR?oc=5
2026-07-23T15:17:42+00:00,Reuters (via Google News),False,True,"Kazakhstan slows oil output after drone strikes on export port - Reuters",https://news.google.com/rss/articles/CBMiyAFBVV95cUxNMGpVWmVoc0tETFdtZ1dOV2lnZzMydDBZVzRlWGdRdzBLOEY0aXV4VGk0aGFDRkVCenppTVZOaERHUlc2aDF5c1hNUFoyMVBUcDBrQTlrYU90WVRkX3h4ZDktUGtRQUc1M0FoYjRnM1JRSFZLaTE5RDZ4MzVCRGVUT2lpNGpVU2h3TUpCSkFSOWw5Qzdha3R3bUw3Z3BtRFFJcnJjbG8xSDVHRGIzUktEdWx6RFVjYmNPTEpWUXQ0d2RIbGZXUkRYdg?oc=5
2026-07-24T20:52:37+00:00,Reuters (via Google News),False,False,"Yen records biggest weekly drop in over two months; dollar climbs for the week - Reuters",https://news.google.com/rss/articles/CBMiwwFBVV95cUxQR1d1UDB3eEFoN2xlaHVUc19mMFZjSzJBRFVvXzVhVTBXZ3VmSEFNSktSejlPMzk5N1NWVEsyTGRsX200Z3h1RXVENjRuQ3g2UnRzYndRT3lEWE9TU1FXOUdQTzhFU3plM3RQTmVuX0xhZ2JIZjU1eWRnV1ZELUVxTVVyOGN0WjlZbHczbGxUSDNmYkEwSjZmU2ZwODQyMVlfTkp2WVBuOG1FWmJVTHJYVEtoU1Yza2huYUU2NWxTUUJVdDA?oc=5
2026-07-23T17:18:38+00:00,Reuters (via Google News),False,True,"EU targets Russian banks in new sanctions package over Ukraine war - Reuters",https://news.google.com/rss/articles/CBMixwFBVV95cUxNbDk5Tmt4am9MUUVyY0V1RGRnbm5hbE5TcDJqTDJuRXlmaVpOdVJuN2VRYXIwaUwyRU9UdDN0b3N1eGMxS0NlelNjWmhqemJfN252N2QyVTBNSU9QSHcxbmwySkRnQk5XSDZLdXEwNEVTbEhmMDJNdFpuM2RvcjItMGJwVF9JMElIekt4TEtjSlF0dXBJMG5XUkw3ZHg1aVdRX2paMnRBdkFWcHlCbW5zU1NWWDRpazZtQjJfTWlQMnZ5cDN1dE5J?oc=5
2026-07-24T01:22:43+00:00,Reuters (via Google News),False,True,"Trump vows to punish Iran for Houthi attacks in Red Sea; oil surges over $100 - Reuters",https://news.google.com/rss/articles/CBMizgFBVV95cUxOck9rMklSSHp1Z0E2UmlqZUJHSWNxRXNSZGtZd1JTOFdSbUE2amI3RHFmaUNuSS1nU1NzaThJdVIwVzZFcXVIaXNjU3lrSVYtaDF5THNwWkpqUHVwTEFsWklsbnp4ZllTMndIYWhRM0RZa09qaTNiVXVCNmh5a2p6MnBidG1kWkJSUVJnb1RuOXdUcU5MRDVxbzJmcDE2UWZsaVZYRDdCdHlYcG1kUTdKT093ZXI4b3VkWjZNRzdDUDIwWEFWMHRia2FIY3dIdw?oc=5
2026-07-23T06:06:45+00:00,Reuters (via Google News),False,False,"Cutting off Red Sea oil route may be one crisis too many - Reuters",https://news.google.com/rss/articles/CBMiwwFBVV95cUxQcDNZVWRlWjdzWnJpZVllWC1GWWNFSlFhNnB2LTJHWUsxaHlJS3dQYXNrSkhFcG5IbS1DeTkwaWxETVRUQnpxSDhDbTNQMUFHUW9FUUwwZUVmcllHbzBsVkM5WWZJclVyb2pkVlRORFJWVERkRjg3eXdSdi13cVV1SDU1RnRmaDBPQUZvb2IwT1ViNG5ZLTFtY0prQ0dGOVNwVks5Q3g2TS1pTnJ1TUkzVzhBcjNtR0NkTkdwZG1pQTNxWkE?oc=5
2026-07-27T11:11:36+00:00,Reuters (via Google News),False,True,"Ukrainian drones kill five in Russia's Rostov-on-Don; target Taganrog; governor says - Reuters",https://news.google.com/rss/articles/CBMixAFBVV95cUxOUllwSVdNY0RvdG51M1lkSVYxY2o4NE0tQWx6cm1BTTVvUGpIcHZHMVJOMWVXYUFtSTBqX1Y2eUpKZE5HcE82Vy1uNC12bUVpNUtES2RoVFk2RDlQMWVucGVKN2ltUktyZkhBMzNzWUNFQmhSU3FOOUxpWDhQbnMtR1psQ3A5bEdXczl5WVdzWXNCVUN3amthTGJkQzJ1WjVxYzB3VUUtSEl3Q2ZNOExGTF9VS3YyVnptdlJrMFNhRjRucm1T?oc=5
2026-07-27T10:54:19+00:00,Reuters (via Google News),False,False,"Morning Bid: China chip champ - Reuters",https://news.google.com/rss/articles/CBMilwFBVV95cUxPUTRoU0xKbG1VaWljZWE0Vkd5akUyckxHM1ZLSXlCX1Fsb0FvODQ0U2dCVmkzYkpRV1VldktYeEZTQ2RJSEtLVU5VRmtvZF82WklMbGJnM2JVNk9vVy1LekpKWjlRRFVrSTFYRXZJVDhrbEhULVZjcWxJejNaamFvVGZDRkpMSE9lSmlDVGJiMGx3QjVCWTVz?oc=5
2026-07-27T07:00:00+00:00,Reuters (via Google News),False,False,"Vitol paid out $5.9 billion to shareholders in 2025; filings show - Reuters",https://news.google.com/rss/articles/CBMirAFBVV95cUxPT0JrSllCWmZfWkZ5aF8wcTNBSXBOcllCUVFkVW9CazJVem1KMGhGU2g4c2N5S1RnQzUyRVllWTRIbElDT0F4Z1d6cjdkc2J5V1k0WEpLNHlTbXhLbmhqdEN0NGRZcG1yMXp4N0hEWTRYUXJTd2xDXzRXRENZamphUTlCcGQwc2VaQi1rRUwtUEQzVzYzT1R3QnlFUW4yY2JaOTl2Q2F6dnlqZGdO?oc=5
2026-07-24T22:32:28+00:00,Reuters (via Google News),False,False,"Nasdaq lags on angst over AI spending ahead of earnings reports - Reuters",https://news.google.com/rss/articles/CBMipgFBVV95cUxPRVFoS0pPSjU4OTY3YzBVSFdHN3kzZWd2UjZ0WGRiX0pEUXhzNnZ1UjU2eDBnN3hlZHdhWnJvSWhEMEpJbUVhM01ETXdrbTFkSGVoX2ktUVVhckI5Qmlha2wzcDZmbkZmc0dZeGhnb0tYZW5RS29tUGlYWU5salVBOFRkYmQ2enhOcktIYmx5UHBUNjlVSUF5b3RyTDgwS0NvVmlJQ0hn?oc=5
2026-07-26T15:27:43+00:00,Reuters (via Google News),False,False,"Cuban president accuses US of 'political genocide' on anniversary of revolution - Reuters",https://news.google.com/rss/articles/CBMiuwFBVV95cUxPUkVpbHZmOElySlBqX24tekhHUldkNjFwU3Zvd280X0xmR0hqMUhtWDFaZk1OZUpodkdyUnFyT3JXbzdGcEExMkxCSXFnZGtsR1NFZktOWTdPR2ZXY29FMXdjRlhDSElBM01IaWIxMnpIMFJpX0F1UnRzOHN6LWU2NlJad2IzVDl0akNpNlVaOVhtNVNlM2pfdEh0MWRhMmJWRW9rMXRwTTRLWFdySEhpZ0VnRkpfTGFtU1ZN?oc=5
2026-07-27T16:56:46+00:00,Reuters (via Google News),False,False,"European shares steady as tech weakness offsets US-Iran optimism - Reuters",https://news.google.com/rss/articles/CBMitwFBVV95cUxOS2VfX1hIYTZBMEM5LXBTUV96LXdUM2ZldGl4WUhjMjBGTUJ6RW5HaEJBWFVUWm4tRXV6ck9MbGozd2x5MjAtUFFTYkgxVUVQbzRKbkF1ZHNaV0RCUGhxM0N5d3JYaU92YklJNm9CUnVVTFpHY2dvcVh1MTdlbzVyNTYtcW9VZ25CTlVqSGlnUW5yd1h4V0lROXhqQ2JYMVZ3aVhmQnV3bG9maVpGNWtGUlVxWExvLVU?oc=5
2026-07-23T15:31:26+00:00,Reuters (via Google News),False,False,"US imports first fuel oil cargoes shipped via Syria as Iraq leverages new export route - Reuters",https://news.google.com/rss/articles/CBMiyAFBVV95cUxNV1BYY1p6eTFMeFE1clpudVVndUoyRTE2dEF0WHc0dkRQS25WWHYtRjE5VGlHMEF3aXY5X2tiS0JfUWR0U3l6cDNlaF9fX1M3bnJ2eFFCMzV1cnhNeEkyd1MxWTg0U0JHLWRhTy01VzVaUDQybWxqN0JxRlc0azVQdEV5UkZEd0R1WXBzSnFlcVlnc1hGcUJRVmlLTm1LM21SSU9lWmloY19BOWZGcGpQTnZLZk4tLTZ6aUhncy05bWt2Y0dZbFRtTg?oc=5
2026-07-28T15:45:50+00:00,Reuters (via Google News),False,False,"Oman presents Iran with Gulf-backed plan for voluntary fees to use Hormuz - Reuters",https://news.google.com/rss/articles/CBMiuwFBVV95cUxNeWdMSVB3OUxtSmtXNWtjQW9EWHRKb0hKaUFkeXd4ek45MHpkUUhFWnNBNHpIUnJpM2RXYkU5MHJOaHN2c1BJeDdXZ0ZpZDdkVUNfbHczcmt2MExCQ082MUZWbnFxYXd4U0ZidUI4bUhWb3NMMjdNVjFyLXh1c3E2ZEVDY1dHSEpoSGFFVE0xWHRheGhRdXkybnBuTnVZSC0yaTl5U3QtdEJQenhEMThhSGVtQkZVcmRMakdN?oc=5
2026-07-27T14:49:02+00:00,Reuters (via Google News),False,False,"TotalEnergies to appeal French court decision ordering it to adapt its business to climate change - Reuters",https://news.google.com/rss/articles/CBMixwFBVV95cUxQSUgwcFB5U1RhSXlrYTBLMldmcV9WUjEtTEZiRXJ2V1ROekxOd2l3RzVJYWZXQWxuMjZhcUhyT0s0SDdHVkxsVEc3YU9RMmVmSGdMV2tqNWtGbVlVb0otRHNfZ05mTWVqVTB2ZFVHTUdhdjhxekpyYXBoaFhEck95N2xjV3pmd1lLQWNuWFlsd0Vtamt3QTFqSjRoVlFrbDYtSzNJbHBna0l5TEdjV2o5eE0ycmk4R1NreHRta3hSSXlaLXVlbXdn?oc=5
2026-07-28T15:43:51+00:00,Reuters (via Google News),False,False,"Britain's FTSE indexes climb as consumer earnings boost offsets banks; energy drag - Reuters",https://news.google.com/rss/articles/CBMiygFBVV95cUxQbHpjWjQ1VWZydzZ4OUxreWpVNnotQWhUd1J5cTFFQlJ1YlQ2TDlIdlVYOGl0S0VZTGdLN0JkeWVtU3lGOXppTWRFUTh2ejRlZE9Ydmh5aWFxZDFhUl9ZTDV0ZTQ3dFRyaVc0ZVllY3M0dTJtTmtMaU5BMnZMajNLbEJGLW01WXFWTlB6T3dSbE9USlhnVTBtdVROeTlBeloySkw0bm5GczFObGd4NTZoUm4zckV2THNWbjd5bVVOTEVQcVdHY2hMV2p3?oc=5
2026-07-24T13:42:25+00:00,Reuters (via Google News),True,False,"Indian shares log weekly losses as crude climbs; HDFC Bank tumbles - Reuters",https://news.google.com/rss/articles/CBMikAFBVV95cUxPRFQ5dlQ0MFctUmdHMU5BcXNFUTVGN3hnb0owdVpYVW9xSmJra1BYbzRaLUZmLU5wX3BQR2lvVjA1N0o2ZkZrTkJjN3pTeThRUmZETmd5RFdDYnJubjFZT0N5LURVbWJxZ2s5Q2VpSHpwejUtajZJdDZRczlhanhxM3dwbnNxcGphRkJvNVJra2k?oc=5
2026-07-23T14:59:54+00:00,Reuters (via Google News),True,False,"Aramco offers more crude oil cargoes from Mediterranean amid Red Sea threats; sources say - Reuters",https://news.google.com/rss/articles/CBMiywFBVV95cUxPWnlLeFN2aDhyckNyeC1lNm5Hcm9hczVyS1FQdEZDSzh4a2VVRTliYzFOY05oaGFRZjBudEREdHRaTkdrV3JyRzFnWTVPMUhIclBKTzlMYktfdmFVcGlBZC1tWDluWkhvelFOYlpzZmN6bzFkVGJsUmFjTXVFTmtsS0ZzSnhSbjIwMnFDaVlWV1JwNUlXbjlidU9LZW1NV1dvSEphek1mT2h5Zm1jV2FzckxDQjlGTkRmeUhLWnZlejh1U1FyaExZaXBaMA?oc=5
2026-07-24T10:43:10+00:00,Reuters (via Google News),True,False,"Japan says August crude supplies fully covered despite Middle East disruption - Reuters",https://news.google.com/rss/articles/CBMiyAFBVV95cUxQSmhDY0tfVWpUUU1Odk1ZRWZBZi1VRldYQVJTVmZZVi01MXNlZlZJaGlnRU5Ua29qNnVSMVhfS3ZTdGFZamR0ek0wQnBQYkZZdEQ5U29xb1pQSlBTUy1sUnlUc1diM0M2TnRaRUhwaVlPcGs2el9WVUl4SWVod1JtSENZU0dVR291cGo2VW42TENrMThiX1hsS0ZZdG9fSWp3SjZ0bWlac3NyWDgybVBXSGNsQW1HeFJNVVJZVUlZb0tFaWNoWlZWOA?oc=5
2026-07-23T23:21:59+00:00,Reuters (via Google News),False,False,"Wall St falls as tech earnings spark AI spending worries and oil hits $100 - Reuters",https://news.google.com/rss/articles/CBMi1wFBVV95cUxQQm1lbVBLTDdabmN2REd2TFlJcEV0VHBFdVRWejRSTERMbkk2MWt2SkhhN0R0dFh4cDJQVlV2aFBicWpic1EzNDRqQlFhZ2JXOW1LS2hlM08yTm5LcTUyMVJ2aWZXamhtX3dxVWU4b1ZaWExGX253OFBJWEo3dy1KLUljYmNZUE9sRC13Y1BQZ3U5ZlJySVlJMURtbmt1cUVIbElMM3VpYnd6YnJ2UUxadkZnUXBQeDVNU0tlUU9HU2pPdFVMOXU4LUxzYnYyckExaXA5STJrVQ?oc=5
2026-07-23T14:25:04+00:00,Reuters (via Google News),True,True,"US energy shares gain as Houthi tanker attacks push Brent crude to $100 - Reuters",https://news.google.com/rss/articles/CBMirwFBVV95cUxOZlRHcUR2VXh4anpDQXJzTGNBWm9WejRCbGI5bFQ5clg4R3BjQlF0a3FET3lDdGpMblZUajFaMmtWVjNLWDMwTWdYQ2xBbU1RaDdYeTB2QnZOZjRuc25ZZ2NuLXdUZ2hLZnp5SXZzSkRUNzB1MnpMNGZhWUFnOTk3Z1NDaF8zVXVsM0M1UDl6Wk0ySTJCUmxlNFl2eWdpRXd6d0dnaXQxTWhXc2xRdURr?oc=5
2026-07-25T14:57:44+00:00,Reuters (via Google News),False,False,"Fuel situation still difficult in some Russian regions - agencies cite deputy PM - Reuters",https://news.google.com/rss/articles/CBMixgFBVV95cUxNb3pYdFFRQmpGREFMOHIxUVRMTXJ5ekxadi0tZDZnN3lQSzlUQU11ZHlQdjNLdkVWdHIxTlE5alNVRm9yMUlHQ2YtY2YzaVVPQkpoMWJPeGdBZmlSdHhhaHFQbGhBQzQ0RE0xc1MzbEhVVzFSUk16VTZXTXhBVEtRVnF2QVk4U3NrQTRXOHdlRVIzVTRKc2JzX0tLdGI2bTZ4ejl6XzR2aFYtVU1FVmVwS1drRk5XNmZPVTVWRTF2b1ZGY3BNMGc?oc=5
2026-07-23T19:38:13+00:00,Reuters (via Google News),False,True,"Oil settles over $100 as Houthi attacks intensify Middle East supply risks - Reuters",https://news.google.com/rss/articles/CBMiqwFBVV95cUxNcEZlQTh2dnVnblEzaVc4eE81SE92UFhTN2VJSXQ4RGdOQVFLU2FuUTB6d19yWWotOFZzQTRaRmlPanZpYkdPZ18waTVpd0lsaWJPRU9aZkd5VU9lZ3RvYi00RGh3TUFsV3JYTGpNc21BOE54N01TbmtCOWh2UWtUTFhZQVlfVHBNS2F1ZDhJS01RT001UDRBQ3MwYTFqM25uaUcxX1E4R3JTX1k?oc=5
2026-07-24T18:04:48+00:00,Reuters (via Google News),False,True,"Fed Chairman Warsh faces cruel summer as bond yields spike - Reuters",https://news.google.com/rss/articles/CBMiogFBVV95cUxPYVRCMXNDaHJWRk9ET3BLVEJzU0loSnRRM3hNcTAxQ1pXT1VoWlA1MUJxelBHYlFyRVVGQkZUZkFNc0NfMFNYbE1KN3pXYzRWYnIwN0JTeDVXaEdfOEpaN0pJSU91aEppRURTR1JSSld2cVl5b3Bval8wb3N0MWI4ZlBBcXlUbDA0Q0MtdFcxa3dRMzFXWkZzdC1WTGJRbW02NkE?oc=5
2026-07-28T08:36:10+00:00,Reuters (via Google News),False,False,"India plans up to quarter of 2027 LPG imports from US; sources say - Reuters",https://news.google.com/rss/articles/CBMiqgFBVV95cUxNNWpEWnlhTE5jSlhXVEI3X01MbWxmOEZiQTZWNmpRZWpBSFpFUXd3OXZ0TzN1ZjU1VFc2dl92NnBRbE96WkF0SDNIYzA3Nmo2bWZSRU91MDlGRDVQSm1IUDVzWU9KeE9KSl93RzJjNVdEejhtRG50LWVGTmxRaXZnVllpcjFZNkRwWjlmTVFJNUt5alBrVnNTMll5UDVzWGlrNTdGLXJQOVZEQQ?oc=5
2026-07-28T20:00:00+00:00,OilPrice.com,True,False,"New Solar Cell Design Solves A Problem That's Plagued Panels for Decades",https://oilprice.com/Alternative-Energy/Solar-Energy/New-Solar-Cell-Design-Solves-A-Problem-Thats-Plagued-Panels-for-Decades.html
2026-07-28T19:00:00+00:00,OilPrice.com,True,True,"U.S. Sale Of Venezuela’s Oil Hits $13 Billion Since Trump’s Takeover",https://oilprice.com/Energy/Crude-Oil/US-Sale-Of-Venezuelas-Oil-Hits-13-Billion-Since-Trumps-Takeover.html
2026-07-28T19:00:00+00:00,OilPrice.com,True,False,"OPEC+ Prepares to Stop Raising Oil Output Targets",https://oilprice.com/Latest-Energy-News/World-News/OPEC-Prepares-to-Stop-Raising-Oil-Output-Targets.html
2026-07-28T18:00:00+00:00,OilPrice.com,True,False,"Central Asia Seeks New Trade Route to Pakistani Ports",https://oilprice.com/Geopolitics/Asia/Central-Asia-Seeks-New-Trade-Route-to-Pakistani-Ports.html
2026-07-28T18:00:00+00:00,OilPrice.com,True,True,"Saudi Aramco Shuts 400;000-Bpd Refinery After Houthi Strike",https://oilprice.com/Latest-Energy-News/World-News/Saudi-Aramco-Shuts-400000-Bpd-Refinery-After-Houthi-Strike.html
2026-07-28T17:00:00+00:00,OilPrice.com,True,True,"Why Did Trump Just Give Saudi Arabia the Fast Track to a Nuclear Weapon?",https://oilprice.com/Geopolitics/Middle-East/Why-Did-Trump-Just-Give-Saudi-Arabia-the-Fast-Track-to-a-Nuclear-Weapon.html
2026-07-28T20:08:00+00:00,Rigzone,True,False,"Oil Tumbles on Diplomatic Optimism",https://www.rigzone.com/news/wire/oil_tumbles_on_diplomatic_optimism-28-jul-2026-184237-article/?rss=true
2026-07-28T18:51:33+00:00,Google News: Crude Oil,True,False,"Brent R. Baker Speaks on Challenges Facing the Legal Profession in Utah Business - Spencer Fane",https://news.google.com/rss/articles/CBMitwFBVV95cUxOdVZBUDZiaUU2WkQ3blhHOHZvQlB5THR3OWhVRWlPdUhXWVBaa1FYVnh0Y2pHOXh5emR2YjFwb0FlMzhITTA1V3hpaEpyY29kZ0xmUmw1Q3NCcWpST3BVNHlCOW5ENWsxbVhUZGh6b2F2UmduZWxoVHVoOVFod0hHMlVWTjRSb1o2QXpVYklNdnVxMjNFdmQ1RkhJNllXMWtuSFdVMWJZNlJSUkdISHAtWDhfQS1VUE0?oc=5
2026-07-28T15:37:36+00:00,Google News: Crude Oil,True,False,"Crude Oil Volatility in Context - Barchart.com",https://news.google.com/rss/articles/CBMigAFBVV95cUxNRWNkcE9ieVUycTVsSEZaWnRkZ0Z0NnNHTnp4SWRKR1JZT0NJMmMwVlRZcldob3pzSVc2VUN5OXNGMlRKUjVodXhINzhBejhzdlNRUlR4Q3RKYm5CR0NIcC1ZTFNKNk80QXdxQnR1Q3lPb0F2RWoxcXVoUVVsd2JKcg?oc=5
2026-07-28T19:49:00+00:00,Google News: Crude Oil,True,False,"Elm Street to become 2-way road as Brent Spence Bridge Corridor Project continues - WLWT",https://news.google.com/rss/articles/CBMikgFBVV95cUxQLVIyaWFPQ2NkcVYwTDJJcTZtWmRTVWpjcTR3MTFPaTEwelFCQzhEOE5oQXVqaDVLNVBjVWx1RmRWOWRVaWg5MllyV2NIUlJfV3VQc0I2TVFqaFo5MGR3bzl3MkhISXhHVmRHUnFfVFZQX0REUEl5bnZVdnNRX2FFZVZVSGVzZGFDTzRqQmhCM05JUQ?oc=5
2026-07-28T19:46:11+00:00,Google News: Crude Oil,True,True,"Cartel at Dusk: OPEC After the Iran War - Gulf International Forum",https://news.google.com/rss/articles/CBMiakFVX3lxTE9lWFVCU2luSnE4LWhObXdxMXlJMjAybHZ2UG5vdGJUNEt6RWlWazNEZTdnUFo3dkhoU09MTy1FbjR1U2xDVHZ5RFd0cnBVMUNnSTgwZkp2dGFoZEIxcXd4dnV4ZGFLSEZqUVE?oc=5
2026-07-28T17:35:18+00:00,Google News: Crude Oil,True,False,"Update: US Equity Indexes Mixed as Chipmakers Restrain Nasdaq; Crude Oil Slides - Yahoo Finance",https://news.google.com/rss/articles/CBMioAFBVV95cUxPU2Vib2VqcW5NZ0pMcC0wakVHSHdORkhPRldCT1JfaEdHdjJlWlV3NkdaMkx0UGxwa2RzTXdtRW1hcEZwMWtLMDNyU0t2bmVlLVdZYU5BSVBSdG95cUtGZHdhVkplMHlOTkdnVHJacDNyb1ZodklWRkIzb0oza3hQa1NlYWs2SmRqRmhyUGtSV1BIbEVWWVRyOUVFNlR5Z0R0?oc=5
2026-07-28T10:56:00+00:00,Google News: Crude Oil,True,False,"Money Matters: US crude oil prices; new car sticker prices; cyclospora outbreak - KCENTV.com",https://news.google.com/rss/articles/CBMi8gFBVV95cUxOYWtEUnBPb1E3ZXhRWjFxdXUwdXdiOU9pLVRfcXF5NHdfZk9tcEFNTnJtbjVEUUVEU08wWkhoclhhYVotMkdMdlhQRUVLemRVVE9yUlNCaldZWk0yMWxOZzFDN19obFd0dmkwV1NJSzR2SDZmcENaRVg4ckp4TkFab0thQXZuZTJIRk5XRmhIQVpTeldWeDB5VjAyUTBlcVR4RklXbTNsYVZPaXZBaUhKTjkydVhrNWU2Xzh5V2dIc25oSU1CTGxVRjFteHc0a3FGSGtEY194UUNQM0g2MmUtQzJzUmxVNG0wbzhQWkZnMDZXUQ?oc=5
2026-07-28T18:33:18+00:00,Google News: Crude Oil,True,False,"Sinking Crude Oil Prices Weigh on Sugar - Barchart.com",https://news.google.com/rss/articles/CBMiiwFBVV95cUxQUEtiZnNqbk5hM190UGNpdXhaczc4WlVxU0E2S3Y3NjlCa20wOUY1NHg2YjBiVlFiQ3dVMGdtYWJNNmpncllOQ2FMbWo3RDM2VVc4RkVMOVd0UDluQXBFSS1IV3R4YTVNQzZfZ1IzN3FUc29JQkFzdF9YNUF0QThza0JDQkJoa2VPUUQ0?oc=5
2026-07-28T20:08:55+00:00,Google News: Crude Oil,True,False,"The Day with Brent Goff – Message for Trump - DW.com",https://news.google.com/rss/articles/CBMigAFBVV95cUxOeEtKa210bTBmZUZBNFZXNEhtTEkyeXVzcm9yVThSWWlCVzhDeDlWLTBYOUlvYW5rMjB3NHZwdk1lZHVUc0VEYVplQTAwUXBXMkVZVE5PNFJPSHRVdE5qV0pqTmJJMGZoVUZqSEJ6dVJDUlFYVGIxYmo1TElZd2JmNw?oc=5
2026-07-28T18:56:15+00:00,Google News: Crude Oil,True,False,"Brent oil slides more than 6% as US-Iran talks gain steam - thenationalnews.com",https://news.google.com/rss/articles/CBMitwFBVV95cUxPZnF2elRHc0JWaWc4eVFZLUdsdzV0TVpRUURralNEaFA5dE9MU1NNLUcyOVNYMUtiTTZWdDBoWU0yZjFRdVhPYzBLX2FHWXlsc09VRW9kcXNfVHdJRjczampUb0RpMnE3WGJSX1pJNWVyWnc3aEwzS3pLa1h0VVFZTEk2dXRCcVVWcUsxMDlSZ25sRWJETVJuWFlDclpPTmlfcHBQVktXZkZHNjhTazh3X2wxVnJSS28?oc=5
2026-07-28T19:15:52+00:00,Google News: Crude Oil,True,False,"Crude Oil Prices Sink on Renewed Hopes of a US-Iran Peace Deal - Barchart.com",https://news.google.com/rss/articles/CBMiqgFBVV95cUxPVXNxaDAwT3dGXzdCZ1BDTU9nblpGWlc1TWhNRUViYlZhaUtoM3B2Q0oxQkhtRy04NXg4T2dJN3pjdWZLcU4xWDhGVDk1UkdiRW1YNlI5LS1OOWM4azdxTkpEcWN5X09LdHc5dHI3TklKcGtfV2lONHh3SGlTN19NX2pfODVWcHM3RERVX01VdVNiOXRFcG5aTEtaQjhnM1pHdFFab2E1YjA0dw?oc=5
2026-07-28T15:55:02+00:00,Google News: Crude Oil,True,False,"Brent Crude Oil is down by 5.14% - TradingView",https://news.google.com/rss/articles/CBMiigFBVV95cUxNekFsUmhod1FkOGJQd1dUeWk4WTk1TUxVRVNTY2FyaDlyUXF6QzhqYm5pWURVekk2dEROaDlrT25UY1Q1SkYtUlRLaDZUa0dYekxTQk4tYXFkZU4xZTdBWHNFZS12bDRucnozX1dmMHdXNWVobzZrdHVEOFJ4QlNYbTdiX21Yck9KdWc?oc=5
2026-07-28T11:16:00+00:00,Google News: Crude Oil,True,False,"Current price of oil as of July 28; 2026 - Fortune",https://news.google.com/rss/articles/CBMiYkFVX3lxTFBWVlRITFM4Q05kTDc5QlhBYnFQWWFrOXVoQVNwSTFEcUhBMWlGdWR1cFluZ1BPSEx6ZmtWc3J5em1jZnZsanNMT24tbXJzZjRFS0g1ZmdvcTk4ZlpGdi1vc0hR?oc=5
2026-07-28T18:02:46+00:00,Google News: Crude Oil,True,False,"Fed rate decision and crude oil inventories among economic data due Wednesday - Investing.com",https://news.google.com/rss/articles/CBMi1gFBVV95cUxNNTNiRVpwcHEtVHB5dHJBLW5NVHlaS1FKb1gxeEQyZF9BZUgyZTdNZHFNVndaaEg5RFlNRnRiSzhwQmVOdW1EUXlTcEpsSUlZU0s1Y1VxRDRTODZWUnRiaXUxRHJ5VTNoV2E1M1dNQmVGYTZKVHYxV1NQVENlNFJTWm0xTGU3NU9relAxZV9GRWRnZmZDdW95U25WUF9qU0NXajRkZXhQTmNGcW5CeHlEbnhJaVRObmluQ2RoUTBKaXVHZDFwTk8tS3cxanRhSGZGUGsyWk93?oc=5
2026-07-28T20:30:00+00:00,Google News: Crude Oil,True,False,"A look inside the rowdy history of the Mountain Valley Stampede Rodeo - Park Record",https://news.google.com/rss/articles/CBMirAFBVV95cUxOZ3gwRkpUMmhDYm1TZWZ6c0pXV1FlLUVENFVtY3Btc1lpa1Z3c0cxY0Q1ZlZKSHdsY3RIaVZRUENDU0o0dXNaWndWbTVnOFVWeXc0ZlljQlpNeVhhUDFETVZhVWZSV2MtWkpGTW5yby0wQXpqZWNDZ1NwZEd6dkZVa2xuSEh6WnZkV3duQ09xaEw5UW9zYWVRSUZQR3ZQZ0pERGNkdlZXRTJNVEtO?oc=5
2026-07-28T19:46:59+00:00,Google News: Crude Oil,True,False,"International Oil Prices Fall for Third Day: WTI Plunges 4% Below $80 Mark as Mideast Tensions Ease - TradingKey",https://news.google.com/rss/articles/CBMi4AFBVV95cUxOMDhGZ21zQzZVZ3hsUzc3TkNCcVI3bGVvU2VWSjBWaVhkRXRoS3FCYVpxM0xQeEdtX3MyZDNUYWVMV3UtT1VGcUFZSnl0N0JacEdNTkVfZ1RTdVVNUDViSG9YYzM4NG9Ca2MyalNWVS1HeXJrUkdIZEstSUtMN01Cb1YzV2pTMklyU0dzTFlNU3ROcnRUS3ZJbDk4ZUMwY3IwUW8xMm1CMHljU3BpYkNZX2VuRDdQSW1tRHRBdWxDT1FHdXRWM1VSRGpOSThEMmY4WFRVdWFTQ1N6Tm9TanNHXw?oc=5
2026-07-28T18:41:14+00:00,Google News: Crude Oil,True,False,"September WTI Crude Oil Contract Closes Down $3.35; or 4.1%; Settles at $79.26 per Barrel. September Brent Oil Last Seen Down $4.46; or 5.1%; at $83.90 - marketscreener.com",https://news.google.com/rss/articles/CBMi4AFBVV95cUxPX0d6M2NKNHptX0JJU2V4LWI4SEpPeVJnX0x0ZUNzN0tPTzczZHNzTUhheGZFVUFZTGZkZUsycXBxY0FUTW9maXRoeEo0bnBFOEFVM1NhaWE4Rkt0ekp4NkFlVTB4X19YWGYxQnNPNm90eXZ3Sm5LUmRONnZBVGw0UkozMDB3bGtzZGFSa3V0YmtwNDFNbEYtUWc4UUhIX1ZubUxNYVduZ3JscENMZ3p6LXpZSy0xSUd3empyR2lKWDg1OUVhc25kdGdSczJLSlZrWVRUbWdPNlNkUElwZDJiTw?oc=5
2026-07-28T13:18:30+00:00,Google News: Crude Oil,True,False,"Brent Crude Oil Price Falls as Fed Rate Decision Comes Into Focus - Coinpedia Fintech News",https://news.google.com/rss/articles/CBMiqAFBVV95cUxQb0FRaHhsS3RZX0JVX3VWRUFvTEdJaFFKOFpJS0NFUWJqREZPb29WWWIyVFZPMzZmRXpYTzBidDZtMzEyamtHbTRWTmZHNVJ0cURtZ3J2UTJXN09GUXBsSDFoNmFPRkVvVUQ3Qmg2TnREWExvM3BrQ2lUblVZTkRmREFzTVJBcHhTeEJaTmI1c05wODFwc3czOU4zZDV2TG1xbmZsaDY5eHTSAa4BQVVfeXFMTlZUR2xOenU4dGMyMm9qM1gyMk1jRlg4VDBOTTV2Ry1zaXBpaUIxeGlBb3JaalZRc2ZYY0lFYzlueUlNVjEwSThWRXh2MUVpajQwMDVEREUwTW51eWExV1RreWFDWFFhVURaNW9Ya2lwTHdsSHJydHQxOUt1RHBRcFhDbktmb1FSNk4zUlBudGZOdG9XclhlUXRUYTl6RUN4Q3h6VmdRNkgwR2R2cWxn?oc=5
2026-07-28T19:04:00+00:00,Google News: Crude Oil,True,False,"Natural Gas; WTI Oil; Brent Oil Forecasts – Oil Tests New Lows As Trump Says He Prefers To Avoid Escalation - FXEmpire",https://news.google.com/rss/articles/CBMi6gFBVV95cUxPaWxESV9LT2JjS0RWWkREMzd6M1hSZGdLVEFKeER0WHRoWWU1RHljR1Jnemg4UzRwMkNZdm4xSjhQY3RBSC1mWndISzJ3dXBPY0JzMl9Kam0tc28tQVVHUExuR3VKNERqYjMzLXhEMEFMN1hubmk3MVhqZVFPNG1uSkpFTjQtSnF3cVdXUlowaGEzWVR6NThURTdEV0U1eURnMXFOSkdsNldUdnBISnk0MGRMQ3FybDNEdTVIM3VLSzhmLUtaVERoSUZCdlNhV2xGVDVXb01PaV9UYW4yZHdPTHRNNTh1N01pbGc?oc=5
2026-07-28T09:00:00+00:00,Google News: Crude Oil,True,False,"Stocks drift on Wall Street and crude oil prices drop as Mideast tensions cool - Bedford Gazette",https://news.google.com/rss/articles/CBMigAJBVV95cUxPUWRhcFc0WXlRUTRwSW1wRE1RVTZkZ3p3QmhfV1NabE1aVXVtNEVuMzN5UWExZE5EVnctcElwRXNCWVBDY0RuT0xIY3VsM2RGS1ozLWNVd0hPUS00NVl3X3FucWltLVloSFdWWWtVZjBIMTZLMVlhMUtWQ3dxUlk2WTdkQTZiVEpIWWVuU1ZjN1pvMmYwczE4ZFlPeUhUaUhyQzRtLU8xcld6dy04Y3BVS2t2MGVXMjdBTVdQZkFvd1VFM01JTS05dnNHeTBlQUZPaEJFSU5xdU5aREJ6UUg1b0J2S1hNRkExNXFEZ25sSVJzXzQ1NEpuYXJianRHRjd0?oc=5
2026-07-28T17:04:23+00:00,Google News: Crude Oil,True,False,"Analysts See Weekly Decline in U.S. Crude Oil Stockpiles - marketscreener.com",https://news.google.com/rss/articles/CBMirAFBVV95cUxOUEpsLUhLamkyeHVLZGEtM05jZFZCeld1WEUtTnRsdHllWTdaUEw3clZnVld3aEp1a1V1UXVPOTlFbW0zT0JIMkFoS19OLUxMS21URHZnbXN5ZHNKU0RUaVdsVy1ZOFNpVFhGcjE0SGNCdXNhaVZ3czVvTXdya2RmZWpRY3hCX3hxUEhNd19HTWxQUmVKUjdJZGFDN2VfNEVrbWRtU3NUelNWM0Rp?oc=5
2026-07-28T17:36:35+00:00,Google News: Crude Oil,True,False,"US Equity Indexes Mixed as Chipmakers Restrain Nasdaq; Crude Oil Slides - marketscreener.com",https://news.google.com/rss/articles/CBMiwAFBVV95cUxNaDlJbGRGaTUxQXRId0hIRUxvbzhNSl92TUZyTkU3RVB6dlg4Qk5SSFlPSXVDSWY5eC1hOVcwWGJvQklQOFBHY2JzZF93enZiOWNqRDVxWGNONnQxUDByYk9adDR0N0pIa2RJNTA3YVplbnFXdF9EblZIUkNxbUR6U3dRdFJDZ0FHT0ZjQ3VrVHVOU2JvQ1RLWlJZcFpWQmhHV210MG9VRE0zaU1BV2FCdDIxdXJsaTZMVTI2N0V6eVg?oc=5
2026-07-27T10:10:47+00:00,Google News: Crude Oil,True,False,"Crude oil slides as diplomatic progress weakens geopolitical premium - Yahoo Finance UK",https://news.google.com/rss/articles/CBMijgFBVV95cUxNUE01ZzBCMjNRWTJRUHVCVmQ4NjhOWGx6UVhBYWM1d2tMSEtNR1hmQjlwa3puRkxXX3N2bkpIcmpRVnhYeVBFNUVBWWI3bzFIUUpGTlVuNTlhX1Y4eG82WGF4emdIbGV2akllRmUxbzdIdmVTTWhUdEhxU3VIUW9GVl9yNzVoQ0p4cWM1Q193?oc=5
2026-07-27T18:30:00+00:00,Google News: Crude Oil,True,False,"Burghley Capital Covers Brent Supply Shock - Yahoo Finance",https://news.google.com/rss/articles/CBMimAFBVV95cUxNQ1hQYjJ5Z0hQa1R6MGFGZVl2NmRzLWRneDhNSVloWlEySmw1ZkJSY3RwNTZ3WGZLSE1jTkZwX3pEQW9BRkJLQ0VoeHRLT3V3TC1EM0xUZ0NoRldVMjQ1ZVVGaHIxQXVreHpHMVZiZFBCMzA3SHpVU0VxVHloNUhIamZFRzdsSFhWSTRFMmJUcTctZUdRMTZQYw?oc=5
2026-07-28T16:14:00+00:00,Google News: Crude Oil,True,False,"Oil prices drop further; Brent down over 5% - Breakingthenews.net",https://news.google.com/rss/articles/CBMijwFBVV95cUxPTkV2M1dqQUoydXFRb2Nmbkp0ZDR4aWNSQTRqVWZuZHhocTBFR2VCcmFNTFdTRDB3YkpjNFcwX3lSMUxlaW5QQkZuY3o1WWRZbGpHN09iZ0xQQTBCclpueG11NnQ5TU94MzJBTU5LZTJ2SU5BczRad2N0a2VDX0tZMWUzZ2hyOS1yRmdXWGJ1SQ?oc=5
2026-07-26T07:00:00+00:00,Google News: Crude Oil,True,False,"Stocks open higher on Wall Street and crude oil prices drop 6% as Mideast tensions cool - 5 EYEWITNESS NEWS",https://news.google.com/rss/articles/CBMi0wFBVV95cUxOYVhYWEtHOHRuS1d2OGt6RGVmWFRoZXpkOVROM085YjZxRlZONnBmSGN5TzA2empseUE3b3k0alJDVTBMMDhzcnZwaW5ZVE94eDA5R1dMSmE1YUJ5cWJFNmJsSEhyeUVZY2RibWQ0UXN0bC1lZ0JwVzJwN1NacTBQbnp6M1U5M1JIakdZbWxORkN6bng1ZnRaZGlsanRDeHpPY1FNYzBsZzdYUXY1Q096MUt4MF9PUDV6LWRuOUNQQV95OFVfM3Q4M0ExRW53MzZJbE1Z?oc=5
2026-07-28T18:44:56+00:00,Google News: Crude Oil,True,True,"Brent’s 10% Slide Reflects a War Premium Unwind; Not Supply Recovery - Investing.com Nigeria",https://news.google.com/rss/articles/CBMiqgFBVV95cUxQSUxwcEs3QVJiTWRpR29tY1lrUjk0cE5wU1ZMQlpEenplalB2OG1hWl9VdXhkZUFwOE0yTEJWM0k1dU9iUjZZUDRNUDlEOVRpM3RYZ01tQlI4dXFyVTBlTkw5OUprSGF6RDJpLXB4SGQwZXVadk1MSE4xVTZsc3VGSlg5dXl6T0I1TDJXbmoxRDhrbndoTVhIbE9iSllnUHU5TFNTOEdTRUs4QQ?oc=5
2026-07-20T07:00:00+00:00,Google News: Crude Oil,True,True,"Oil settles 1% higher as hopes of renewed US-Iran negotiations offset Houthi threat - Reuters",https://news.google.com/rss/articles/CBMiqwFBVV95cUxNbDB0dzIyZzhDNXdvemNBWHdxR3dnWXcwVk4xM082SDRRTm9xel9yX3hJeFBDN1hyQXZpRlVWcElHNi13amFSaXFZLUEtYWpva20xcmFjLWt2TEc0QjFlMDJRMHFPZ3dpb0hZNlBib1ZMNk4xNXdPcmNfUHRpRzNzVDRtdmZlY2MydWVLdS1uVnZXSkdHZjlYelZOZ1M0SXlnVzlBSGFUUU43YlE?oc=5
2026-07-28T19:00:00+00:00,Google News: OPEC,True,False,"OPEC Prepares to Stop Raising Oil Output Targets - Crude Oil Prices Today | OilPrice.com",https://news.google.com/rss/articles/CBMipwFBVV95cUxPVUotN0pSd1duUTFGOF9VV1JaTldNc1BTUjBQb1d4dGxIRXFTbm5HSTNORWt3NnlwVDQ0Vk9qQzNId2loaVNjTkVZSnJ5aTQ1X0ZTT0FiU1ZMVWNFREVsaldfTW1HdUpWVVNvSkp0bEtjMDEta21OYXVQZlI0WWk0SGVvX3gwY0RVTVY5WlFtZ1pZRHJtQVZTNi0zenR0LVIwWVp2LV9ZTdIBrAFBVV95cUxPaXZhcjZFa2ZxSnRKcHNfVVFWMnlYX180U1VzS3NrNHprVFJySm1laU51Skx3aVdaXzFnLUtzMDlQTjFLaGdGSFJVazBXYUxBNmZzQjhEbXAxdlNlY29oQ0NnMWdDRGRZeHhmU1BRRGdDQWkwUlVIV3BfWHlUUm5tX3lEcWhxcFYzZ1FEbVJ0eVdWcTdGY3lfN1p1aGxwckJCMGgxTnp5LVJ2akl3?oc=5
2026-07-28T17:37:43+00:00,Google News: OPEC,True,False,"OPEC+ Is About to Pause Oil Output Hikes. Here's What It Means for Oil Stocks. - The Motley Fool",https://news.google.com/rss/articles/CBMiuAFBVV95cUxNQVJoLTV2dXlldFM3OFlNUVJIU3hrczlqWW94YlJ4c1N0YXZyalV1UWMzWWlMWkVHZDdpMXZsR0F6LXN2VFpzMmJpV3lQMERaQTBHNWJrNGpna0YzMXlZMmlxQ0xLNGp6Q0ZQSUprdmN5TVRZZHZFd255WGZqOXZuWnMteHBqNG9ndkg2dTlxVUlPYjl3R2JucVZWbFBNRmtHRUVVTFg0MWFWMklrbEJacldxbll6QmJy?oc=5
2026-07-28T15:57:30+00:00,Google News: OPEC,True,False,"OPEC+ Plans Quota-Hikes Pause after September – But Does It Matter? - Energy News Beat",https://news.google.com/rss/articles/CBMiogFBVV95cUxOaHdreFFaVVZFSHBZUlpucmd2eFQzdnlHUmJsbXhHRjFWZkt0c0pVbUloQUd3bjNYNjJOV19kZUxyY0tkbU82Yk9tRVpidlAxclF1MU44eThDRktGdGdGNG1zeHNyNnd6UjZVbEFVenNhTVlDbkxpX08tYTBKcFhzYkotNTB6anp3blB2SDZ5enhVbWthbE1seUxqUW9KWU9EclE?oc=5
2026-07-28T16:25:00+00:00,Google News: OPEC,True,False,"OPEC+ Said to Pause After Final Output Hike in September; Oil's Wild Ride—What's Next? - finance.biggo.com",https://news.google.com/rss/articles/CBMidkFVX3lxTE4xSDF0a1lGWkxoMmp1X2pLQ2JLdkFmSXZudndHR2MzM3FGdzdOV2drUnFTRGdfaV9mQ2U3UFZRel9uWE1TbVNzdHdIRl9sb1lUVk9tS0pvZEZDUWlON0dPd3NscFRZUF9RMVRnVXlmNEFBYUNMYXc?oc=5
2026-02-25T08:00:00+00:00,Google News: OPEC,True,False,"OPEC+ to consider 137;000 bpd oil output increase for April; sources say - Reuters",https://news.google.com/rss/articles/CBMitAFBVV95cUxQMnVmUDVGWWV0UFlvc2RmdXhqcTNlNnBzdkY0azU1cGduaFZkenBPMFZ2OWtnM0s2ZEtUdml4MUtvaVdtU0VDVjdmZ2FnbWZfYm9mZTAwaVNlOGlLVlFvdjI2THREempGTW4xZjBtamdKSjB6eDBLVjZIV1JqLVk2cmhjY2pYQWx6TU0wNHdwNEpOM1F3R2lxZUJuSlBvb2MySUJYc19Md2ZUeWxRUTdMc3pqT0s?oc=5
2026-07-28T12:24:30+00:00,Google News: OPEC,True,False,"Opec+ plans to pause quota hikes after September; delegates say - The Edge Malaysia",https://news.google.com/rss/articles/CBMiUEFVX3lxTE0zZmJoUkRpemdDNnBELUNFZWhibzlISFZzeFRSUk94Q2ZZX29JN1ppTmp2TUcwUkZYWmtEOUVjOUlDVXhRamtGMXhCTm5ua19P?oc=5
2026-03-01T08:00:00+00:00,Google News: OPEC,True,True,"OPEC+ boosts oil production after attacks on Iran and throughout region - Boston Herald",https://news.google.com/rss/articles/CBMisAFBVV95cUxQcjF2bnpDdnBKR01DRGJQWVhlRUVZMmQ2NzNaZjhJdkkxZWpmWVk3Q3VFVmlVbklRWGo1M3RjYkl0SkZ2S0hDeG9tSHFNd3hoVXNORkczaWkxOHVNMndjT1RvY0ljcEZGR1lYaHFOek90eUtaWVJPRTYxNmZacVc1WkpWRWlzdHJ2LVBWSzl5XzNUdVZOUHplVTdiRk9DcG5nU09DVEJVeHo1NW85OEFuUQ?oc=5
2026-05-08T07:00:00+00:00,Google News: OPEC,True,False,"UAE Exit Puts OPEC+ and Kazakhstan’s Oil Strategy to Test - The Astana Times",https://news.google.com/rss/articles/CBMikgFBVV95cUxNMHF0REtKbzBNdDBsc2JYbDM3Tm1YLTdFMXgza2E2U3VyYWhaSjRZcHZGeHhFOTVVSFRNaXVqUDI5RXBoNWdGSHNlTVdWSE9EWGJOQ2VyVDE4Z3hSeWVtaW1kVXNONHpuOXhON1JtdUR1cW43ZE92OG93dm11cnZDSWc3dVNCWExuZkt3LUgwSlltQQ?oc=5
2026-07-28T18:19:57+00:00,BBC World,False,False,"Ghana mourns its tallest man - a 'generous and popular giant'",https://www.bbc.co.uk/news/articles/crk52jk0131o?at_medium=RSS&at_campaign=rss
2026-07-28T20:36:48+00:00,Al Jazeera,False,False,"Many feared dead from 7.1-magnitude quake in Kumamoto; Japan",https://www.aljazeera.com/video/newsfeed/2026/7/28/aje-onl-nf_many-feared-dead-from-7-280726?traffic_source=rss
2026-07-28T20:29:42+00:00,Al Jazeera,False,True,"Kyiv warns Iran against escalation after Ukraine’s Caspian Sea attack",https://www.aljazeera.com/news/2026/7/28/kyiv-warns-iran-against-escalation-after-ukraines-caspian-sea-attack?traffic_source=rss
2026-07-28T20:22:07+00:00,Al Jazeera,False,False,"Protests in DC against Netanyahu’s meeting with Trump",https://www.aljazeera.com/video/newsfeed/2026/7/28/protests-in-dc-against-netanyahus-meeting-with-trump?traffic_source=rss
2026-07-28T20:14:09+00:00,Al Jazeera,False,False,"Keiko Fujimori sworn in as Peru president after narrow election win",https://www.aljazeera.com/news/2026/7/28/keiko-fujimori-sworn-in-as-peru-president-after-narrow-election-win?traffic_source=rss
2026-07-28T20:11:04+00:00,Al Jazeera,False,False,"How US defence aid shaped Israel’s military developments since Oct 7; 2023",https://www.aljazeera.com/economy/2026/7/28/how-us-defence-aid-shaped-israels-military-developments-since-oct-7-2023?traffic_source=rss
2026-07-28T19:56:07+00:00,Al Jazeera,False,False,"New poll shows confusion over Democratic Socialists of America ideals",https://www.aljazeera.com/news/2026/7/28/new-poll-shows-confusion-over-democratic-socialists-of-america-ideals?traffic_source=rss
2026-07-28T19:36:55+00:00,Al Jazeera,False,False,"What will it take to stop the conflict in Sudan?",https://www.aljazeera.com/video/inside-story/2026/7/28/what-will-it-take-to-stop-the-conflict-in-sudan?traffic_source=rss
2026-07-28T19:23:29+00:00,Al Jazeera,False,False,"West Bank quarry owner appeals to Trump after settler raid",https://www.aljazeera.com/video/newsfeed/2026/7/28/west-bank-quarry-owner-appeals-to-trump-after-settler-raid?traffic_source=rss
2026-07-28T18:46:57+00:00,Al Jazeera,False,True,"‘The dream I carried is gone’: Miscarriages rise amid trauma of Gaza’s war",https://www.aljazeera.com/features/2026/7/28/the-dream-i-carried-is-gone-miscarriages-rise-amid-trauma-of-gazas-war?traffic_source=rss
2026-07-28T18:25:13+00:00,Al Jazeera,False,False,"Malaysian foreign minister calls for review of UNHCR’s presence",https://www.aljazeera.com/news/2026/7/28/malaysian-foreign-minister-calls-for-review-of-unhcrs-presence?traffic_source=rss
2026-07-28T18:24:26+00:00,Al Jazeera,False,False,"‘No freedom at all’: Israeli closures leave West Bank patients trapped",https://www.aljazeera.com/news/2026/7/28/no-freedom-at-all-israeli-closures-leave-west-bank-patients-trapped?traffic_source=rss
2026-07-28T18:02:03+00:00,Al Jazeera,False,False,"Uganda declares end to Ebola outbreak",https://www.aljazeera.com/news/2026/7/28/uganda-declares-end-to-ebola-outbreak?traffic_source=rss
2026-07-28T18:01:03+00:00,Al Jazeera,False,True,"Lindsey Graham ‘almost cried’ tears of joy over war on Iran; footage shows",https://www.aljazeera.com/news/2026/7/28/lindsey-graham-almost-cried-tears-of-joy-over-war-on-iran-footage-shows?traffic_source=rss
2026-07-28T17:59:16+00:00,Al Jazeera,False,False,"Wildfire leaves Biscarrosse commercial district in ruins",https://www.aljazeera.com/video/newsfeed/2026/7/28/wildfire-leaves-biscarrosse-commercial-district-in-ruins?traffic_source=rss
2026-07-28T17:37:48+00:00,Al Jazeera,False,False,"Inside the secret battle to document RSF abuses in Sudan",https://www.aljazeera.com/news/2026/7/28/inside-the-secret-battle-to-document-rsf-abuses-in-sudan?traffic_source=rss
2026-07-28T17:36:47+00:00,Al Jazeera,False,False,"New Party: Why Turkiye’s opposition suffered a split and what that means",https://www.aljazeera.com/news/2026/7/28/new-party-why-turkiye-opposition-suffered-a-split-and-what-that-means?traffic_source=rss
2026-07-28T17:24:04+00:00,Al Jazeera,False,False,"Tributes paid to Lindsey Graham at US Capitol ceremony",https://www.aljazeera.com/video/newsfeed/2026/7/28/tributes-paid-to-lindsey-graham-at-us-capitol-ceremony?traffic_source=rss
2026-07-28T17:15:20+00:00,Al Jazeera,False,True,"War on Iran: Phase II: Day 17",https://www.aljazeera.com/video/newsfeed/2026/7/28/war-on-iran-phase-ii-day-17?traffic_source=rss
2026-07-28T17:12:56+00:00,Al Jazeera,False,True,"Ukraine’s Zelenskyy hails ‘good meeting’ with Trump at White House",https://www.aljazeera.com/news/2026/7/28/ukraines-zelenskyy-hails-good-meeting-with-trump-at-white-house?traffic_source=rss
2026-07-28T17:03:50+00:00,Al Jazeera,False,True,"Online scam centres fuelling human trafficking worldwide; warns UN agency",https://www.aljazeera.com/news/2026/7/28/un-agency-warns-online-scam-centres-fuel-global-trafficking?traffic_source=rss
2026-07-28T16:46:38+00:00,Al Jazeera,False,False,"What are Trump’s military options?",https://www.aljazeera.com/opinions/2026/7/28/what-are-trumps-military-options?traffic_source=rss
2026-07-28T18:17:55+00:00,CNBC World,False,True,"Senate to set up key vote on Russia sanctions",https://www.cnbc.com/2026/07/28/russia-sanctions-congress-key-vote-lindsey-graham-ukraine.html
2026-07-28T18:56:34+00:00,CNBC World,False,False,"Elon Musk stocks take $1.5 trillion hit with fresh test in SpaceX lockup ahead",https://www.cnbc.com/2026/07/28/elon-musk-stocks-take-1point5-trillion-hit-with-fresh-test-in-spacex-lockup-ahead.html
2026-07-28T18:27:43+00:00,CNBC World,False,False,"44 states are aligned on one thing in their fight against prediction markets. It's about sports wagering",https://www.cnbc.com/2026/07/28/44-states-say-cftc-has-no-authority-over-sports-prediction-markets.html
2026-07-28T16:46:05+00:00,Guardian World,False,True,"Canadians spent $3.3bn less on travel to US in 2025 after Trump’s return to office",https://www.theguardian.com/world/2026/jul/28/canadians-us-travel-drop-trump
2026-07-24T08:11:31+00:00,Guardian World,False,False,"Weather tracker: More than 900 wildfires rage across Canada",https://www.theguardian.com/environment/2026/jul/24/weather-tracker-wildfires-canada-argentina-heat
2026-07-28T17:35:21+00:00,Guardian World,False,False,"GSK heads to Cambridge with long-awaited positive vibes | Nils Pratley",https://www.theguardian.com/business/nils-pratley-on-finance/2026/jul/28/gsk-cambridge-long-awaited-good-vibes
2026-07-28T16:58:49+00:00,Guardian World,False,False,"‘A control freak’: murderer James Desborough convicted of two further killings",https://www.theguardian.com/uk-news/2026/jul/28/james-desborough-convicted-murder-claudio-aquilino-daniel-coleman-cornwall
2026-07-28T20:36:20+00:00,Guardian World,False,False,"Trump touts ‘strong and steadfast’ Lindsey Graham in eulogy at Washington DC funeral service – live",https://www.theguardian.com/us-news/live/2026/jul/28/lindsey-graham-funeral-donald-trump-benjamin-netanyahu-volodymyr-zelenskyy-iran-israel-hormuz-ukraine-russia-latest-news-updates
2026-07-28T20:33:14+00:00,Guardian World,False,False,"Apple becomes second ever $5tn company as investors flee AI stocks",https://www.theguardian.com/technology/2026/jul/28/apple-second-ever-5tn-company-as-investors-flee-ai-stocks
2026-07-28T19:56:59+00:00,Guardian World,False,True,"Lindsey Graham remembered as ‘true American original’ at Capitol memorial",https://www.theguardian.com/us-news/2026/jul/28/lindsey-graham-capitol-memorial
2026-07-28T19:42:51+00:00,Guardian World,False,False,"Utah woman set fire to church a day before wedding; authorities say",https://www.theguardian.com/us-news/2026/jul/28/utah-woman-church-fire
2026-07-28T18:54:42+00:00,Guardian World,False,False,"Trump reportedly pushing RFK Jr to cut vaccines more aggressively",https://www.theguardian.com/us-news/2026/jul/28/trump-rfk-jr-cutting-vaccines
2026-07-28T20:30:50+00:00,NPR News,False,False,"Keiko Fujimori is inaugurated as Peru's president following a narrow election victory",https://www.npr.org/2026/07/28/nx-s1-5910830/peru-president-keiko-fujimori-inaugurated
2026-07-28T20:14:24+00:00,NPR News,False,False,"Trump meets Ukrainian; Israeli leaders as they pay respects to Lindsey Graham",https://www.npr.org/2026/07/28/nx-s1-5910540/trump-meets-ukrainian-israeli-leaders-as-they-pay-respects-to-lindsey-graham
2026-07-28T20:10:18+00:00,NPR News,False,False,"Ukraine negotiator: 'We have the upper hand'",https://www.npr.org/2026/07/28/g-s1-135640/ukraine-war-peace-negotiator-russia
2026-07-28T19:47:54+00:00,Reuters (via Google News),False,True,"Saudi Arabia says drones launched from Iraq targeting oil facilities intercepted - Reuters",https://news.google.com/rss/articles/CBMiyAFBVV95cUxONnpyRjRlYWo1ZktJTDVtR3hTLWJLbWctRmJhd0Z6czBoQlEwUkRkZk1fd2wtQ0hLakpEMUhMZkNQOEdzVTR0SV9lQ2Q3TVJpNkFLdll5WmZBTFhqRlZpSE1BLVFQV1lsa0VpOXNPbHJ0TGdpeVMzMGFfV2lWaTI2YVdlSDFjbkdJblVoWXRvSHp3NWZSQnhMNUpVODB4cmJjdnVnVzEzZTFKUDF6TnpIMndKQ3hEN1c5aW9xMG05akZRcENlaHp6Qg?oc=5
2026-07-28T08:11:51+00:00,Reuters (via Google News),False,False,"Indian earnings recovery takes hold; but monsoon; oil risks cloud outlook; Spark Capital says - Reuters",https://news.google.com/rss/articles/CBMivgFBVV95cUxNTkN1dXgxWnJNeUw4akNSUHNhcURvTE5GdzN2UHgxMUI3bU9qTkgwR3UwRlBmcW5BcE1nM09tT2JoU1ZfUWozUFNZZ0pHWWY4WHgyU0R2ZlBpWkpCX1hOWnNjRHMtNWR2TGpQS24tNEF4Ukt4Z0QzYk9kRVdfWVhiTGpiQ1JtZGh2RVJVaWVFV18wVFlMYjZDOXY0NnJuVmpUaEMtNVo2OUdGYzNEaEhvOVVvbXFOZjdOOEdfdDB3?oc=5
2026-07-28T17:30:02+00:00,Reuters (via Google News),False,True,"China in touch with Yemen's Houthis to allow ships to sail through Red Sea; sources say - Reuters",https://news.google.com/rss/articles/CBMiwgFBVV95cUxPR3VlbkFfZi10TlpkWGNLYUJ4d0NISk5JVlg4VGI2MmNma0xDUkdyX3NNalg4SDNQRkJWOWRqT0o1VkxuTS1xXzFVZi1fSTBoRnRORGxZdUZDdVN0dVNCaUo3eVBVenNpUnRWaUtpOHlCbGk3M3E1NXJaSzJ3cUszd05mWjVrQWYwX1ZuSGE2aWliVkZIeHJmdGN4T29LUUtVcEdxYnh3dHNQVTg5ZS1SdlNKaDhVeG9BT0tXdnJtYnN2UQ?oc=5
2026-07-22T01:49:53+00:00,Reuters (via Google News),False,True,"Houthis announce Saudi naval blockade; threatening new front in US-Iran war - Reuters",https://news.google.com/rss/articles/CBMivwFBVV95cUxPbmtOemhMR1UtaVNoMENBMHltNEpKTWJNekRXUEtSa3hidndTM0VZVnRoTEJlV2ZENWtkYVFCUkJtSk8zdFhPeEJQSXRNMS1vWC03N2NJek14WklXdzhNZWkzMnZRUFpGcHg2OXotaHpyVW9jblFTYUM4U2lGcXFWa1NFbnZSQnpreVF6OXVhMW1oeHdIdkFNMjBJa09UZGgycjRkMjZ6Z1dxNC10enJIVDZJdlVSQjRxQlBZc05Tdw?oc=5
2026-07-27T04:32:00+00:00,Reuters (via Google News),False,True,"Morning Bid: Markets dare to hope as US; Iran put war on hold - Reuters",https://news.google.com/rss/articles/CBMif0FVX3lxTE5OaG9CanBKS3oxSTNMTm9XRGJtYmxrLVV3cFVXSnRBTk84NG5YWHNVaGJjMnE5Y0JLLUlSYTN1VnF3VmRlRlFlN1lYX2p3U1ppY2tqV1ZGLUdYT0hVckJ1U3Jna1g4N2ZHQkNwZ0J3OEpwNmc1Zmc0SjBVOWlneFk?oc=5
2026-07-28T00:36:00+00:00,Reuters (via Google News),False,False,"Dollar eases as markets await Fed decision - Reuters",https://news.google.com/rss/articles/CBMiowFBVV95cUxQTVNBcUd0dURQNWZPam9LcTlYQ2xPQXBXSWR4SUxHWGRKZDNGdmxDSUlBa2dHUVVhRk4zc2JSMlRVQzc4akxza2NqZ3BXRjJzOGwwWEJqSmpJa1Q5VUhGam8xQ0RVRElkRlp0THZyMWRTbzFtRzA1dUZqdGtXWXFKWVVyUVJ1NDRJMjYzWHd3bGtnT2hkVUlrR3pIM0dPb1lpSjB3?oc=5
2026-07-24T10:21:28+00:00,Reuters (via Google News),False,False,"Trump imposes new global tariffs; drawing protests from trading partners - Reuters",https://news.google.com/rss/articles/CBMivwFBVV95cUxPcTlxTFMtLUhVcTNocVRYQ0t0NkdRamtCSUEySEhFbHE5N0FnNFlvMDNENWcyRVlHWUloTXRna3RlRVptLVFyZ0dfeG04cmhUZ1RSbkViNFNhM0FKZ0k5N29mUmY0UU9lUXlHMGw0ckJxVHFiZFJ3cjFhbFRQTUpSNEMzdFQ4U0REUzJlU2FFY2h3Q0U2UmxnS2lUbm90RnM0WUVfVEJiaFFEdUlGYWs2YXp4NzlRekdtQTEyZjYtMA?oc=5
2026-07-28T18:21:19+00:00,Reuters (via Google News),False,True,"Market warning signals flare again as tech; inflation fears intensify - Reuters",https://news.google.com/rss/articles/CBMiigFBVV95cUxOMTRKUUZyZl8zTERTSjZLZUdKQ0NBbWN6dGI0QnJtX2xvYXRUMkxNOEROYi1rOU14YkYtUFVnNGdTYlpHNHdXZXV5c3FCTk5VUFNBenZJZkxlVkpEdlVwY3M3ekhlaUYySlFqaXZ5dkRlbzVYQmNlSlRPeEZNTkNndE1vSmJ2Si1oREE?oc=5
2026-07-27T07:12:09+00:00,Reuters (via Google News),False,False,"Egypt to restructure military-linked 'Future of Egypt' economic body - Reuters",https://news.google.com/rss/articles/CBMirgFBVV95cUxQeS1kYUdSMUxfcVl5eVdnMjlLZ3FvZk9RR0FGZkotdlBMSk9kdWxRaFRzeGZJSThNc0h1R0ZtejB4REYyYlpaSWs3QUQ0Tm1BWUpJUjQ5dFU4Z2NuZTRMenRLblp1RHBXMEtxVVlfcXBDUkc4b0gxTEY2QThleEloOEhQdEdxbHFoTWsyWDh5dC1IdG1PMXJIdlhHV0RoZWZibjFOaUFncDNlaVg4cHc?oc=5
2026-07-29T00:00:00+00:00,OilPrice.com,True,True,"The U.S. Army Just Called China’s Bluff in the Rare Earth War",https://oilprice.com/Energy/Energy-General/The-US-Army-Just-Called-Chinas-Bluff-in-the-Rare-Earth-War.html
2026-07-28T23:00:00+00:00,OilPrice.com,True,True,"Oil Prices Ignore the Warning Signs in Physical Markets",https://oilprice.com/Energy/Energy-General/Oil-Prices-Ignore-the-Warning-Signs-in-Physical-Markets.html
2026-07-28T22:00:00+00:00,OilPrice.com,True,False,"The World’s Largest Sand Battery Is Now Online",https://oilprice.com/Energy/Energy-General/The-Worlds-Largest-Sand-Battery-Is-Now-Online.html
2026-07-28T21:00:00+00:00,OilPrice.com,True,False,"Refined Fuels; Not Crude; Are Driving the Oil Market Crunch",https://oilprice.com/Energy/Energy-General/Refined-Fuels-Not-Crude-Are-Driving-the-Oil-Market-Crunch.html
2026-07-28T20:58:00+00:00,OilPrice.com,True,False,"US Crude Oil Inventories Build Again Despite Hormuz Disruption",https://oilprice.com/Latest-Energy-News/World-News/US-Crude-Oil-Inventories-Build-Again-Despite-Hormuz-Disruption.html
2026-07-28T21:00:00+00:00,Rigzone,True,False,"Australia to Study First New Oil Refinery Since 60s",https://www.rigzone.com/news/wire/australia_to_study_first_new_oil_refinery_since_60s-28-jul-2026-184235-article/?rss=true
2026-07-28T20:58:13+00:00,Google News: Crude Oil,True,False,"US Crude Oil Inventories Build Again Despite Hormuz Disruption - Crude Oil Prices Today | OilPrice.com",https://news.google.com/rss/articles/CBMiugFBVV95cUxPMjVuYXA3aHlrUmF1dms2STNmZF9HRkpGVzRlSVAxRDBEVkZrQmNkU1ZDUUhlekxsRHNnVUFJbC1EdWpBRUZ1RWxLTUJIYUY5SlY1RUVDOHBWVk1Vc2VWRi1pNXJxQWRnVi1kbUJnYThoRXRpcmlfQ0NBbG5ZZUI0Yi14dzlNWHZROTNWdUE5RFpsQnRZbmNYd0hLM09JUDhTdDRkeDRVaXhlSjJ2bV9ybl8xMmJMQWIwX2fSAb8BQVVfeXFMT1R1Z2N0czdJT2RrYkRmY1RNU25QNTU0dGZpZDBOTmlkMHZ3VUpMUmZFVnJTa0NpeGNJTm1rT0hmYkltOW5EajRZWmllb3EzRHVLdTVDTVZqS3dRMXlOZzc0TDUtQlF4WEZWSnNiOUtaQTM4NVVnaDRIR2QtNkc3cUIwRmxlNzZfV2p6Y2VCSnZnaXBBZHlsNFBHa3lZb1MzS1FPbzZXQUtHazAxN3ZTdUpNbUJsTHJBek9mSG1NZ2c?oc=5
2026-07-28T21:01:31+00:00,Google News: Crude Oil,True,False,"NYSE strategist talks Fed game plan as ICE Brent Crude falls below $90 - qz.com",https://news.google.com/rss/articles/CBMifEFVX3lxTE4zQ1VFNDF5WEM1UTk2cjhJVTF1VjE4cS1Za2UtSzR5SGt0U2hIZ0JXUC1kUm5IbHdBd1RUdHhJakdLNnhRT3ZYTXhoMHg2dllhLXZOT25XdlM1dU9rZEktTWYwTlRKRWFMR2dWZEdUbEM3NWJUWjE3UEhlaE4?oc=5
2026-07-28T22:01:44+00:00,Google News: Crude Oil,True,False,"US crude; gasoline inventories likely fell last week; distillate stocks rose - Reuters",https://news.google.com/rss/articles/CBMixAFBVV95cUxORHhjZ1hra2NwTVRkcXEyRkFrUkVlbzNEODdVZzVyZWFDZ3BGbko0RGpjZFZlbERNZEo5WFZpTzFTM0RYUlVqRDg0UTItRmQ2dEhqTnljZVA2ekpBV0NaNmZKS2FhWS1IWnRZLXhmWXAyRlRfZThhUnd0Nm4tdm1zN2xCMGI0aWY0SUpmeEFkaU4zUTExQjVQb2U1d2NMcVpMWlkwR1lKVTE3c0pFb2dUNTFqbWNkbTRpWkttaW03WVk4Wm1m?oc=5
2026-07-28T20:11:59+00:00,Google News: Crude Oil,True,False,"The Day with Brent Goff – Message for Trump - DW.com",https://news.google.com/rss/articles/CBMihAFBVV95cUxOa3dza1N0RWl5Q1puMTNyVzdoUlQ1ZmY4UnI2d3Bmc1FxaVV6MjJQS01XcGZhX1JzVkV5VzJmTHppcTNHUWVYTHZySDlWTGQ3bUVHYjNZN3ZFZUwzX3hvV2xPSzhyVDIwMHJpWXZCVFpvWUJraVBtVTNPVjRLdlB3bjZ1M1g?oc=5
2026-07-28T23:10:22+00:00,Google News: Crude Oil,True,False,"‘Dude of Dudes’: Oklahoma Jason Witten Draws High Praise from Brent Venables for Offseason work - The Franchise 107.7",https://news.google.com/rss/articles/CBMivAFBVV95cUxOelZXRWIzQ1EwdzM4XzFQRHFEM0E5UGMyV0FMT0xSRk5xd0lWYjhhaUhvLTFwdkF4Q2FPYWFWZWpMVVlqWFVNUG12Znh6aExjRndmQ3M4TTM1U2ZDb1F2U25SRm5zcUI4SjhOTFFNN2tsLWY5cmZTbGRjNFpuTTRjRnRVdkNKeUM1blFiOXdycnpmSVNiY2FkeDZJY0gwQTZkeFBSdWJpNmZDRUxLWTFUUHVSdVJ2NURkQkEwWQ?oc=5
2026-07-28T21:35:23+00:00,Google News: Crude Oil,True,False,"Brent Venables Believes Oklahoma’s ‘Basics’ Will Swing the Sooners to More Wins - The Franchise 107.7",https://news.google.com/rss/articles/CBMipwFBVV95cUxNaW1McmNQdnc5bEYwQ2lzS3ZnMlo5aktENnpoR1V5aE93YU4yX3ZmU25YVTdGTWZySnhzeENkQ0x4ZjVRNU0yYmpnTE9MbDUxOXVZRXp2UkQ0TzVLTm5yazBubnNPQVh5MlVTd0RVdjlFaWV0a2pBZF82alJRcS1ValgySHVxSzRkX01rc213TTNTMWNxV3ViUFo1cjNYMndCS0tiY1VCRQ?oc=5
2026-07-28T21:16:00+00:00,Google News: Crude Oil,True,False,"Crude Oil Price Forecast: Key Support Zone Comes into Focus - FXEmpire",https://news.google.com/rss/articles/CBMirgFBVV95cUxONXN1UGVtWFB3NmJjemN5aUhIeVAycWJWYUN0ZFRRTlhoaTh6Wl9pTzB3enF3NFFhUEJ0MUIwVVoteDlRWFJvYWFfR3IwX0xVeTljQmh6aWVYUXktX0Y4Z1RmWHlHNkowaEtCWVNqdGZZU2N2SDByeFh3WUM2VWhQdjEyMHFJWmxoSXUyTFpMWl9QTnA2WmMwY1VXOWdMbW5iMExydkFoSnA1THRsaVE?oc=5
2026-07-28T23:00:02+00:00,Google News: Crude Oil,True,False,"'Dude of Dudes': Oklahoma Jason Witten Draws High Praise from Brent Venables for Offseason work - Sports Illustrated",https://news.google.com/rss/articles/CBMi5AFBVV95cUxOMjRHLWpFYWYxcTJqRTZxV3c1SUQ1WG4tRWVTd2FRb0VrWTR1RDdmZFp1cHVOdWp5LVdYa3BQOGdINmRLcUhPWU9pVmtiS2RQUVAxVFNGXy05Y3I2bVBQV0tmeUd2a2Z5T2M1bTcxMHR6Vkx6OE5MRHhRV2tocGtzX1hQRWt2X2lmNWhJbEM4TlBSVElXZlRvNnFXVGlzMUFDOC1YUnh3djdibTBLV3o3bk1NdHozRlQ3RzhHbUtzbWVBLUl6UGUxU2k4djFDNmlEb2hOZllHa042UWI2VW1OTmhUV1k?oc=5
2026-07-28T21:40:57+00:00,Google News: Crude Oil,True,False,"Grades ease as WTI/Brent spread narrows - TradingView",https://news.google.com/rss/articles/CBMirgFBVV95cUxQdFM0cU1nRDIyQ3RWaGFWLVVIZ0JHX28zX0VFRW1yM1ZQcDBSUnlpVEQ1STUweXp2SjVZTnFYME9HaTVFb242M1FhcThYVlZPczJLRDAwMlBObWs3bno4YmlFZ09KdUZ1ck5YWWFXRmpHdllSZWR1WE5mQnBPLTB5eWV2Q3dIZ0pVY2NVNGlJVFhfc25xUlRDSFM5SE40S01iSHdkNDA2ODhKUnRPS2c?oc=5
2026-07-28T22:00:54+00:00,Google News: Crude Oil,True,False,"Can OPEC Plus’s Watchdog Do Anything About Hormuz? - Modern Diplomacy",https://news.google.com/rss/articles/CBMikAFBVV95cUxOZm0td1VpMEFfNzhBXzFuWUJ4NWxTcWZnQVg4aXFPZXM3WDN0dE9xZ1FoZFc0RnJrc2s4R1B1Uk1EQXJPSl94aWlWZTkzRk1SUFg4QWNyazhtUFNSd1QxU1F1WHNYY1BjV19xb2pCSHJWaUpCdDVMXy12ZjFwQ3prblptVEdVMlU2U09JckpLNXk?oc=5
2026-07-28T21:22:15+00:00,Google News: Crude Oil,True,False,"US Crude Oil Inventories Unexpectedly Rise - TradingView",https://news.google.com/rss/articles/CBMimAFBVV95cUxPblNvalZ1U201Tk56dnp1alJWV0M5TXFaUU4wTEI5OUIzcTdicEt1dWhyZHV6bFkwNEt1aWpUSzdOVnVEREtJWDhzQ0xnWktNZ2U5LWI4Q2RyODNRdXhHZHN1d1hkZ2NsamVuMXFfVnY5Wldocy1US3F6QnNBRnNaeDFjZ3lIdExNZmJWSW1ZVGd0M0QzTVpDWQ?oc=5
2026-07-28T20:54:35+00:00,Google News: Crude Oil,True,True,"Update: US Equity Indexes Mixed as Chipmakers Weigh Ahead of Mag-7 Results; Crude Oil Drops Amid Halt in Middle East Strikes - Yahoo Finance",https://news.google.com/rss/articles/CBMioAFBVV95cUxPTFpDMkU5S1I0QkN5RnRDN1hwY0dOY0pHU29OdXI4YzZTUUFBOExQMGZ2VTlGemlNRWxzT3hJN2JNcE5IVk5rUlhVVFJYUHNGd3F0dzF2aFFNNENScU13S1BIOVMtYU9EV0tXajVHQjZiejZiNE1VNnJlREYxM1d4V3VnMjllNDZlUVVhVERsQkVDd3N1UmFhTGZxMWFQR1pZ?oc=5
2026-07-29T00:02:02+00:00,Google News: Crude Oil,True,False,"[Today’s Key Economic and Crypto Events] U.S. Crude Oil Inventories - bloomingbit",https://news.google.com/rss/articles/CBMiVEFVX3lxTE5ocmdybXhUMlN4NFFETmpPZ0pta0NwWUdXOXpQTkFMcW9ocWVOdl9rYmZrMDFpWmZiaXNnMDZFWnRSSjBjTi1aSkJvT05tRmNDVHpRWg?oc=5
2026-07-28T21:01:07+00:00,Google News: Crude Oil,True,True,"US Equity Indexes Mixed as Chipmakers Weigh Ahead of Mag-7 Results; Crude Oil Drops Amid Halt in Middle East Strikes - marketscreener.com",https://news.google.com/rss/articles/CBMi5wFBVV95cUxQdklpc1BrS1oxRy1IZFVNUlZaVmQ5SEYwM3pmbXphVGlYVjgtWGFFY3VoalNYMEpjWTRCbDJXd1JuSjhkU19HaldkYVF2YnBSMjlhNTVGczJSZExLQ3RFQ19zbDNMYWhXUVV3aG43Qi1mdW5mWlNteF96Y0dqTTIzbG55QjBrRng5cnU3QjZnNVVqMEVUMk43TXlIamY5cHJ0Y0VXcnBrNHFPNVkxLW02SnBzVjRYRXJtTU01Nl90YzdOdXFoSzFabGVtc3hqb2dzM3pVTzVhdk10VGFMOGFWYWtEYm1PZ1E?oc=5
2026-07-28T23:38:06+00:00,Google News: Crude Oil,True,False,"Oil Jumps 5% as Middle East Clashes Resume; WTI Tops $83 - bloomingbit",https://news.google.com/rss/articles/CBMiVEFVX3lxTE1MRk9SWlp0S0Q3UGN4TGxxNllJTlZyN2R3d296MURBaG5pdUlzTmFPTndwUDJPeUhoUTRsakd0eDBGdEVJUFdIamJEZXZnNDhvUlprYw?oc=5
2026-07-27T20:03:42+00:00,Google News: Crude Oil,True,False,"Stocks drift on Wall Street and crude oil prices drop as Mideast tensions cool - WDEF",https://news.google.com/rss/articles/CBMiogFBVV95cUxQYjZiX0tYT3E4Y0hDT2o3WmREV2FsSkE1NDB0NFpYcGV0NHZJMXVCZ2c2WHUyVWVOZ2FzcV9wcU1oU1BobDEtdU03OEZhS21ZVTlmbU9wOEFtM2lVcmdhMVMwczRDMjlDUm9xMm1Jc3pNNE1ZWHFKZWZJVk1semlyY2xpdW5VemxDM3NpWUt2MlA3N0xtaTJHWEc3allaOE9BMXc?oc=5
2026-07-13T07:00:00+00:00,Google News: OPEC,True,False,"UAE Tells OPEC Its Oil Production Surged by 80% Last Month - Bloomberg.com",https://news.google.com/rss/articles/CBMirAFBVV95cUxNc0JiU1g4dm12cWV2WEYwRm42QncyZ3lkeWlwNEtZMGR2VUUtOTdQNTRTMmZuM3hsbVNXTlBDbUt4a2t1OGRoSnVyTTVvV3gzRmZlaVpUdjFab0tvcEVDVzBNUVNPcUxxOFlRUHJIcUp2SVZoR3FFMnFSNV9pQ1B2WDZVSW1jNHE1ZDFOZUlXTUpLclF2M2tjV2t1YTdiZHpoMjFiUzEtd0x5RXda?oc=5
2026-07-28T21:09:21+00:00,BBC World,False,False,"Bystander video shows teen lifeguard's dramatic ocean rescue",https://www.bbc.co.uk/news/videos/c4g3600xw5ko?at_medium=RSS&at_campaign=rss
2026-07-28T23:16:44+00:00,Al Jazeera,True,True,"Yemen’s Houthis claim missile attack on Saudi Arabia oil tanker",https://www.aljazeera.com/news/2026/7/28/yemens-houthis-claim-missile-attack-on-saudi-arabia-oil-tanker?traffic_source=rss
2026-07-28T21:59:40+00:00,Al Jazeera,False,False,"Japan Kumamoto earthquake: What happened; damage; victims; latest updates",https://www.aljazeera.com/news/2026/7/28/japan-kumamoto-earthquake-what-happened-damage-victims-latest-updates?traffic_source=rss
2026-07-28T21:24:20+00:00,Al Jazeera,False,True,"Israeli airstrike destroys Gaza City mosque near displacement camp",https://www.aljazeera.com/video/newsfeed/2026/7/28/israeli-airstrike-destroys-gaza-city-mosque-near-displacement-camp?traffic_source=rss
2026-07-28T21:07:39+00:00,Al Jazeera,False,False,"Donald Trump and world leaders attend Lindsey Graham’s funeral",https://www.aljazeera.com/gallery/2026/7/28/donald-trump-and-world-leaders-attend-lindsey-grahams-funeral?traffic_source=rss
2026-07-28T21:01:19+00:00,Al Jazeera,True,True,"Iran and Oman exchange proposals to manage Strait of Hormuz",https://www.aljazeera.com/news/2026/7/28/iran-and-oman-exchange-proposals-to-manage-strait-of-hormuz?traffic_source=rss
2026-07-28T20:41:18+00:00,Al Jazeera,False,False,"Rome’s viral graffiti cleaner is taking on an ancient problem",https://www.aljazeera.com/video/newsfeed/2026/7/28/romes-viral-graffiti-cleaner-is-taking-on-an-ancient-problem?traffic_source=rss
2026-07-28T23:53:56+00:00,CNBC World,False,True,"Iran launches surprise ballistic missile attack on U.S. forces in the Middle East",https://www.cnbc.com/2026/07/29/us-iran-war-hormuz-centcom.html
2026-07-29T00:00:33+00:00,CNBC World,False,False,"SK Hynix second-quarter revenue more than triples — but misses estimates",https://www.cnbc.com/2026/07/29/sk-hynix-earnings-profit-revenue-hbm-memory.html
2026-07-28T20:02:50+00:00,CNBC World,False,False,"Apple touches $5 trillion market cap for first time",https://www.cnbc.com/2026/07/28/apple-touches-5-trillion-market-cap-for-first-time-.html
2026-07-28T23:24:15+00:00,Guardian World,False,False,"FCC bans humanoid robots from China; citing ‘unacceptable risks’",https://www.theguardian.com/us-news/2026/jul/28/fcc-ban-humanoid-robots-china
2026-07-28T23:54:53+00:00,Guardian World,False,False,"Australia news live: Dan Tehan sidesteps questions on Angus Taylor’s links to Icac inquiry; former Melbourne gangster sentenced to life in prison in Iraq",https://www.theguardian.com/australia-news/live/2026/jul/29/ben-carroll-victoria-premier-jacinta-allan-labor-abs-inflation-data-nsw-icac-inquiry-antisemitism-royal-commission-ntwnfb
2026-07-28T23:01:15+00:00,Guardian World,True,True,"UK faces ‘very difficult trade-offs’ in budget because of Iran war; say analysts",https://www.theguardian.com/business/2026/jul/29/uk-faces-trade-offs-because-of-iran-war-inflation
2026-07-28T21:30:13+00:00,Guardian World,False,False,"Burnham to seek cross-party consensus over urgent reforms to social care",https://www.theguardian.com/society/2026/jul/28/andy-burnham-cross-party-consensus-reforms-social-care
2026-07-28T23:42:32+00:00,Guardian World,False,False,"White House teleprompter operator accused over Trump bets no longer in job; official says",https://www.theguardian.com/us-news/2026/jul/28/white-house-telemprompter-trump-bets
2026-07-28T23:34:39+00:00,Guardian World,False,False,"Senate confirms Trump ally Jay Clayton as director of national intelligence",https://www.theguardian.com/us-news/2026/jul/28/senate-confirms-jay-clayton-national-intelligence-director
2026-07-28T23:16:16+00:00,Guardian World,False,False,"Florida becomes first state in nearly a decade to execute two people on same day",https://www.theguardian.com/us-news/2026/jul/28/florida-executes-first-of-two-men-single-day
2026-07-28T23:00:16+00:00,Guardian World,False,True,"Trump pausing Iran attacks shows US military power is not enough on its own",https://www.theguardian.com/world/2026/jul/29/trump-iran-attacks-us-military-power
2026-07-28T20:31:54+00:00,NPR News,False,False,"As Spain battles wildfires; its politicians battle over climate change's role",https://www.npr.org/2026/07/28/nx-s1-5909198/spain-wildfires-politicians-climate-change
2026-07-28T21:00:10+00:00,Reuters (via Google News),True,True,"Yemen's Houthis say they fired missiles at Saudi oil tanker in Red Sea - Reuters",https://news.google.com/rss/articles/CBMiuAFBVV95cUxQbnJtN1czaW5VenZ0NDdYRVM1OVVMcUhYR2E2RHNneXhfaWZBalUwSElsSWk4aEVwMC1WRnozUGs4RmkxSk1xUkV5ZXVkNWUyeEJfbTQ0Z2RRdXNmM1hsSjduWFhLOURoZHBSUm1IUDJXdHkxR0Q4NGZ3SU9FcDRudkRkVG1qcEszb1Z3bHpaV3lydjBKbWtPaUVadGJ3cmVIT2FCQzlDaGJURG4wU1NlQmFiLW1uMDl6?oc=5
2026-07-27T15:37:59+00:00,Reuters (via Google News),False,False,"Trump economy at 18 months is a tale of shocks; resilience; and signs of stalled progress - Reuters",https://news.google.com/rss/articles/CBMiuAFBVV95cUxNbkFGX2kwR3FDOVZ3NEt5Y2VBYjNlTW1lOFlFNWVzWmptZUxxTkZqOUlDVHVaVjVrMklERjdRZEFsU2pLZ1BnWlBUNzhCRi1mMFMtZzBpRzlQZlE4djhfMGYtTFJpdHJ3eXd6TGU1UEZYNjFlY2dIcU5yLVVJZWNFc2hKTV9DYUhZOTBWSWFCUjlROTBETVA2UHVZRzZLd0VaMVd1bjlHbXptNEpUTFZna2RFRXdic0dq?oc=5
2026-07-28T02:30:00+00:00,Reuters (via Google News),False,False,"US stocks mixed ahead key tech earnings; Fed - Reuters",https://news.google.com/rss/articles/CBMigwFBVV95cUxNWUF6MHN4NmxzbUxRX0JpZGFFTlliRjB0WW1DQ3NvVUpQVFJ3aFNoUFJ6cG0tNGx2anJ3OFFTWXk3VUdQQVowWHdoRnVzZTZsZV9KdTR1cWxDeFpXTTFidGxCR25jc2ZYUXp1Z2lYRzJwZDcweHNJalJfamhJT0lvTXRKWQ?oc=5
2026-07-27T13:12:00+00:00,Reuters (via Google News),False,False,"Malawi installs first utility-scale battery to store solar power - Reuters",https://news.google.com/rss/articles/CBMiswFBVV95cUxPdkhIMGpVaFFuUXRneTFfN3hNaV9UQVU0WGRIc29KVkdSUHB5bS1zMkJLODJaQno5YVFVQ05QZGM3T29wOENwcGIxMk54WEtWdUZxcUY1Y2xfbG5xTjh0ak1INEktX1c2UVRhb0hmbkNPX1R1U1JrdFVmcDlVb3E3Y1czN1lfS1g4cGlsYVdSQ0ZaZDVDRnYtTklsZDhTMmFCQmpEMUQ3LTMtNXZSM2xKUnBabw?oc=5
2026-07-29T09:30:00+00:00,OilPrice.com,True,False,"Eni Increases 2026 Buybacks as Production Growth Accelerates",https://oilprice.com/Latest-Energy-News/World-News/Eni-Increases-2026-Buybacks-as-Production-Growth-Accelerates.html
2026-07-29T08:30:00+00:00,OilPrice.com,True,False,"U.S.-Saudi Consortium Plans $5 Billion Gulf Refinery Outside Hormuz",https://oilprice.com/Latest-Energy-News/World-News/US-Saudi-Consortium-Plans-5-Billion-Gulf-Refinery-Outside-Hormuz.html
2026-07-29T07:30:00+00:00,OilPrice.com,True,True,"ADNOC Defies Hormuz Risks as UAE LNG Exports Continue",https://oilprice.com/Latest-Energy-News/World-News/ADNOC-Defies-Hormuz-Risks-as-UAE-LNG-Exports-Continue.html
2026-07-29T06:30:00+00:00,OilPrice.com,True,True,"New Zealand Awards First Offshore Oil License Since Ending Drilling Ban",https://oilprice.com/Latest-Energy-News/World-News/New-Zealand-Awards-First-Offshore-Oil-License-Since-Ending-Drilling-Ban.html
2026-07-29T03:01:00+00:00,OilPrice.com,True,True,"Oil Prices Surge on Fresh Middle East Strikes and API Crude Draw",https://oilprice.com/Latest-Energy-News/World-News/Oil-Prices-Surge-on-Fresh-Middle-East-Strikes-and-API-Crude-Draw.html
2026-07-29T08:11:47+00:00,Rigzone,True,True,"UAE LNG Exports via Gulf Press On",https://www.rigzone.com/news/wire/uae_lng_exports_via_gulf_press_on-29-jul-2026-184238-article/?rss=true
2026-07-29T10:17:18.762152+00:00,Investing.com Commodities,True,False,"Bybit Introduces Finloop’s FUIDL backed by an AAA-rated Money Market Fund",https://www.investing.com/news/cryptocurrency-news/bybit-introduces-finloops-fuidl-backed-by-an-aaarated-money-market-fund-4819073
2026-07-29T10:17:18.762209+00:00,Investing.com Commodities,True,False,"Bitcoin rises to $64k ahead of Fed decision; shrugs off AI-led tech weakness",https://www.investing.com/news/cryptocurrency-news/bitcoin-rises-to-64k-ahead-of-fed-decision-shrugs-off-ailed-tech-weakness-4818621
2026-07-29T00:35:10+00:00,Google News: Crude Oil,True,False,"$Crude Oil Futures (SEP6) (CLmain.US)$ - Moomoo",https://news.google.com/rss/articles/CBMijwFBVV95cUxPWWhFcXN6dmJoM2x2emJRX3ZNb3FGLWFNY0ZxQVpZTzlVUkR0bFR3ZFdVcGgwOVNBLUpZdE9DWmpVM0xxNDBPU0JJRC11WjUtZG9sbC1GOG0zbzBITHVMengyOGo2RlYzWEY1cVRTeTcya1dDRTZXTlU5UGpZUFBxWm9BSGxqNVNpNjQ4N2ExOA?oc=5
2026-07-29T09:05:00+00:00,Google News: Crude Oil,True,False,"Current price of oil as of July 29; 2026 - Fortune",https://news.google.com/rss/articles/CBMiYkFVX3lxTE1lOU5KN1RmS0ppQ2E5UkdZTmFNTGxUbkxIVzdVbE1aOFd4Z3c0M1dZZ3ltT3MzTnlwanE3QkoxUTF6UWtibXR0WFB6bTVMMTdhcFdYb1VtR2Y1VzZRNG9fNkVB?oc=5
2026-07-29T10:03:00+00:00,Google News: Crude Oil,True,False,"SEC football coach hot-seat rankings: How safe is Brent Venables' job at OU? - The Oklahoman",https://news.google.com/rss/articles/CBMi3AFBVV95cUxQQ0NGUVJDVDF4Vkxtd2xMZDNuaWZIQXRDUUJUdzcyZ25ZVVZ5LXlpSXMxTVJlM2hUbXFuZXkzS0N3QkVpSURhZEswRG56SDdNclpXelBEcXJnbHhhMkRyMDhrSVNweDZLajhmaF9IWlZyR1cxZkZac2pOSFVpOExXVVlGd3hHN1RmNmY3SjBTdXR6WFM5bGtlYjFyQnNBSDlJOUZhcE1QUEZKVGpJQ2NxbnNrcG5yUzBMN0YyalkxNExzNjl6VWl0LWVCbWtLWFhEczRpeGY1UkpHUjlD?oc=5
2026-07-29T08:13:05+00:00,Google News: Crude Oil,True,False,"WTI Crude Futures Jump 3.5% to $82.01; Brent Crude Futures Advance 3% to $84.56 Pre-Bell as Iran Tensions Escalate - Moomoo",https://news.google.com/rss/articles/CBMiiwFBVV95cUxPN2NKVWU1dDQxazU4bmVGNlNZWnI5bWlNVzAxV2g5NkZYWUFkREE3SzdQSVdkVnZhZjNvLWNLbHI1cmtxeEhfMmdjNUFkWm1OME1oWVYzaFd6eVVFUmotcEdxWWoxWG5vcDd0NHhUNnNOV3VSd2FSaUdaSngybnhjT1htQmE4ZUhtRUZr?oc=5
2026-07-29T00:27:00+00:00,Google News: Crude Oil,True,True,"Oil rises as US-Iran tension escalates after Iraq strikes; missile attack - Reuters",https://news.google.com/rss/articles/CBMiygFBVV95cUxPd0ctWlZRN0hINkdrNUJmWWxpV0ZGNGw2Y2taRk1DbFBpdzd5bFdXQmJEcW9VRExnRFBtTWlTTHBRTU5tcDN2azF6VmtxdDN6WlVncmJxSVJhYjM4Wlctb3NEcnEzSWt4djdPSWJJX3ItYmpaN0UyZ09pbV85YjlRMkQ4RTV2RDE2c2NhYlRTdEVEUUFoWEVLMVBqUzhhX2xtVlJLUFp0RWFZTFpCSGJwMTRydUQ3NUx6ejJyYWFCdzBMVWpOYWZqbzF3?oc=5
2026-07-29T06:05:27+00:00,Google News: Crude Oil,True,False,"WTI Crude Rallies on Middle East Tensions - TradingPedia",https://news.google.com/rss/articles/CBMiigFBVV95cUxON2lTOERoeVpac2hSTWFBdWNEYVJoZUlrenl5ZVpsRlZtdmE4U2pqc3JleURtR29CeGR3VWhLSlBqVWIxWUZ4a1J1QldwWG9KV1luckJYQ3VmNXZVcFhnT3A4YVd0LUkxOTJfT3h1aGF3cGpKUXNUNmhJSUo0MHR4d0IxRVAzUzFGOHc?oc=5
2026-07-29T07:50:26+00:00,Google News: Crude Oil,True,False,"WTI trades near $81.00 after rebounding amid supply fears mount - FXStreet",https://news.google.com/rss/articles/CBMipwFBVV95cUxNNGNSdy1YMjVMajFnanN3dzFfOFFQaGVObXByc2JGMmdrWVB1aG1KRUNGVmVXaGRPWlliMzM5MWpBUlQzT2w1SWhtUnVJQllOS0xDMkVvdUFDamt1aGZnOVJMQzdYN1dUNzk5S01fTnRxeHJIcU5vREg2U2s1V2tTZjhGVkNNbmgzVGNxWnMwNDU3c3NSRTdQamtwbTRwN0hpdFRENWxWNA?oc=5
2026-07-29T04:23:14+00:00,Google News: Crude Oil,True,False,"Oil Prices Rebound as US Crude Supplies Tighten; Brent Tops $86 - Global Banking & Finance Review",https://news.google.com/rss/articles/CBMingFBVV95cUxPU08yR1BQa2JLVl9GcThtdjZFak5Sd1pDQWxRUjlEdlloNXphUUxEdXItVW11NU1LRzRBY1d3ZTVKRjl1NmNReXZqWlRZY2RaMjJTcGt1bFBTQnBwb3dhNnlTTFQwWVhCRjJyMm0yRG5zMVQ4Q3oyeXFBVV9leVM3dmIxZWU0Q0ttYm5WSVhkN3RnVko2ZmRMbVNLX2tlZw?oc=5
2026-07-29T08:58:36+00:00,Google News: Crude Oil,True,False,"Petrobras: Brent Nearly Came Full Circle; But The Mega-Dividends Did Not (NYSE:PBR) - Seeking Alpha",https://news.google.com/rss/articles/CBMi3gFBVV95cUxNU3huckZWOEt0SEt5Q3NoQTV2TGZ2b3Z2ZDN3TXN2UUcxdk9TUTFNempRV2htbXY0ZWtQTHZhTEJib0ZVWG40SElUN2pxcEktZGh3T3Z5M0hVXzlhLVJwVjBhQV9zRkFpdUJMS0JUMzJmUzlvNFpuV0pyYWFmWmVaYkpZRTd2M08wdzgybjVlOGxMZ1lIdFF6N1RkZUZBcktEZnRxeDdBTWNvT2xVMUhQSnhXWXN3NmFCQUNVNzlFYWdMRS1wM0p2TW14MGZTNXFoQ2h0S2tOYmZhYWUwLXc?oc=5
2026-07-29T02:12:09+00:00,Google News: Crude Oil,True,True,"Oil Price Today (July 29): Crude oil jumps 5% as US intercepts Iranian 'surprise attack’. Big rally ahead? - The Economic Times",https://news.google.com/rss/articles/CBMiiAJBVV95cUxPWlBpcWY3NXkyUzFnYlJ6OEFKc1J5NzFCMmVnY0t2Y3dDc2V0QTVza2lJY1VaUWsxSjFhdENIVHpXdFEwaXhFQ2FLLTNEX1lMbTFoUkRzdEszQS1FelBBTXNEUWI2emNvNWNUYm53SUR1Y01OcnltMVBObUxtODA5SWhQWlZNbE5KVHlQUVlEMlhWYW5pLU8xYTFUaVgxc0RjOHF3dGZ6NXR2eldiTTNJYUlCaS1XUkNoZFZlSDQ4Vm1RbHBfNm9lTTJJYlZqMEtERmpMMG1iMy0ya1NYbXRMWW9oYWtjcGtMcTAxaExBVy1nQ2s3MXRjX1R2dkpWMldDdHFGQW1RYXXSAY4CQVVfeXFMTTB5cndMU2E2Z19JNmt4STBfSkRHZDRnaXJ0WlZFQWZSYzJGMDVFZG1wdmNFdnhvdnY1bERmaVVBOURMMHh0YlFCUFFPSnozTEQzX1F5UTBIbjc2VEFlRUVvT0pfaXI3cnhsR2tNcnJjaXNLdWIyblhXOTNUS19XYk5rWGFiUXN5a0JGZENqVjE4eTJxd19DZWRQWGlaakRndEtCRVpsbzI0X1B4R2lfeVlfSWdXTmVWcDNyY1E4Qlo3aFEtaGk0M1lJdDVrOVRxNzUyZTZOcHFSN3FOVkpiTWVrSlRVbEcwTmw2LTdfanppMjBDRUd5dHh5aU5yTzdqVDdyRzB1R3VIOUhpTGxn?oc=5
2026-07-29T01:07:39+00:00,Google News: Crude Oil,True,False,"WTI rebounds from two-week low; well bid around mid-$81.00s amid Iran risks - FXStreet",https://news.google.com/rss/articles/CBMitgFBVV95cUxNUHFwbXdCQnJZSDdpVXdsN0dSNTJWZzlfR2tGU0hycEM4V3FxUUtVMlNzSWR0QktBUnAxdXJaTE1xNW1IdWY4MVZxNDN4eHdoM1JPLXpSR2ZwWUlmUzRFZlhVdVljS1hhamRialhKTXFXZDJSMmx1UHE2el83cXJmN2lVR3pIczRSRWt3ZVM5RXZ3aFJSR3AycGRjUW5DVzNPZjhYWnVXRjgtaUxFenh1Ym9STVJwUQ?oc=5
2026-07-29T03:58:40+00:00,Google News: Crude Oil,True,False,"Palm Oil Rebounds As Crude Oil Firms Up - Finimize",https://news.google.com/rss/articles/CBMid0FVX3lxTFBLVy0zc3FMdHBSY2ZBVTFoOGtLVTBKZm1ZSUw4a0VoLTA3TDl5V2JaWlp2MnVERzEwY2VlRFVxcmZCbWkwVEdYSGtDNzAtRk1IWXZ3clJuWWdhS2p4cGt6S29Xa1psMW0za2NKWncxSkY2cDZhYUNR?oc=5
2026-07-29T09:44:16+00:00,Google News: Crude Oil,True,False,"Persian Gulf Turmoil Lifts Brent as Supply Risks Intensify - TradingPedia",https://news.google.com/rss/articles/CBMioAFBVV95cUxPck5RYTRjb1ZmVWRIVDR5Y2phVVNqUDJkYjdFa1BfTkdjcHcxOGxMX1gydUsybkpyRDFoWHNGYTVhY2NWZlhhbUJHWWRkeW5JY0ozVU5DTjN4dnhraHlCUVMtTnFyemdMZENTS2xydnBrcVJqNk5XTTBwdkVtU0pHeUh5dGF2SWVPV0k2ZmhIYVNHQnVwUTNPM2prTnR6SWtW?oc=5
2026-07-29T09:13:46+00:00,Google News: Crude Oil,True,False,"Crude oil futures rebound over 3% as fragile truce gives way to fresh supply jitters - Deccan Herald",https://news.google.com/rss/articles/CBMiyAFBVV95cUxQYzlWOEw2Zk5YV21RWUREVEJYUkFwSWJfdjA3MVc3N2tBTVA1WmN3S1I0c0kwNHhRTjdkdVhSSl9jcnpxZ3pmZmFNMlNWbFNnZWVIQWJnV3UtejcyRXozU0steC1lMUF5c2RrR0NiRVN4eU9KWEZWMTFSemFnOXU0czk2X0dueGFDeGUzRENOWmcyVi1OcC1LSnY0UjV6OEdrQjZBb0lIWTkzSmJXWFB1OWFyc0ZzX3FQdmtjT1Jxbi14VTdQYVRiYg?oc=5
2026-07-29T07:06:09+00:00,Google News: Crude Oil,True,False,"Brent Drops 4.83% on Hopes of a Washington-Tehran Deal - energynews.pro",https://news.google.com/rss/articles/CBMihAFBVV95cUxNQTN3SkR3dkY1OS1hLVU5VkV5TVNVM1BMclZWS0tCX1FNMUFkMm1tdEt2M1c1T25IakQ1Z2tlRFFfeEM5M0R5SWtzbU04dG15T2M1U2FuQWoxNVNRVkFfVWsyZlpLWno3bTdRc0JlQWpjNHQ1RF9rcHFHTGtTeW1qdWlacTI?oc=5
2026-07-29T04:10:16+00:00,Google News: Crude Oil,True,False,"Brent Futures (UKOIL-F) Is up 4.13% on Jul 29: Why It Happened - TradingKey",https://news.google.com/rss/articles/CBMijwFBVV95cUxQSXFvSWkyTzV1TDhrUjVCcW0teTZ0VGE2bFUyMmk5Q0UtcW16dmpQbUJZT1FpWHB6REdpd0F0Y09raF92cDF6TXJySW82QnZMejJUY2xCcFpaSVlxZEpiQXFoOG50Q1JuN21WUHJrX000WWJJQ3YtWTdfYldyeG4tYlRHcmQxamRCR0hPb2dMZw?oc=5
2026-07-29T05:37:00+00:00,Google News: Crude Oil,True,False,"Natural Gas and Oil Forecast: OPEC+ Eyes September Hike – Can WTI Reclaim $82.90? - FXEmpire",https://news.google.com/rss/articles/CBMixAFBVV95cUxNczZ6VGh2SG1sQjJmdXc4VGpUazJhVnB6OGUxcGhCQll5Sl9uZEhQNndCZFNZdlFXS3ZyX3J2cXhBMVMzNVE3aTU4RFBBUVlVZG5ZbExuTEFqcjN0SVhMczlfZ0tiRVhvOHdmQ0szRHhzN29fTFBJRkc4a0RZR3l1el9sRjRfbGJaM2FjRHhSbGlRNjdvUlFMbGRCMWN0eTZMbXlPQlFVODRkVTdfNE1iTS1xYTJCZHRhekgxM2RUWFEzNlkw?oc=5
2026-07-29T10:04:12+00:00,Google News: Crude Oil,True,False,"Brent advances as Washington and Tehran resume hostilities - engine.online",https://news.google.com/rss/articles/CBMimgFBVV95cUxPWndwU1FXUmZ0OWRndkpacG9kTUl2alVhNFpmeVVOSnNLRWNXRkt2aDFsUk9OX0FfakVnVDRfcW9TTHZvcFdYajRwRW9wNU56RVo2SDA1Mm9Qd3JudzNiSERBMWJMajlWdjFNOGNCZXNINy1PMlVlRGJBbWV2dGhvVnlxeTBlTVk1RXYtcVVJWXV0Wk4zSFlvYTNB?oc=5
2026-07-28T19:34:56+00:00,Google News: Crude Oil,True,False,"Dollar Slips as Crude Oil Prices and T-Note Yields Fall - TradingView",https://news.google.com/rss/articles/CBMitAFBVV95cUxOc2RnMzBXNWJqVVVtTTQzSEVVN3pmOV9PckxLWGJGLU5sNUtuMklkNlRPeXY2ZG9mVUhNVUFzM2d2S2xzc3EyQkU3eHhEbmZHS1dCR1BIWWRtOF9Ta2N2Z2NmUk9ETE95N3I0ZFVlQklEdkktT0VpMHhYcnFIV1lXYl82dmVtQnAyYmZneDN4dy1wd1RSMDRTWldEc3d5WnBpajBWTXdmV3dXMnZzMmZVa3dCSGw?oc=5
2026-07-29T04:15:16+00:00,Google News: Crude Oil,True,False,"Brent (UKOIL) Is up 4.11% on Jul 29: Why It Happened - TradingKey",https://news.google.com/rss/articles/CBMijAFBVV95cUxPcnY2NzJXeFZkWml0QTdUWWZLajBsYjd5RXd5V1lFWWQ0WHJXa3VvWE9rN2pGWkoyeTJXZlN3bXpvZDRSYm9BNUpuM0tyNkNEWFdLcUQzcWVlbTBSb015UEdyTmJkQnZIY0xxY0RYUU1NQnN4cW1tblhJbk5XaHVuQ2lkYXBJdjQ0ZEVHRw?oc=5
2026-07-29T01:44:00+00:00,Google News: Crude Oil,True,False,"Brent oil may bounce further into $89.40-$91.04 range - TradingView",https://news.google.com/rss/articles/CBMivgFBVV95cUxNblZtUkJNQ2RhbmFodDZlQ2V0S05GXzNEMll6NHdoa2Z3VVpubG9iNnZucmgycFJQYTNpLXpZLXVIOHllcDNhQ0hDY2NFMEFoMEJFWVZ2anlzQmpvLTdNV3JGRU9HdFZpVXZKaXFlMVFxUHB3NHY2R0wtb3hZYTZRWVJycTBaczlLTE51WHAyekE1NE1YRmlqaUZrWndUdGhiUzJoakpyMkxFLUZJM08wMVFRR1JCc0F2aENSa2Z3?oc=5
2026-07-29T01:58:17+00:00,Google News: Crude Oil,True,False,"WTI Crude Oil Wave Analysis - Action Forex",https://news.google.com/rss/articles/CBMinwFBVV95cUxONEcwajVBRE9va3piSGV5Qlh5M0I2T3pTSTEtdGhaWFVTOU5va2czbmxmNlBjeGJieWdWa2JBNV9jQWdNTkRuTl9EblUwUTZFZ3BCWm9ZVXk1LVlpYmlLSkYwTDlMXzZJXzM2eGw1UG81VlAwY0toMGZ0VWM0bkJrbFFDTjNGVURtWTZydTEwMEVlRXpNSnRHUTFPN0twODQ?oc=5
2026-07-29T06:26:12+00:00,Google News: Crude Oil,True,True,"WTI Price Forecast: Likely revisit 50-day high above $92 on renewed US-Iran attacks - FXStreet",https://news.google.com/rss/articles/CBMiwgFBVV95cUxPaHlPN3l6cHFMXzlYcDZMVmRyTjVVaUlxZ0E4UENfZlBZa1FicWxMa19IVFpsSjRUY2QzVkFGUGpENkpFTk9FcWFSdUNGWlB2UTJ6eS10c19YVHRBVzFBYld3T3BXZTZkcjFiNTRFUm5PS090UE80aTZ4dWZJSnBwdUFqZ3pNR251SVZOTUZndlRYWmtlWTlqVjVEQkdMbEpTN1ZySm1yV0RmdmQ2YmRsa19KNXdUUzVIdElWVzFVNngzUQ?oc=5
2026-07-29T04:16:39+00:00,Google News: Crude Oil,True,True,"Crude oil futures jump after US-Saudi strikes on Iran-backed targets - BusinessLine",https://news.google.com/rss/articles/CBMi3gFBVV95cUxPMlA4M0VINGIzVThrZ2JLZXVKcDhKR19iMmpuN3J4ZlpFLTFjTlFxRmItRUowRHBzWVp1UklPTUZlZnRzX3QxaFVvSzVfMUdzMUZNVUtEbUxjbW83Wk02V2hNbkRYSlhrM3NoQjlQUUdNVDBidDh5MDhsUnVtX2pNR0FRenItanlDTy1iampoOTc3SGVpVnVYbHNNX0hreGZnRVJLRGpucWJuYzRzVm5JR0ZISW5ibXNWR1FSSmhObi1TQWFrelR1ZzNGYjNaLXp5eE9WYktNMC1CMW1OVkHSAeQBQVVfeXFMTWQ4MVRkNEVkVlBjUEMwUnVyejdsM0tvOE5Zdk13VWpkZnZSWDgwMnExdmczM3VGWHhqQUpvVGg5YVNVQ1dyTk94WTdfTHROeFAzd2FuWWF4NWwtdWt6MUZvZExOeTh4THllZWNGUkVNb1B2NGNDWWFNb1U2aW5Uak05Vno5aU50UzMwWXJhSVJfcjlNenBMZ3NPMWw2RVBMRnB0YjZhTWJaWFZFN3ZKYzhrNVBqWS1WVE1GdDRqUEd0SEpBZDZ3MXNrQWxSNTdFM2RrMmIyTGRQRG1GaVU0T1BQcGxL?oc=5
2026-07-27T15:37:35+00:00,Google News: Crude Oil,True,False,"Crude Oil Prices Plunge as Supply Threats Ease - Yahoo Finance",https://news.google.com/rss/articles/CBMikAFBVV95cUxNUno2R1I2NnN3QV9LWFliTDVpbFM3WmpLQ3oyNE01Qm42T0d0OWQ5b3FXRGx0RVAxWVlUX3o4ZnlvckxfZUdhY25nb3BpWTV3UGN4bGhUc2ZJUFVtX29fZ05TaFF6eVFEREtIa3V1NUd1eGV1WDlBRlFJWTBWdXJVQUd5Y3RCc0lqdG1fWUwydjg?oc=5
2026-07-28T18:27:13+00:00,Google News: Crude Oil,True,True,"Brent’s 10% Slide Reflects a War Premium Unwind; Not Supply Recovery - Investing.com",https://news.google.com/rss/articles/CBMirwFBVV95cUxPeVN5dHp4Z09VdDljZy16M0tXUnFJbjBYQ24wNjlLalBBQXMwWGRjbmlDWldKb21RRVhqUWxjQVZuN2J1bS1TUjJ0c2JOSVd6SE1JalpJTEN6UUtMbUFreVNUWUxHZ3Z3TlBBdTFLTFRnWlltM1Z0eVpmR1pHS1V0R3AwTWF4djdSOWpwcnRzYjh1V1YzYmduSzBrN2dFN1NjcVRIUmhxakNZcnpBUEpj?oc=5
2026-07-29T04:05:12+00:00,Google News: Crude Oil,True,False,"WTI (USOIL) Is up 4.45% on Jul 29: What Is Driving the Move? - TradingKey",https://news.google.com/rss/articles/CBMijAFBVV95cUxPV0R0SjJxNE9ETHVtbHhJbGtjaVNSOHRvZUZrVzBOaWhBS2NLbW9kZDd0SE9zcm1Rby1JdXYyYWVyNWV2MU5BbUwzc1NhTzBvQllBbmxfTkpmWFFpU0FUZXpUbDZQTWRhZDB1ZHdMbGlMakhPZWVxbDlDOFpOcGhzeUMzMjJoUjlSREJQdw?oc=5
2026-07-27T11:48:52+00:00,Google News: Crude Oil,True,False,"Headrick an unsung hero for '26 Yanks: 'He doesn’t get the credit he deserves' - MLB.com",https://news.google.com/rss/articles/CBMikwFBVV95cUxPeVRDQlhOQVU2LXM1Smp4NmlqMU93NV9vVk5pWmdxeG54b0RROVNHTTJtWU5JMnZVMjA5VG5EOU1KWGpUTHJjaFcyakx3STllS0NyU1E2dzdYWXhuTWpOUmtDMzN0MVI3OFVvenI2RVpnUFNqQkxwYlVQMmdNc1BxUmhTdTNOalQ0V3lzeEhRNUc0QVk?oc=5
2026-07-29T07:29:13+00:00,Google News: Crude Oil,True,False,"ICE cotton declines after 5-day rally due to falling crude oil - Fibre2Fashion",https://news.google.com/rss/articles/CBMizgFBVV95cUxPQWF3Wk5OUm5KeEttYzQtTzh1T0Vvd25GeGtJbG91bmloa0d5dlVRb2U1SFZwTEhjaXZVWEVmNkQtV3hrTTR5dWpYYjNPSGQ4UldKYmRwSm93QW1jaXVabXN5VkZyYVh6ekxacmdkUnM5NXZkNHppZU5aU29TbTNBMGp3OTEyck5HNkxSTE8xR2lzbWRRX0J6TFVKTV8wS09BdVlFZjg2cnhjSDRKZDUwWjhJRWxwVjF6MTYzc2tnR2h0UFFCS0pvbm50QTZIQQ?oc=5
2026-07-29T07:54:31+00:00,Google News: Crude Oil,True,False,"Oil prices today: Brent crude at a level not seen in over a week - المتداول العربي",https://news.google.com/rss/articles/CBMiuwFBVV95cUxOaFpEdzBRbFhqY0dwaGRnVlVOZ2JHOXpqNEhfbHVFLU1sRG1udjEtLXBWYi1ZeFJCVnM0aUl2M1FINGwyX2k0aGttalpPQzc3elhhN1FRZnhMdVJWLVkyU0xYRlEySHo4NE81RkdteTg1N05qN0JITFJZbURCZG9JWXlQNjFSOTB2WTRMMjdEUERNOEEycm03Zy13YVNTejZiRFhuTzBWWnBYMkpmUjdHSExpVDlFM0FxUDBJ?oc=5
2026-07-27T20:16:26+00:00,Google News: Crude Oil,True,False,"THE CLOSING BELL: Stocks drift on Wall Street and crude oil prices drop as Mideast tensions cool - WPTF",https://news.google.com/rss/articles/CBMiT0FVX3lxTFBzMDh3YlQtOEtvRTRVenRLNWRnRW5TSno4NmJuMnVVY1h3ZUREdWJKWmlsMTZUTFNFZWZSRUhwMnprZjVLcHNoN1U3TjlUTlU?oc=5
2026-07-29T04:00:19+00:00,Google News: Crude Oil,True,False,"WTI Futures (USOIL-F) Is up 4.58% on Jul 29: Why It Happened - TradingKey",https://news.google.com/rss/articles/CBMijwFBVV95cUxQdWh1WDAxVm91cmdRTFFHd1hscURPZEdOWGotN2ZLU3pNZ2UtZm42ZG45Y292OHUtVzZQLXhEN05QbmplX2ZzYnF6Ql96Ums2ME16ZVdsb2JIbkFUX2FSZVpONFE2TmpLYVZSTldoMkNBMGh4cUtXdUFaWHVzak8tRVVobUFlMkR1azA5WEhtVQ?oc=5
2026-07-29T07:34:32+00:00,Google News: OPEC,True,False,"OPEC+ Eyes Pause in Oil Output Hikes After September - Egypt Oil & Gas",https://news.google.com/rss/articles/CBMiigFBVV95cUxPZTlCcDZyVG1lUDJ1dUJVd281emtzR055dmdlU2ZNUGdMMVB4c3JQSmZ4UEZOU0Rvd0hsZGJUeDVsZjBzcUdDcVJ1TU9Va0xRWmhzcWVzR1Vid2tWNVBGQTIxX1RLWUlLcWxBUDV1S1BOVUMwbUowRVdtam9YTjBxSlJXcDBIdkIzZ1E?oc=5
2026-07-28T17:30:01+00:00,Google News: OPEC,True,False,"OPEC+ Is About to Pause Oil Output Hikes. Here's What It Means for Oil Stocks. - Yahoo Finance",https://news.google.com/rss/articles/CBMijAFBVV95cUxNc092el8yZVhqb1RxN1N3MzBtcjNjbWhveVR0V1NET2hUd21UMGM2cW9sd3JhVnFUQnA0ZWpsa2RnSnZqeWFZTlMzZGJZRnBvQmJ1UzhDWDQteU5jZ1BBQnkzT3gxSWFkQzNmclJEczZQN3RsVGswVDZJWHhYM25BcEFHZ3c4UVlXbHdNTw?oc=5
2026-07-29T04:18:12+00:00,Google News: OPEC,True,False,"OPEC+ likely to pause output hikes after September - IranOilGas",https://news.google.com/rss/articles/CBMisgFBVV95cUxOeGhTYzdXUXN1YUZYNGVZdldGRXMyaDRaVXZiSzFEY2lUX2RRVWZ2NXQ5YWZOdjktQ3h1N0dQWUNQR2hnYU5oa0tRVVB0Q1czaUhWRTloVUZRdUhVWXpZRk1KdUlPNXdaeFhVdHVDaE5ETXp1YWcwOXJ4TXhOU1hESHJsLTN4dUdMMXZBNDFHVG04UVpLbmVoYXZnWEd5QzRFajR6YWtlYTJhTnQzRm1zQzF3?oc=5
2026-07-29T00:54:58+00:00,Google News: OPEC,True,False,"Oil jumps over 3% as US crude stockpiles shrink; OPEC+ seen pausing output hikes - Firstpost",https://news.google.com/rss/articles/CBMixAFBVV95cUxObWJldkFTMjRmLVlkUlZxQV9QeFFtYjBWdjRVNUhxS1JUTXVOd3NRaXllUmlDQkNNU1htRmhrTGMtdVZjRmlKeUhhWTlkYkcwWTJSRkZfUnRTSWJaR0d4NGZMVUtERWQ2RVBta3NrSm9GVGFzbnJqSk5BUXpSZnY4MnR6THRqdnIzTG1JaDFEMENVN3RBcFJUbFpNb01yUFRBNGVzcXZZTHJRZ3hpTXoxX0ZEZkFGbTgzWkFDRzFsOVQ1SGhT0gHKAUFVX3lxTE82UkhtY191TGVqRUh2RGVYUDBzSnZpcDdSVDF4ZzBZSHRDRjlPMHFoZ05aSXQwM0lHTW9Gd3JYeFc2MEc3bFVMTzlrNk9tYXlUdHNZWTYteEhBdGtWOHZ4NFlqaXVwOWhWUGl0VnVicC1jNmxFQ25ZWVVIeWdxdldsYXJHNFhqWm5OU2dlc2RBZXVVLWIwNFl0aE11WVMzTFUtcDIzNHY1Q2F1Y1NLVjFyNENlSUdXaFI5enVhWEIxSVJ3WGJpWlpoSGc?oc=5
2026-07-29T06:07:22+00:00,Google News: OPEC,True,False,"OPEC+ plans September oil output hike but signa... - Pluang",https://news.google.com/rss/articles/CBMiigFBVV95cUxOZVJuV0RNN0ZTMHZtQ1hwRDVDcHZVVFZZa2dXbWNJN1ZpMDVfTVZEdksyTDRFTGRRWWUtMWdhUGFyV0Q3djE0STY0Ri1EbTFXTzQ2SU96Y3hTeGM2T1hBQTBfNkMwNE13bncwUldSVTBmNTNHSVExN3VxLVN6dmN1aHBrNVZRQkh1a2c?oc=5
2026-04-23T07:00:00+00:00,Google News: OPEC,True,False,"Russia Keeps Oil Flowing but Brings No New Plan to OPEC - Crude Oil Prices Today | OilPrice.com",https://news.google.com/rss/articles/CBMisAFBVV95cUxQNHdFVzd0SVJQZlRxdXJGX3pCTTZrbWR4YlZzUERDVVlxRWVDZG1BeTNERTN1cHBHWjgwcFlUVWRVYUg1c2phSG9XcXFENE9aUGV1SlNwZVU1NzVrWDY5X2pEa2ZqYVpKaUxLR2ZZMXEyM1BOdzBRQjdISzhUVnB2enhRMkZiNTVORUdZUjYxUVEtQzJ5ZUhJUUJ4c3JuUXh4dWFKWUZhNzFDWlRJZnQxY9IBtgFBVV95cUxPYzVGbVNlTTgxeXcyZlNXeXBZZ084cGE2QTBSVDBQT1A0dW50Nk1sOEFqSlFjY2U4UDEwSHFBMUJPdDBBWHVzVUZUVnh5TXBQTFlhY3dma1lydlB0dWJPUlhhVTcxVE4wNXFwZGFVdk5NbmRoMEtiUmhVSGxiZGs5cjFEWjFzcTBpeWJieTJDSkhWNkVYYjFPZXY3OW9xYUd3MVoyZ2lLSWl1RnJpclNzNGFqUy11UQ?oc=5
2026-07-29T06:10:19+00:00,BBC World,False,False,"Japan in a ‘race against time’ to rescue people trapped beneath rubble after quake",https://www.bbc.co.uk/news/videos/c3r0pg0dgrgo?at_medium=RSS&at_campaign=rss
2026-07-29T09:39:56+00:00,BBC World,False,True,"Saudi Arabia joins US in strikes on Iran-backed militias in Iraq",https://www.bbc.co.uk/news/articles/c70g6y24d76o?at_medium=RSS&at_campaign=rss
2026-07-29T09:51:49+00:00,BBC World,False,False,"Russia charges Telegram founder Durov with facilitating terrorism",https://www.bbc.co.uk/news/articles/cj4kexqkpzno?at_medium=RSS&at_campaign=rss
2026-07-28T23:25:53+00:00,BBC World,False,False,"How Mexican drug cartels have outsourced meth labs to Nigeria",https://www.bbc.co.uk/news/articles/crmrnxp4nllo?at_medium=RSS&at_campaign=rss
2026-07-29T05:00:07+00:00,BBC World,False,False,"Four women accuse Jared Leto of criminal sexual conduct",https://www.bbc.co.uk/news/articles/cd7lg2nz2x2o?at_medium=RSS&at_campaign=rss
2026-07-29T09:07:40+00:00,BBC World,False,False,"Trump's new spy chief Jay Clayton confirmed by US Senate",https://www.bbc.co.uk/news/articles/c0rd1kl1825o?at_medium=RSS&at_campaign=rss
2026-07-29T09:02:48+00:00,BBC World,False,False,"'Delulu'; 'Clock it': 'Cockroach' protest brings Gen Z slang to India's parliament",https://www.bbc.co.uk/news/articles/c9q90qvwe14o?at_medium=RSS&at_campaign=rss
2026-07-29T02:30:50+00:00,BBC World,False,False,"Trump administration bans new Chinese humanoid robots",https://www.bbc.co.uk/news/articles/cp9e2ex3ekyo?at_medium=RSS&at_campaign=rss
2026-07-29T02:24:03+00:00,BBC World,False,True,"Zelensky and Netanyahu meet Trump as wars in Ukraine and Iran drag on",https://www.bbc.co.uk/news/articles/cj4k2z8z45ro?at_medium=RSS&at_campaign=rss
2026-07-29T09:46:28+00:00,BBC World,False,False,"FA 'deeply concerned' by Fifa plan as Uefa to meet",https://www.bbc.co.uk/sport/football/articles/cvg7vglq9wpo?at_medium=RSS&at_campaign=rss
2026-07-29T06:07:26+00:00,BBC World,False,False,"'I thought I would die': Survivors describe shock and horror of powerful Japan earthquake",https://www.bbc.co.uk/news/articles/cvgw52l5kyyo?at_medium=RSS&at_campaign=rss
2026-07-29T05:01:12+00:00,BBC World,False,True,"'Israeli settlers laid siege to our home': Inside a Palestinian village under weekly attack",https://www.bbc.co.uk/news/articles/clyxgn37lg5o?at_medium=RSS&at_campaign=rss
2026-07-29T05:01:46+00:00,BBC World,False,True,"'No safe options' for thousands sheltering in key Sudan city as RSF fighters advance",https://www.bbc.co.uk/news/articles/c4gx399l0wyo?at_medium=RSS&at_campaign=rss
2026-07-29T09:52:16+00:00,Al Jazeera,False,False,"How has the Indian government responded to ‘Cockroach’ protests?",https://www.aljazeera.com/news/2026/7/29/how-has-the-indian-government-responded-to-cockroach-protests?traffic_source=rss
2026-07-29T09:51:52+00:00,Al Jazeera,False,True,"A safe space for Gaza women: A sanctuary to speak; heal and share amid war",https://www.aljazeera.com/news/2026/7/29/a-safe-space-for-gaza-women-a-sanctuary-to-speak-heal-and-share-amid-war?traffic_source=rss
2026-07-29T08:33:39+00:00,Al Jazeera,False,True,"US and Saudi Arabia strike ‘Iran-aligned’ groups in Iraq",https://www.aljazeera.com/video/newsfeed/2026/7/29/us-and-saudi-arabia-strike-iran-aligned-groups-in-iraq?traffic_source=rss
2026-07-29T08:16:08+00:00,Al Jazeera,False,False,"Jayden Seales takes five wickets as West Indies beat Pakistan in first Test",https://www.aljazeera.com/sports/2026/7/29/seales-takes-five-wickets-as-west-indies-beat-pakistan-in-first-test?traffic_source=rss
2026-07-29T08:16:06+00:00,Al Jazeera,True,True,"Iran and Oman swap proposals to manage Strait of Hormuz: What we know",https://www.aljazeera.com/news/2026/7/29/iran-and-oman-swap-proposals-to-manage-strait-of-hormuz-what-we-know?traffic_source=rss
2026-07-29T08:07:19+00:00,Al Jazeera,False,False,"Will Germany bring back mandatory military conscription next year?",https://www.aljazeera.com/news/2026/7/29/will-germany-bring-back-mandatory-military-conscription-next-year?traffic_source=rss
2026-07-29T08:04:25+00:00,Al Jazeera,False,True,"Why is Uganda experiencing a food crisis?",https://www.aljazeera.com/news/2026/7/29/why-is-uganda-experiencing-a-food-crisis?traffic_source=rss
2026-07-29T07:57:04+00:00,Al Jazeera,False,True,"Russian industrial sites on fire after Ukrainian drone attacks",https://www.aljazeera.com/news/2026/7/29/russian-industrial-sites-on-fire-after-ukrainian-drone-attacks?traffic_source=rss
2026-07-29T07:51:56+00:00,Al Jazeera,False,False,"IPL’s business value rockets to $20bn as India cricket league soars",https://www.aljazeera.com/sports/2026/7/29/ipls-business-value-rockets-to-20-billion-as-india-cricket-league-soars?traffic_source=rss
2026-07-29T07:15:14+00:00,Al Jazeera,False,False,"India’s youth have broken Modi’s spell",https://www.aljazeera.com/opinions/2026/7/29/indias-youth-have-broken-modis-spell?traffic_source=rss
2026-07-29T06:37:25+00:00,Al Jazeera,False,False,"Why Netanyahu didn’t want a Zelenskyy moment with Trump",https://www.aljazeera.com/video/newsfeed/2026/7/29/why-netanyahu-didnt-want-a-zelenskyy-moment-with-trump?traffic_source=rss
2026-07-29T05:43:03+00:00,Al Jazeera,True,True,"Iran attacks US bases in Middle East as Trump meets Netanyahu",https://www.aljazeera.com/news/2026/7/29/iran-attacks-us-bases-in-middle-east-as-trump-meets-netanyahu?traffic_source=rss
2026-07-29T05:22:18+00:00,Al Jazeera,False,True,"China puts the ‘squeeze’ on Taiwan with new maritime patrols",https://www.aljazeera.com/news/2026/7/29/china-puts-squeeze-on-taiwan-with-new-maritime-patrols?traffic_source=rss
2026-07-29T05:18:36+00:00,Al Jazeera,False,False,"Latest images of damage as death toll from Japan’s Kyushu quake rises",https://www.aljazeera.com/video/newsfeed/2026/7/29/latest-images-of-damage-as-death-toll-from-japans-kyushu-quake-rises?traffic_source=rss
2026-07-29T05:07:33+00:00,Al Jazeera,False,False,"Protesters storm hotel; heckle Netanyahu in Washington DC",https://www.aljazeera.com/video/newsfeed/2026/7/29/protesters-storm-hotel-heckle-netanyahu-in-washington-dc?traffic_source=rss
2026-07-29T04:47:25+00:00,Al Jazeera,False,True,"Trump meets Netanyahu for a record seventh White House visit",https://www.aljazeera.com/video/newsfeed/2026/7/29/trump-meets-netanyahu-for-a-record-seventh-white-house-visit?traffic_source=rss
2026-07-29T03:09:15+00:00,Al Jazeera,False,False,"Haitians living in fear as Temporary Protected Status ends in the US",https://www.aljazeera.com/video/newsfeed/2026/7/29/haitians-living-in-fear-as-temporary-protected-status-ends-in-the-us?traffic_source=rss
2026-07-29T02:54:45+00:00,Al Jazeera,False,True,"Iran missiles target US forces in Jordan after a five-day pause in war",https://www.aljazeera.com/video/newsfeed/2026/7/29/iran-missiles-target-us-forces-in-jordan-after-a-five-day-pause-in-war?traffic_source=rss
2026-07-29T02:45:59+00:00,Al Jazeera,False,True,"Israel kills Palestinian; destroys mosque in Gaza",https://www.aljazeera.com/news/2026/7/29/israel-kills-palestinian-destroys-mosque-in-gaza?traffic_source=rss
2026-07-29T02:05:41+00:00,Al Jazeera,False,False,"OpenAI’s rogue agent hacked an account at a second technology firm: Report",https://www.aljazeera.com/news/2026/7/29/openais-rogue-agent-hacked-an-account-at-a-second-technology-firm-report?traffic_source=rss
2026-07-29T01:37:23+00:00,Al Jazeera,False,True,"Iraqi armed groups condemn ‘dangerous escalation’ after US-Saudi strikes",https://www.aljazeera.com/news/2026/7/29/saudi-arabia-us-carry-out-strikes-on-iran-backed-groups-in-iraq?traffic_source=rss
2026-07-29T01:30:14+00:00,Al Jazeera,False,True,"After fleeing Sudan’s war; refugees battle thirst in Chad’s camps",https://www.aljazeera.com/news/2026/7/29/after-fleeing-sudans-war-refugees-battle-thirst-in-chads-camps?traffic_source=rss
2026-07-29T01:19:55+00:00,Al Jazeera,False,False,"Media not invited as Trump; Netanyahu hold talks at the White House",https://www.aljazeera.com/video/newsfeed/2026/7/29/media-not-invited-as-trump-netanyahu-hold-talks-at-the-white-house?traffic_source=rss
2026-07-29T01:07:09+00:00,Al Jazeera,True,False,"Turkiye takes ‘historic step’ on energy alliance with Iraq",https://www.aljazeera.com/news/2026/7/29/turkiye-takes-historic-step-on-energy-alliance-with-iraq?traffic_source=rss
2026-07-29T01:03:49+00:00,Al Jazeera,False,False,"Protests in Lima as Keiko Fujimori sworn in as Peru president",https://www.aljazeera.com/video/newsfeed/2026/7/29/protests-in-lima-as-keiko-fujimori-sworn-in-as-peru-president?traffic_source=rss
2026-07-29T09:02:19+00:00,CNBC World,False,True,"Ukraine has found a new pressure point in Russia’s wartime economy",https://www.cnbc.com/2026/07/29/ukraine-russia-wildberries-putin-trump.html
2026-07-29T09:40:12+00:00,CNBC World,False,True,"UBS CEO says the AI pullback is healthy — but there’s a bigger risk investors should watch",https://www.cnbc.com/2026/07/29/ubs-earnings-ai-correction-stocks-swiss-bank.html
2026-07-29T09:10:38+00:00,CNBC World,False,True,"Oil jumps as U.S.-Iran resume strikes after a brief pause",https://www.cnbc.com/2026/07/29/oil-prices-today-brent-wti-iran-us-hormuz.html
2026-07-29T07:01:28+00:00,CNBC World,False,False,"Minister apologizes as Korean leveraged ETF investors nurse heavy losses amid chip stock rout",https://www.cnbc.com/2026/07/29/korea-leveraged-etf-kodex-sk-hynix.html
2026-07-29T05:00:02+00:00,CNBC World,False,False,"Why America's super rich have embraced the appeal of British soccer teams",https://www.cnbc.com/2026/07/29/why-america-super-rich-love-football-clubs-british.html
2026-07-29T08:29:21+00:00,CNBC World,False,False,"Tech stocks extend sell-off with SoftBank losing 7% as AI plays take a hit",https://www.cnbc.com/2026/07/29/chip-selloff-sk-hynix-samsung-softbank.html
2026-07-29T06:36:49+00:00,CNBC World,True,True,"CNBC Daily Open: Banking beats; SK Hynix sinks and surprise attack rattles oil",https://www.cnbc.com/2026/07/29/daily-open-bank-earnings-ubs-sk-hynix.html
2026-07-29T07:26:43+00:00,CNBC World,False,False,"BTS' concerts have been so successful; it’s now bad for its own agency’s shares",https://www.cnbc.com/2026/07/29/bts-concerts-hybe-record-results-shares-crash.html
2026-07-29T05:30:01+00:00,CNBC World,False,True,"Britain tried war bonds before — and savers paid the price",https://www.cnbc.com/2026/07/29/britains-ww1-war-bonds-a-warning-for-todays-investors.html
2026-07-28T09:44:13+00:00,CNBC World,False,False,"China’s reported chip breakthrough comes with some big caveats",https://www.cnbc.com/2026/07/28/china-chipmaking-duv-tool-asml-explained.html
2026-07-29T02:27:03+00:00,CNBC World,False,False,"Elon Musk's xAI sues Minnesota over law to ban 'nudify' apps",https://www.cnbc.com/2026/07/28/spacexs-xai-sues-minnesota-over-law-to-ban-nudify-apps-.html
2026-07-29T01:17:13+00:00,CNBC World,False,True,"Trump; DOJ ask Supreme Court to toss $83.3M defamation award to E. Jean Carroll",https://www.cnbc.com/2026/07/28/trump-asks-supreme-court-to-toss-83point3m-defamation-award-to-e-jean-carroll.html
2026-07-29T00:48:07+00:00,Guardian World,False,False,"Kenya investigating unexpected deaths of 15 elephants in national park",https://www.theguardian.com/world/2026/jul/29/elephant-deaths-kenya-amboseli-national-park
2026-07-29T09:58:15+00:00,Guardian World,False,True,"Rescue teams face ‘race against time’ in search for trapped survivors as death toll in Japan rises to at least 13 – live updates",https://www.theguardian.com/world/live/2026/jul/29/sanae-takaichi-rescue-trapped-shopping-centre-mall-japan-earthquake-latest-news-updates
2026-07-29T09:08:57+00:00,Guardian World,False,False,"‘The shaking was terrifying’: stories of survival and loss emerge after Japan earthquake",https://www.theguardian.com/world/2026/jul/29/japan-earthquake-stories-people-survival-loss-hikawa-uki
2026-07-29T08:50:26+00:00,Guardian World,False,False,"Shares in Asian chip firms plunge further as AI sell-off continues",https://www.theguardian.com/business/2026/jul/29/asian-chip-firms-shares-plunge-ai-sell-off-stock-markets
2026-07-29T02:40:23+00:00,Guardian World,False,False,"‘Race against time’: Japan earthquake death toll rises as rescue teams search for missing",https://www.theguardian.com/world/2026/jul/29/japan-earthquake-death-aftershocks
2026-07-29T08:27:31+00:00,Guardian World,False,False,"Mother went to South Australia police station day before suspected murder-suicide",https://www.theguardian.com/australia-news/2026/jul/29/sa-police-helena-wright-toddler-death-missing-baby-port-macdonnell-ntwnfb
2026-07-29T08:09:11+00:00,Guardian World,False,False,"Victorian cults inquiry accidentally shares email address of anonymous survivors with group members",https://www.theguardian.com/australia-news/2026/jul/29/victorian-cults-inquiry-accidentally-shares-email-address-of-anonymous-survivors-with-group-members-ntwnfb
2026-07-29T07:34:38+00:00,Guardian World,False,False,"Daniel Andrews says Ben Carroll ‘can win’ Victoria election in rare public statement",https://www.theguardian.com/australia-news/2026/jul/29/daniel-andrews-statement-ben-carroll-victoria-state-election-ntwnfb
2026-07-29T06:30:45+00:00,Guardian World,False,False,"Young Liberal power brokers created ‘shit sheet’ on NSW minister accusing him of extramarital affair",https://www.theguardian.com/australia-news/2026/jul/29/icac-operation-rosny-young-liberals-shit-sheet-nsw-minister-david-elliott-ntwnfb
2026-07-29T09:41:03+00:00,Guardian World,False,True,"France and Spain brace for fresh heatwave as warnings issued over risk of new wildfires – Europe live",https://www.theguardian.com/world/live/2026/jul/29/france-spain-wildfires-heatwave-extreme-heat-europe-latest-news-updates
2026-07-29T05:46:19+00:00,Guardian World,False,True,"Wednesday briefing: Will Zelenskyy’s domestic struggles harm his reputation on the global stage?",https://www.theguardian.com/world/2026/jul/29/wednesday-briefing-will-zelenskyys-domestic-struggles-harm-his-reputation-on-the-global-stage
2026-07-28T14:02:31+00:00,Guardian World,False,False,"Qantas plane flies for more than 24 hours in record-breaking flight",https://www.theguardian.com/business/2026/jul/28/qantas-plane-flies-for-more-than-24-hours-in-record-breaking-flight
2026-07-29T09:52:44+00:00,Guardian World,True,True,"US thwarts Iran missile attack and joins forces with Saudis to strike Iraq; killing 20",https://www.theguardian.com/world/2026/jul/29/iran-missile-attack-us-base-forces
2026-07-29T09:53:27+00:00,Guardian World,False,False,"Burnham says it’s ’shameful’ politicians have failed to fix social care; as he fast-tracks Louise Casey’s review – UK politics live",https://www.theguardian.com/politics/live/2026/jul/29/andy-burnham-social-care-louise-casey-tories-kemi-badenoch-reform-nigel-farage-uk-politics-latest
2026-07-29T09:09:27+00:00,Guardian World,False,False,"Heathrow passengers face higher fares as airport can recover early expansion plan costs",https://www.theguardian.com/business/2026/jul/29/heathrow-passengers-higher-fares-expansion-plan-costs
2026-07-29T09:00:28+00:00,Guardian World,False,False,"Why US military prosecutes alleged rapes of women in UK as ‘sexual assaults’",https://www.theguardian.com/uk-news/2026/jul/29/why-us-military-prosecutes-alleged-rapes-of-women-in-uk-as-sexual-assaults
2026-07-29T08:16:26+00:00,Guardian World,False,False,"Zack Polanski will not say sorry to Farage for sharing guillotine image",https://www.theguardian.com/politics/2026/jul/29/zack-polanski-will-not-apologise-to-nigel-farage-for-sharing-image
2026-07-29T07:42:01+00:00,Guardian World,False,False,"Datacentre projects could face fees for grid access to ease connection queue; Ofgem says",https://www.theguardian.com/uk-news/2026/jul/29/datacentre-projects-fees-grid-access-connection-queue-ofgem
2026-07-29T09:00:28+00:00,Guardian World,False,False,"Anthony Fauci to face grilling from Senate Republicans on Covid pandemic",https://www.theguardian.com/us-news/2026/jul/29/anthony-fauci-senate-hearing-covid
2026-07-29T01:09:51+00:00,Guardian World,False,False,"Trump praises back-to-back meetings with Zelenskyy and Netanyahu",https://www.theguardian.com/us-news/2026/jul/28/trump-netanyahu-zelenskyy-meetings
2026-07-29T00:27:49+00:00,Guardian World,False,True,"ICE agents used racial slurs during Los Angeles crackdown; court files show",https://www.theguardian.com/us-news/2026/jul/28/ice-agents-racial-slurs-los-angeles-documents
2026-07-29T09:07:03+00:00,NPR News,False,True,"Jordan intercepts Iranian missiles as U.S. and Saudi Arabia strike militias in Iraq",https://www.npr.org/2026/07/29/g-s1-136063/us-saudi-arabia-iran-iraq
2026-07-29T07:22:44+00:00,NPR News,False,False,"France evacuates thousands as fires displace a third of a million in southwest Europe",https://www.npr.org/2026/07/29/g-s1-136057/france-wildfires
2026-07-29T05:34:42+00:00,NPR News,False,False,"Rescuers search for the missing after Japan earthquake as death toll rises to 13",https://www.npr.org/2026/07/29/nx-s1-5911613/japan-earthquake-updates
2026-07-29T03:29:00+00:00,Reuters (via Google News),False,True,"Major Gulf fighting restarts as US and Saudi strike Iran's allies in Iraq - Reuters",https://news.google.com/rss/articles/CBMixAFBVV95cUxNcFJoOXIwZmxCNHBjd05nc3dlYjNXXzd1NzdyQldTOVQ4S3NjZnNDRWdqdG1WUFRUS2tRSkJJTEhQYjJWa1FraklySUtoamVybzBfbUR4aUItanFrRG1hMDZJTzlSQ3lrS25SLUo4QzR0RVQxdmFSVUFaUFpHYWV0cmdnVURNVHJ1QzBzM0pIRTMwUmVFZmxwVVpyTklTallXU2ZLOGl3TDJ1U3VnRzd3bmZnQjVfcUw2a1pWSGdFOTNlUXFa?oc=5
2026-07-28T22:55:54+00:00,Reuters (via Google News),False,False,"Top US oil trade group opposes Hormuz tolls after Gulf-backed voluntary fee proposal - Reuters",https://news.google.com/rss/articles/CBMiyAFBVV95cUxPQjBCRWJ5ekpMbWF5dm5Yc0c4c0VXTDNZaGlybGZ2OU4xaGx2cEZjMjl1RUZnT3YyQTFhM0ptTHZSbUJiWkZGMDRydFlYZktRVTNPMU9nTzhqUXg2Rzc2V3hjYkczbllfLWszbEJORmVlVDRTYUJBVmhiX19VVVNGVDdjcS1zcmRCLTZnUm1GS0NQOHhXRHlTSThZYVNBT1NlOFR6N0JvODU0YnRhOFNsZTlKWTJiMDFGZE1DQUQ2T0NjbWFpWDRMVw?oc=5
2026-07-28T22:41:00+00:00,Reuters (via Google News),False,False,"Petrobras cuts imports as it pushes local output amid U.S.-Iran conflict - Reuters",https://news.google.com/rss/articles/CBMiswFBVV95cUxQWEpKandCZmpKVTRXejZfQmp1bHNZdmtiYXo1ZTEtZFNCOGxEaUtocm5UdDdGMUVOT2tOWUU4bVBNM3EtY0ZOSHJoRHFqZ205UmxjN0dRejBvTU8yRkJzWWFxU2lTbDZHNGNRY3hYZi0wVHdBaFBsQ1JMSVozeUVWaFMySWE3WHdKWlNsdU51eFNyMjNDd0tRZWE4Z0l0Qi1BV3N2dGRYQWt5cURpQ0twQnVQcw?oc=5
2026-07-28T20:59:43+00:00,Reuters (via Google News),True,False,"API shows fall in weekly US crude stocks; rise in fuel inventories; sources say - Reuters",https://news.google.com/rss/articles/CBMiwAFBVV95cUxQLTQ1WEowTGR1cTh5T2FPVTJDWHE3dk9haFNPSG5OelNDc1J3SWE0OW5DaW1tSTV1cW9OQWNvZHAxNDVXazB1dWpXS1lEcWNYSEdXQ2FCUzRSRGUwSjV6OWlOVS0wNFpJMlFBOGRoS1hUc2hBSzdpNUJOdTRPVXpxSkZOUF8wS0NnY0gyZFZKVTJHRXN0UmxxeVlpMDBvS21tbE93WWNJR3hMdDBuNmJkMGNsbW5PR0RIMTdEYTcxd2Y?oc=5
2026-07-29T08:54:33+00:00,Reuters (via Google News),False,False,"Stocks muted as investors count down to Fed verdict; tech earnings - Reuters",https://news.google.com/rss/articles/CBMie0FVX3lxTE1UQ0pPSFVQOVM0dWVQbmRmR3Nrdm9hUG4xLWR6bEVza0FyMVFxdXIwMm9LMXA2azA3c1Baa295M1RwUTJMRTBRc0FLWHdWOUNzUHl0M2hGUVNtWDgwSWt2NU5hYWlrT3ZIOUI5dkRMb3c3WTEwRzBaMzNVQQ?oc=5
2026-07-28T18:22:21+00:00,Reuters (via Google News),False,False,"Erdogan says Turkey aims to sign energy cooperation deal with Iraq - Reuters",https://news.google.com/rss/articles/CBMitgFBVV95cUxPOE83YXAyVU5xQmdELXhRbndpbm9IRmhYcnZFUFpuTDNZY09rV1lfVU1aYzNYbzlxZ2NOOTZkV2huUFRoc292ZGo0RzZRRTBqbGFoVUxOcjRTNGloWjBIVFhPRDhUdzdobFVkcDdxUnkzMGtCMHB4UGJaaURJdXJJdmZCY2VqQWxJSzdOZ1MzMTVtOW15Y1NSOVktdTBsdUNlQnhZanNnZVRYdEtXV1BCRklERlc1QQ?oc=5
2026-07-29T03:37:00+00:00,Reuters (via Google News),False,True,"Drones attack industrial sites in Russia's Ryazan; Wildberries warehouse evacuated - Reuters",https://news.google.com/rss/articles/CBMivAFBVV95cUxPci1oZGNSclBOc3NUX2VsZDdBYlVSNnJsYklvRDduS0d5S3BGa1ljb3I3cEZkS1dUS0dNcVIyS29sOXUzYXp3UG9Qa1g1YjhtOFdRWkw3Q2ZBdURkUzVaX1JERmJBQ2d5Tmw1TEhxRFVvd21YUVBMeHc4clNxbFlLY2REc0VtMUJGYjFBdkREX0pRTk5VVXFxUmtZZFBYOGJndTV3YmJnb0pwUEI0eGlaVVNpN28xNjJOblRxVQ?oc=5
2026-07-29T06:10:00+00:00,Reuters (via Google News),True,False,"US-Saudi consortium advances plans for $5 billion Gulf refinery - Reuters",https://news.google.com/rss/articles/CBMirwFBVV95cUxPTmpKM01Bekc3VHZSVDVvQ2NkUnowblY0eDhjeG9YbEV5dVo1T0NTVUpFRWlRd3RFeUJSS190SFFpLTNVS2ozaUxRbGEtNVByTTAtVzh5dkV1TGljbFlhMDFKcjB0UkN0bmdYR2R3ejYwMnBsbktoQl9vWWNqcTJTa25fRzJoZV9OZXpaRGp5X0U2Z2x1OUdUdWRPSF9Lbld1THh0ZEg2SkFwZjNvTGtZ?oc=5
2026-07-27T04:27:00+00:00,Reuters (via Google News),False,False,"Bank of Japan to signal more rate hikes as price pressures build - Reuters",https://news.google.com/rss/articles/CBMirwFBVV95cUxQNDhaQWpFVU93akZIWEROaGI0Z2J5bk9ZT09mVzlLRk5yUjJPcHBYY2xlOV9XUl9sNy00N0dxem56cDZvZ2ZrUV9MU2lxazBGZ01Pc3I5VlE2Z2FzRE9EdmpQTUl6RTBabmIwMW1DeW1mcjRhNkg1ekxNakxaQWt4Mmp0dXVRSUppNTJRSUZFdHNEczhJSGdLckJTejMwXy1WZElGejVDd2xfbV8zVzdV?oc=5
2026-07-27T07:22:07+00:00,Reuters (via Google News),False,False,"Indonesia's Prabowo approval rating drops to 51.1%; survey finds - Reuters",https://news.google.com/rss/articles/CBMisgFBVV95cUxQWGxmWDBqWWVqbS1zcG1rUGtzWnNrMnRjcHk2cVpmaEN0YWRxcWZQeVNaQWlMY19maUpJRmVGN0trX2ZuMnZRaVhwX3RacnJob1BWRVVlRmo2ZHQ5aVRWV01nWGk1THJNSkZZNUtsRmlsa3BjaGF3NU16blZfTzdGTWJsbnBfU1ZjRS0xZkFaODVyMWItYnNmZGozdURJLU9JNURYdFQ5WEdjWW1JTGtqVlRn?oc=5
2026-07-28T18:00:00+00:00,Reuters (via Google News),False,True,"Russia sanctions championed by Graham clear first Senate hurdle as Zelenskiy visits - Reuters",https://news.google.com/rss/articles/CBMinAFBVV95cUxPcW1HX3dSOEgyLUVVTUlrOWgzUWNzQ3VDNXFENTdLRUJVMnpTbTV5MDNDSEVtUDc4dE9TSm1QakxlOGdSS1ZQNUI2dmlZM3lDRUxpSzk4eHJVcmpnWWd3b0VIbmZUTHc2SjBMZzUzalBwUC1rYThwX3FjN0NCZkhaSXdYQlpwd3RWdFluRU5QQzhZWWNkcmtNdUxuRWM?oc=5
2026-07-28T08:34:26+00:00,Reuters (via Google News),False,False,"TotalEnergies; Eni approve Cyprus gas field for LNG for 2028 startup - Reuters",https://news.google.com/rss/articles/CBMisAFBVV95cUxNTUVmU1g1T3ZCZEU2ZXIyVDNRVS1kY3dxZ0J6eEFfUVo3SUc2T1pEM3B3UlYxNDNZQ0hXUXZwSTVndHlDUFhmM3pHV1BldzJEVzhmbG9rNFlIYlRja09YRFl4MFluRVNibUJLSy1XWVhCWTdmbzZiSTNOVFJyZ0w5NzZvVDJaaU1paGFWTkIxTVZlVjVVeG1vcmVIREJyRWI1WmFPcUY0aGY3bkV3bTMzSA?oc=5
2026-07-24T20:20:09+00:00,Reuters (via Google News),False,False,"Devon Energy mulls $4 billion sale of Eagle Ford; Powder River assets; Bloomberg News reports - Reuters",https://news.google.com/rss/articles/CBMizAFBVV95cUxQbHZYcnNEUjEwa010MXFzZk9FT2RXT0k2eE55cjdpWFU4a21lM0R5ZnJJblBoTjJCT1lOdEh5MGpZWWd0NU9LS3ZLZG9ZUjE5QnpVSzg0bjhDSWRRZjBSYmJpR0NDVExJT2tnZGJVRDE2a0pfY0lyZXNrb1Z5SGVZdEVlWDM3OUdSS0E5UUFZMUNqSUNFeFpQTmFmNnVFbTc3QVkxbUtURndudXJuQXhBS2xKb1FLQU04RW8xZVZyUFVFQ1FBc3dHbWs5Zl8?oc=5
2026-07-29T09:03:17+00:00,Reuters (via Google News),False,False,"Dollar retreats from one-month highs ahead of Fed decision - Reuters",https://news.google.com/rss/articles/CBMimAFBVV95cUxPRnFXZFd5UzNzZ1RRdnZ3aFRNT2N6YU1hdVB6UHNzcU9RdUVMRk5MSkEyUGoxY3FnSnM4OHlpdWoyalJwWEl4bWh3YkcteTNieGF1cm8zVzJHenF4ZERNbGVfSURTaFF4bUVhUC1paUFwMk5XZVFNZzRLOFp2aWQ1aktad1d2WVg0QkNhY215bHpRYlBxVldycg?oc=5
2026-07-29T16:00:00+00:00,OilPrice.com,True,False,"Middle East Turmoil and the AI Boom Fuel Windfall for Mining Giants",https://oilprice.com/Metals/Commodities/Middle-East-Turmoil-and-the-AI-Boom-Fuel-Windfall-for-Mining-Giants.html
2026-07-29T15:30:00+00:00,OilPrice.com,True,False,"Indian Oil Eyes Stakes In Gas Carriers To Cut U.S. LPG Freight Costs",https://oilprice.com/Latest-Energy-News/World-News/Indian-Oil-Eyes-Stakes-In-Gas-Carriers-To-Cut-US-LPG-Freight-Costs.html
2026-07-29T14:44:00+00:00,OilPrice.com,True,False,"US Oil Inventories Sag as Hormuz Turmoil Rages On",https://oilprice.com/Energy/Crude-Oil/US-Oil-Inventories-Sag-as-Hormuz-Turmoil-Rages-On.html
2026-07-29T14:30:00+00:00,OilPrice.com,True,False,"Taiwan Halts $800 Million in Spot LNG Buys From Papua New Guinea",https://oilprice.com/Latest-Energy-News/World-News/Taiwan-Halts-800-Million-in-Spot-LNG-Buys-From-Papua-New-Guinea.html
2026-07-29T14:00:00+00:00,OilPrice.com,True,True,"U.S. Senate Advances Sweeping Russia Sanctions Bill in 86-12 Vote",https://oilprice.com/Geopolitics/Europe/US-Senate-Advances-Sweeping-Russia-Sanctions-Bill-in-86-12-Vote.html
2026-07-29T13:34:08+00:00,OilPrice.com,True,True,"Oil Jumps 7% As Trump Threatens Iran Hours Before Fed Decision",https://oilprice.com/Latest-Energy-News/World-News/Oil-Jumps-7-As-Trump-Threatens-Iran-Hours-Before-Fed-Decision.html
2026-07-29T13:30:00+00:00,OilPrice.com,True,False,"World Nuclear Association: $6 Trillion Needed to Hit 2050 Capacity Goals",https://oilprice.com/Latest-Energy-News/World-News/World-Nuclear-Association-6-Trillion-Needed-to-Hit-2050-Capacity-Goals.html
2026-07-29T12:30:00+00:00,OilPrice.com,True,False,"UK Regulator Targets Data Center Land Grab on the Power Grid",https://oilprice.com/Latest-Energy-News/World-News/UK-Regulator-Targets-Data-Center-Land-Grab-on-the-Power-Grid.html
2026-07-29T11:30:00+00:00,OilPrice.com,True,True,"Iran Rejects Oman’s Proposal to Evenly Divide Hormuz Control",https://oilprice.com/Latest-Energy-News/World-News/Iran-Rejects-Omans-Proposal-to-Evenly-Divide-Hormuz-Control.html
2026-07-29T10:30:00+00:00,OilPrice.com,True,True,"Houthis Claim Attack on Saudi Oil Tanker in Red Sea",https://oilprice.com/Latest-Energy-News/World-News/Houthis-Claim-Attack-on-Saudi-Oil-Tanker-in-Red-Sea.html
2026-07-29T14:41:02+00:00,Rigzone,True,True,"Saipem Bags Over $3B Worth of Eni Deals in July",https://www.rigzone.com/news/saipem_bags_over_3b_worth_of_eni_deals_in_july-29-jul-2026-184246-article/?rss=true
2026-07-29T14:09:33+00:00,Rigzone,True,False,"Eni Raises Buyback Plan to Nearly $4B",https://www.rigzone.com/news/eni_raises_buyback_plan_to_nearly_4b-29-jul-2026-184243-article/?rss=true
2026-07-29T14:07:06+00:00,Rigzone,True,True,"Trump Says USA Will Strike Iran Hard",https://www.rigzone.com/news/wire/trump_says_usa_will_strike_iran_hard-29-jul-2026-184244-article/?rss=true
2026-07-29T13:16:22+00:00,Rigzone,True,False,"BP to Bring In TPAO for Kirkuk Oil Projects",https://www.rigzone.com/news/bp_to_bring_in_tpao_for_kirkuk_oil_projects-29-jul-2026-184242-article/?rss=true
2026-07-29T11:47:01+00:00,Rigzone,True,False,"Oil; Gas Sector is Cash Rich; Capital Cautious",https://www.rigzone.com/news/oil_gas_sector_is_cash_rich_capital_cautious-29-jul-2026-184241-article/?rss=true
2026-07-29T10:18:52+00:00,Rigzone,True,False,"New Zealand Grants 1st Exploration Permit since Ardern-Era Ban",https://www.rigzone.com/news/new_zealand_grants_1st_exploration_permit_since_ardernera_ban-29-jul-2026-184240-article/?rss=true
2026-07-29T10:11:45+00:00,Rigzone,True,False,"Why Is Oil Rebounding?",https://www.rigzone.com/news/why_is_oil_rebounding-29-jul-2026-184239-article/?rss=true
2026-07-28T14:41:09+00:00,Rigzone,True,True,"Russia; Iran Sanctions Bill Clears Key Hurdle in Senate",https://www.rigzone.com/news/wire/russia_iran_sanctions_bill_clears_key_hurdle_in_senate-28-jul-2026-184234-article/?rss=true
2026-07-29T14:00:00+00:00,EIA Today in Energy,True,False,"Lower crude oil prices reduced U.S.-Canada energy trade value in 2025",https://www.eia.gov/todayinenergy/detail.php?id=67904
2026-07-29T13:01:48+00:00,Google News: Crude Oil,True,False,"Lower crude oil prices reduced U.S.-Canada energy trade value in 2025 - U.S. Energy Information Administration (EIA) (.gov)",https://news.google.com/rss/articles/CBMiY0FVX3lxTE04VjQ0RkxYSUN1cFNzcEt2WDR4MVFRdlV2eW9aWUxlUlpJMVM0bktkYjBFNFhZZEpaMHU2dEs4TWF3Tjczd0VmdF9PeERiQkpwazlLaUw1alVtbkFLR09GWk5CMA?oc=5
2026-07-29T15:28:00+00:00,Google News: Crude Oil,True,False,"U.S. Crude Oil Stockpiles Fall More Than Expected - WSJ",https://news.google.com/rss/articles/CBMingFBVV95cUxNWm1FNzBjRk5VZmFONEo2WVNvN0trQlUwajR3TEczTHlQemx5Vi1oNG5aNnB3WEdBM0dlM0pfY2lvZ2lPWFVVZWlsWmVBakxfVnFHa0NudnppZXdsdTVJY2VYYXp0dHVJSXJ1bDBOMHlhS0ZlamxUcEtQcFRiRUJwejNhUjdlbVZqMllHNnZjVEgzc3BaLThpeEZELW9DZw?oc=5
2026-07-29T14:14:50+00:00,Google News: Crude Oil,True,False,"$Crude Oil Futures (SEP6) (CLmain.US)$ - Moomoo",https://news.google.com/rss/articles/CBMijwFBVV95cUxOMV9Ya2RtUlVMVU80Z0ZjMTlGMTlDMEI3TzVrdUZFRVpGLUN5bzR3amVsN2loMTFma0pNUkx1d21hTlpOYlJRMHdudjFGdS1mVUt4VV9oWGppSmw3QlU0WFZDa2lxUE9RV21FMVFDZDFvT01CZV9vZ3E2a3UzaTIzUlZZczdDSDJUSnhVUFAwUQ?oc=5
2026-07-29T14:15:01+00:00,Google News: Crude Oil,True,False,"Crude oil prices jump again and US stocks slip ahead a decision from the Fed on interest rates - WDEF",https://news.google.com/rss/articles/CBMitwFBVV95cUxPNkEtdEJYNXRDY2Y1NDZpcFplOUFtZ2U5a3JCUVEyTUJZZ3RlLXBTbGhTbTVlbldadlYwYzFZbmNGRWJjdEdyOHl5NUNPQWNkYzI2eEt3UmF4OWxGaVlmWFJyT1hJV3JxU0lKMWtiMXpJS2lxOEdjNWdUZmZlMHA2eHNKaUxvVEdGR0U2aXl6V0o4anJEVnhyWGNUdTE0WkRxUkc1UWtwS2VWODJ4S3RSSWh4WWdZeDQ?oc=5
2026-07-29T14:48:10+00:00,Google News: Crude Oil,True,False,"Vivakor Raises Crude Oil Marketing Platform Guidance to Approximately $1.5 Billion Annually - Yahoo Finance",https://news.google.com/rss/articles/CBMilgFBVV95cUxPLVVoakdNVnNPalNMM1BuOVNXa1RUUXhpcjhFSmNjdVdwc05sVzRzSEJFOE5PQ3lLQ0pPanJudmFmZDFMdGZGcktlREFLR3oyRXNIU2szbzhXeVV4dEo0UDFfM3NZS3hqWUFOOTVoRFdKMkdBZzVTR0dsUUxLZTItOGpCaWlNSVNaSjdEWXZaZTZpQjNVU0E?oc=5
2026-07-29T10:30:00+00:00,Google News: Crude Oil,True,False,"Brent Key discusses transfer Alberto Mendoza; Georgia Tech facing Vols - Vols Wire",https://news.google.com/rss/articles/CBMihwJBVV95cUxQbUZKLVFCbGh2elA3X3lLU1loeFdUazBJVWhuS2dXdjdscGxsTy12b2JVN2dDUktPVFlEdkh4UlB1SEZVRmkzOUF1SHBvakp5a24zRDQ0dDFnNzYwek1QNkZ4OUE1aGl3ME1fUHZSV24wMkpSX0lzWFJncmtPY0hLWllXV2Zxa3pWeVRJWDA4SXI2ckdwa0tnWFNfMzhlcDZaSWRiNGlidWNXNDZiM0Z1YWpIM1AxWmhXUEo1YXpaZnlzWU42RWlvaGtpVm9mQ21iUEI3c0hsZ0JjVTlwcG0wZ3BhZU42SkM5QVRjYVdIdFNOWE5jVkJuWGxQWWhCdHJDOVJZRGN2RQ?oc=5
2026-07-29T14:43:49+00:00,Google News: Crude Oil,True,False,"Late Night with Rita Brent returns Aug. 1 - WJTV",https://news.google.com/rss/articles/CBMijgFBVV95cUxNcVhlQ3dPN1J5dWNYYnBocVg1RVg3aHdpVDVzOThOdFNYN3BhT0R5OTFBbnhYTFJFUmdpb0ZWcFE0czVreUpvTU9sSURoeWNqNElSZlZEVHdmT1otVFhTdlFEVm44bEtWNGgzLUdlRnJvQWRmXzl2c3VBdEhBaU9Udi1BUzZWbm1scndNMXlB0gGTAUFVX3lxTE13bzBhZ2R1MWg1b1RlS3RNaWEyNjd1LVV5UG0wdVVLTXhneHhvQmIyVko5SFJTZ0hlTS1ub3pxeklRcDhRY1R5T3hPTkIzSkpNQnNrSk9uNkYzaEJaSHlJMTlSdTlTV05LSjZRWVpVVjB6Sy1YQXhLRjhEYWp3VnpQR3FpQTZTUnhNSU9YUGpxa3hwTQ?oc=5
2026-07-29T14:35:47+00:00,Google News: Crude Oil,True,False,"US Crude Oil Inventories Fall More than Expected - TradingView",https://news.google.com/rss/articles/CBMioAFBVV95cUxQU2VoN0tZUm05ZTZFeEtMdm9wREtWQndXcHlDLXhqWkZfR1ljM0dlNk5DWkg5Yy1BeXlaS25Sc3dyN0xlTHdpT0d2M2s4MGhrQkF2YUhKYmtpclAwRVg2Nl9ZcnhCYWFjNlRKNlFpek9BUlUxemtmZGNqSnJDdTBRa0ZDaWdUd0xIVW5hQ0FKLUtLdE1KUEQ0V3loR1BGd0l3?oc=5
2026-07-29T15:37:00+00:00,Google News: Crude Oil,True,False,"U.S. Stocks Move Sharply Lower As Crude Oil Prices Soar - RTTNews",https://news.google.com/rss/articles/CBMilgFBVV95cUxQbm93ZEpGLWtzTEx4MjBGa1UxYVVxclZxblN2NU55TDUzeHotUmVuek1IR3VMMmVGWTAzc1BXR1ZiaFl0cC1GdElZX1h2cnkxcEtlNzV4bFJHTXhzVldkbTU0Qmp6NkRtd01rMkx5R2FnM09HZ2p1YzBwSUVfdzFhVEgxeFp3ZExFaEpTeUhKcVJrX3h0ZWc?oc=5
2026-07-29T12:59:06+00:00,Google News: Crude Oil,True,True,"$Crude Oil Futures (SEP6) (CLmain.US)$$Brent Last Day Financial Futures Current Contract (SEP6) (BZcurrent.US)$ Iran's foreign ministry on Wednesday condemned US-Saudi strikes in Iraq; saying such attacks were part of US-‘Israeli’ attempts to expand th - Moomoo",https://news.google.com/rss/articles/CBMisAFBVV95cUxPTm9tbkNOUkJseDRLTkNhM1FiR3BWdTB2Si1Hd0pXMHIwVnhQaDFiWk44ZzhiX0RUc2VOR21kdnRuM215ckZlY0hOQ2Nsc2p3SFlHTW03ZUtoVm1XSm5rQVZvYVo3UVd3Z3hlblo2dzFRZVBKMUxFR0puNDFmdkJSVHJsYm82eWxuN2gtM1pZSkFkN0JNdkJodnhyb1RSU01Yc3RYMnFpYk1DRjIxeF9KMg?oc=5
2026-07-29T12:49:23+00:00,Google News: Crude Oil,True,True,"Oil prices surge after Iran ballistic missile attack on U.S. forces - qz.com",https://news.google.com/rss/articles/CBMigwFBVV95cUxQZUNtUFBxV2NmRURKVFQ3WDMwQ29LN1ZrNTRVYVdRVnVXWmZvejlEZWVRa2xFTUNZVEdBX09VYm9ydVBNNmE5VmQxQ1FySVNnZnVpTnp2Q3pnVE5vNmdwV2RoX0tsam5fUVd6cGhyNFAyT2FFZ0hhVEZpb3FscFpvdjBYbw?oc=5
2026-07-29T00:51:00+00:00,Google News: Crude Oil,True,False,"Oil prices jump more than 6% after Trump says U.S. will hit Iran hard - CNBC",https://news.google.com/rss/articles/CBMihAFBVV95cUxOTV9aQVpTbDZTUGFvOGFVMEYzVHl2Yk5VektUYXY1b2hENDUtUlRaSHd3cml3SGtmMTlraXFsbl83bm9rZkw5UHEzMHZmZWd4Y0VmN29WX3lVSzZtQ1l4Y2NGTWpGeThMSWhJbllUUHBZZ3ZLYnNpa0hDZDJqazFiNFk3TjbSAYoBQVVfeXFMTnFVemxMRmlPcnJhM0RHaEdGb3cxMHVOeU5FYXA0bzBzZHpFUUllTmxLTE1ubThJSlZla3o3LUpOSFhLcHFKdTJFTTkwc0o2WjRETzlabW03S2VvQ25wQjRCMGwxUFBXNWR1eU5UNWptR3ZENUpTSG0yaF9FZGtfSFM3ZEtOcnppdkJR?oc=5
2026-07-29T10:30:00+00:00,Google News: Crude Oil,True,False,"Teton County Board of County Commissioners candidate: Dr. Brent Blue - JHNewsAndGuide.com",https://news.google.com/rss/articles/CBMi9gFBVV95cUxNMDJTdWtZNFdNOXdFSjVOZ2ozNkVLRjNrdURldWppSGFuRmxCU0c3ZDlOUWthVFJrM1NaaHlwUFljRks0QXhOaXhrM3RwcE5abk5VSHFjMXZ4S2Y1d2RmNGwzZkdIUlVReFJlaUo4bF82S0FQRVlFVjhhSm9uYmY4eldOWlVQUmdON2ZCNjVFSENEeVZCRUlveEppRjFsZDN4VURicUpObEl4dkU1TkQzYjQ2dGFiODBHd0xDS3ZmUUJMazM3SG9xcktfcGNvWUc1U3RVMV9wRWJLNmhKaEZpUDlzRjZjeVVUd1F3TTRsYm00cTJmVmc?oc=5
2026-07-29T15:30:00+00:00,Google News: Crude Oil,True,True,"WTI Oil surges 7% as Middle East war and supply risks fuel rally - FXStreet",https://news.google.com/rss/articles/CBMiqgFBVV95cUxQc0hFbWNBTHVXTk1qamFuVGhyR0E1N0Y3NE1HNTQyeUxKaFdCd3c5eS1GcTRudF9aZEFyM0NYU2tubEhlVG5EcWFtYllSY3YyRkZtS0RnelBsQzlfRHlwUWcyeHE5SXlseW85S0ZyVEFJUGFkdmZqMGpsM3Jka3dKSzdYeG9MNE1JZFNqNEVxS0lfNndMS3JPeWpOa1B5a2x3MWxvWXh1UF96Zw?oc=5
2026-07-29T13:15:00+00:00,Google News: Crude Oil,True,False,"Two new crude oil programs lift Vivakor’s platform to 18.4M barrels a year - Stock Titan",https://news.google.com/rss/articles/CBMitAFBVV95cUxOU3ZIcVgxVlhic3VzMERzTmJoUzdvaDJiN1A4TGE4TkRvTWRJUVluTU03b0xmVHdsRUJqM1Bub2RiQkFISzdTYy1HRnZrck1uTEMtOWphRUYxaW5ySGNyd3dJU0ZqU042UzZabUJsNXAwQm5pVjFzSkQyMDYtTXVlU244Tk5LWW9yVFN1TzQzSnloV2Z3RGYta3lqWDBfY25XRHJLc0RlbVhSQ1M1aDJGQU5pZkU?oc=5
2026-07-29T11:59:58+00:00,Google News: Crude Oil,True,False,"Vivakor Expands Crude Oil Business Again; Targets $1.5 Billion Annual Platform - Benzinga",https://news.google.com/rss/articles/CBMi3AFBVV95cUxNaWlDbzRfOVZnUjdTbWlZOWxOOVBYSUk1Y3dQYVE2dnI3Nl9Fd1FHU3dtQ1EtTld3Q0plRXFFRVNpektwdWhaRVIzd0RYT0ZYSHlKMGl6UVo0a2VBNnUwZmlvc2ltWVBqTndNMkx6RnZuczlUVG5oUXpqVWtlclFYazdkZWY2aUpiZzBEWUFXWExmRE5ZTUtIN0JvcDBPUzdGZ01EVUFuNEUwWV93cmtDVjNUbnhxbVdXZGRXekJKbWVYUVBrZ2NXY3JSX25OVlJlUmVIWVE2Uzl6bGVt?oc=5
2026-07-29T14:52:58+00:00,Google News: Crude Oil,True,False,"Crude oil inventories fall -7.167M versus -1.272M estimate. Crude oil futures move to new highs - investingLive",https://news.google.com/rss/articles/CBMiywFBVV95cUxNZEMyY0gxNU9tcGZkQmFfRHprdFZNbllmbnk5a3VxYjVqeEx3RnNWRFJEZWFTQ3phSWtqX2RRR0JlNS0tX0hOckVDbFdKZU5ydEgyc3VKMkFqdXZTODJWVjdSbklvTTRneU1ib0gwMnpKS1FQeU1aS2pQOWRDd0NjRFE4V29fSlZyb3JIeC1Lc2dFM0NLLU1TUm05bkNEaVM1VmstclZ2UXpZLVBfWWdiWFBzV3B1Tm5VVTJlQ2tXbklHTEdUOHlYU21rMA?oc=5
2026-07-29T15:19:00+00:00,Google News: Crude Oil,True,False,"Markets Hold Back As Crude Oil Prices Climb - Seeking Alpha",https://news.google.com/rss/articles/CBMiiAFBVV95cUxPNlBiVjNBbkNtTjFkQ2JaVEVCU0RISXcxcHhwYzNVci1ZTGZlQlJ1NEx1dU1XTktRcS1jcjFUYTZPSGNRWGoyNkQ2X1VMT1E5Qi0zYi15SEVqYVdCM19JU0dFcW9uMHoxa1h4cDFjM2N0SC1jTi1DYTFXT0ozUDFIUllnV3pvMEVD?oc=5
2026-07-29T15:45:12+00:00,Google News: Crude Oil,True,False,"Crude Oil Prices Soar as US-Iran Tensions Escalate - Barchart.com",https://news.google.com/rss/articles/CBMimgFBVV95cUxNb3d0amJyc3FvVzI1MW9IZkNxYTVUVnVTY084b2ZEQmhuRS1WNGs1YnNQOVJoMk1maF81M3pFVlVlcEtud3NpSEV3QndYcXdncjduR1FoaEJxOUhudk54aFVZWnZyM3pNVk1tU1ktVW92cmVEenR6Ry1STmU4dTlsOVlsengtVTFuVmtST2xCM1lORUZtSHhTaGxB?oc=5
2026-07-29T14:15:55+00:00,Google News: Crude Oil,True,False,"Sources say that the discount on Russian Urals crude oil in India is decreasing - Marine News Magazine",https://news.google.com/rss/articles/CBMirwFBVV95cUxPOEk2RDNhSVVCNF9QbXlhVmY2b0JualNnck5ZY2RvSll6OF81SEVERkZYUVc5SmxPMjlvMnJJaUE4VHBZdHNIUVRYWllWQ2VGaTdDUFEyZXVlaHdBcGV3ZWNGbVlvR2hIQ2o5dGxCcDhvRDdRcGlHUGd1Sm96M01EcGdWUjJtUlE4UnBJZWplT0tjTXdWb3lZTW8zdUtVVTZrT0NQdlQ1WS1FYU5RODZV?oc=5
2026-07-29T13:34:32+00:00,Google News: Crude Oil,True,False,"Vivakor adds $400M in crude oil marketing contracts - Investing.com",https://news.google.com/rss/articles/CBMiqwFBVV95cUxOZ1kxYVcyeHNkdmxDSENucWhzU2w5aFRueE5OUTFFM2dDZWI5Rl9OSFA0OVlpSlRBeW8yTTBISVNQdjN3ekxOVHVSaXpYbDh3OC1lVXZyeDJYcUZzWnRuR045OEhPekFVZTF5QjJEV1ZXNjhMb0R0NGdVRFdiLWNrRjRZaXJ6dzBFNkI1a0tfaFkwVlpVNE9HcjNFa1Y2TlVFV2JvMUpDVURVQWM?oc=5
2026-07-29T14:49:00+00:00,Google News: Crude Oil,True,False,"Oil futures: Brent rebounds above $90/b as Mideast tensions reignite - Quantum Commodity Intelligence",https://news.google.com/rss/articles/CBMirgFBVV95cUxNbFpwNUFPMUFSaUFHT2RBREVmelVpQTM1TlduajFSQzhQU0xKeTNVdlBjY3VwcmctN1hBTUowcWxCUkNudEJvQ3BZSDE1WEhrZmFlaEtsZ2hpTi1JY3RFSWRNa0xTSVRVU3ZWX1psRC1HN0htckpaX2kyUVRXWUNCREF1bzJiM2VjRThBQ1JGTnVMejUtTTItSWM2VXdRVkRuNEw3ekR4bmdRek9BV1E?oc=5
2026-07-29T12:43:00+00:00,Google News: Crude Oil,True,False,"United States Brent Oil Fund posts $162.4M net loss; NAV falls to $543.6M; June NAV per share $40.41 - TradingView",https://news.google.com/rss/articles/CBMi7gFBVV95cUxOUVVNSkF0NnozYXJjVFVFMTNnNW9VNFJhblR1WFpENXU3SktBOVJtUmpjb1NsN0hMNmo1TnpkNDRBY2RraFd1eVYxLVVfeXFSQ3ZFOS1YNUQtekVKZFV6aFhqUndzdV92RGktU05nQnhsTlV6ZGZ6RFlxOGtHdUpwa084YXhLODJfWTFobFlvUkZzYUU1Yl9mV2sweVZlNjFEYnhKY00zZHhhV2t1T1g3VF9weE1TT19YUlIyWDlxcUF3OWREcWhhVl8xQ0l1M0NPSUNlNlpJUVM2VmlzakF4LUVkd295RXRHYkw0bWZn?oc=5
2026-07-29T12:17:09+00:00,Google News: Crude Oil,True,False,"Brent May Not Return to Pre-Conflict Levels Anytime Soon. Forecast as of 29.07.2026 - LiteFinance",https://news.google.com/rss/articles/CBMi9AFBVV95cUxNMHQ5d0hMdWRVMXg4QnVjaFBhNk1FZ3hhaFhkb3kyZndNQ2ZkWEh4LXlPWVZramktVFJKeEZvNWRkSl9xdmltUXR3eGp0R0l3cFF6d0x6aDJPT2o3U0k3ZkV4THhrSzBWLVRuVndlSkt4enhFVmJuRS0xZWtDWEt6UTJFTWw3RXRHYzVZSHNmTVBWUDBfUi1kMlhNV0FITXFHUlVtaGsxcEtlcWdoQzIycm9UUnFTaFlsREs4NDQzWVhBYmVSdmtNcGw0Q0lrbVFUZmtuMVY5LUx5blhOeGN6QmVCTGhfeFFnRVdDWk9QeHZDTlJt?oc=5
2026-07-29T11:15:33+00:00,Google News: Crude Oil,True,False,"WTI Crude Oil: Why Price Gaps Keep Appearing - DailyForex",https://news.google.com/rss/articles/CBMipAFBVV95cUxQczJlT3RneGtqM3ZONWhCTnVZTWgzR2JpS2lfM29zX1hmc2p2MnNGRk1lYW56djVZWDg4Wk5ta3pzbUxDYU9IdXRHbnpxeEFsMDVnU3Zhd2EwYkNPTWF5clVaQkY1ZEV5RFpxNkR1M213NFVhR2VIQ3BqaVFpTXlkanhOM2huc00yY2NXSU5fVlJXYWltYW1oeGdsOE9qN3ZtX05vaw?oc=5
2026-07-29T13:38:49+00:00,Google News: Crude Oil,True,False,"Crude oil prices jump again and U.S. stocks slip ahead a decision from the Fed on interest rates - BNN Bloomberg",https://news.google.com/rss/articles/CBMi6AFBVV95cUxOdUpfZW1rVXc0bXlYbndDR3RpREJuWVV4aHd4Rl9Pc0xudUE0blZFUUFmYUhzUzlva1BDbHdTbjlYc3RxRmItQzliaU5jNzlEby1MNGZLOFR0YkdrMEo0Ymg1THU1ZmczNkhJUmljNk5MQXprLXItNTdIWkFGNnBYeEhNM2lJbEczbUdUaXpmSDZ1dGdoX1h2dlRNQ3BQOWU2X1RWcG01dDU3R05mMExPTllBQzVva1J3VENwWG1KejNpc2ZmQVFON0VmekpzODVsVm84cC1UYWRzalBKNVhsM2FCSkh6WUp1?oc=5
2026-07-29T12:35:57+00:00,Google News: Crude Oil,True,False,"Brent Rebounds as Middle East Tensions Flare - TradingView",https://news.google.com/rss/articles/CBMimwFBVV95cUxPWFIyVWFZcXd0T2phX290NnFuaHBGVEpCSGMxUTZLZ0JNaFA3NEtaZ2QwblBMMFdDSWludGVRRThadVBwVHVyMG5xQXhZbXBtZ1lIaUdtbHcyQnNwNDFsZDBGa2ZCNF9CWENsOV8tLURkSHhoSXA2dmRva3gyaUc3cG1sdlBaNXZNRXlmNGg1aURHMFA1ZzZTXzI4VQ?oc=5
2026-07-29T12:46:46+00:00,Google News: Crude Oil,True,False,"Brent tops $90 as Trump threatens to hit Iran 'hard' amid Bab el-Mandeb fears - Türkiye Today",https://news.google.com/rss/articles/CBMivAFBVV95cUxNTVowV3JGdVdVdFp6R2t5ZjlLZlUxcld5d2lTRmdqQ3VTU25CNTJDLU9KOUg0V2FycmZnZjl6WTN2Ymt4OFkzM2Juc3VKM1pEMzNfMTBRR0lkbm9BcFcwV0pjbnVtbFBHa3dnZTdTeGxJVk1FVF83YnkzbjBaVU9sNlFjWFRFRzZ3eXdSdFBRUWMxZngxaDJyMkhGNThUMUdZMWVIZWx6ZUpoQXZNWG1pZjl0RWxaMGQ2V2c0RQ?oc=5
2026-07-29T15:11:30+00:00,Google News: Crude Oil,True,True,"Dow Tumbles Over 850 Points – Trump's Latest Iran Warning Sends Crude Oil Prices Soaring Ahead Of Fed Decision - TradingView",https://news.google.com/rss/articles/CBMi_gFBVV95cUxNREpEQmFQRVZnRTFCdWprVnpIVXp6ODZaSE5CVEgtVFlzcW5XYnlHY0Y5LXJhdm9nQldocFh6WUdUMEZXVk5SemxZX21KRWJUZHJzNVY2VlNBcE5GaFFDMG9uaEpPNTJ3eDRmWnQ1c09PcEgwNENTUFVlUUNfUXg2Q0dWZUpvaGh6NkVUcG9yLXUtb3RDMHBlT3ZKOGNaU2dvN20tWXdTQUpDRUp6TXI5LXFQQzFyMjBPZHNZMWo0bnVCeUp3bU0tZkdyaDlVanh2Z2NVTVZCNFBMMWR2OGJBckU1OVpncG5ieHR3Z1VRWkFSaHY4dlFQUHQxaGViQQ?oc=5
2026-07-29T14:22:29+00:00,Google News: Crude Oil,True,True,"Oil Prices Surge as Brent Jumps Over 6% Following Houthi Tanker Attack and US-Saudi Strikes in Iraq - TradingKey",https://news.google.com/rss/articles/CBMi4AFBVV95cUxQbG1BOEQwY2pBM0ZBcnBQOGtPSFUyOW81SVAyTWdHMFVCSl9SOWpBRElSTjVGcW5IdzUxZTF5MUtQYlhuSjhqVkwyUXNFWUVLMF9VTVdhMlJnNktWOTQ4LWYtZ1BtTmVMb28zNENQZlFDQnZ3OE5IeXBDNV9YOHRmRmItTGhtenhtaEl3cTJ2VjVuVnBObHdOVEVEQTBYbVdGM25uQktIamE3cWpGYnFvWEM0a0V5N2NUNExUY2xtX2l6MFJBeDI0MFI3c1cxOVdFaDBLTDRCbHY5RG8ycmU0cQ?oc=5
2026-07-29T12:06:00+00:00,Google News: Crude Oil,True,False,"Oil News: WTI and Brent Reclaim 50-Day Moving Averages as Iran Fighting Resumes - FXEmpire",https://news.google.com/rss/articles/CBMi0wFBVV95cUxOa0hHX29icVZWUC1Ma2thTC1UU2FmRUpTX0JhVFJrSnI0Y1czNTFvSmtkU2lwQXo1NjBiYzJsZHZTYTB2Nk5LNzA5WVNaTHMtUGJkRWlJcG9ndzVnV3ZnNHpyT1lnSDlDNVVteGVQZ2xUZUVYcURtRDRaTmhaM3ZmQ2ZDMkJ0SUYtVzhVdm5qSlMybTJMTDZjcmx4Qm8yLVh0UHpRdF9GWWhCcHhDUFdXN3d2TlV1SnVBbE9qVC1ZVjlwQzdVckFYVXBuaFAtY01tVmE0?oc=5
2026-07-29T14:30:00+00:00,Google News: Crude Oil,True,False,"US EIA CRUDE OIL INVENTORIES -7.2 MLN BARRELS IN LATEST WEEK FROM PREVIOUS WEEK (VS. +0.7 MLN BARRELS MARKET EXPECTED) - TradingView",https://news.google.com/rss/articles/CBMiggJBVV95cUxOa1lqSnk2S2xRZ3l0Ylhia3A0VVBXNDBwVkwzWkFlb1ZPdldOUEVSalktWEY1Y1o0blZfeV9nN1gxcDlPVGhhVGdYVmxnU1NQSmNvTndrbHMtampxcTRMLUwtS09KNlNnOE90czhPRmVGV3pldk5nemNYN2hjUXo1OHJUZ0lkd0c5X0liMmZZZzBIZGpHSmxNS3JFT3Q2c1JzUFpsYmZsdmt3ZU1fVjJ3UHVGLW9ZQ0NURzg3WGZ1VWRZUHZTWnRuWG4zTVRQRGZvaWRUbTFWdDRKYmZZcnAtZlRXeFFZUGdfMEhMNnREaGFKMXc4cUZYcWRrSHVNakJvX0E?oc=5
2026-07-29T15:14:00+00:00,Google News: Crude Oil,True,False,"Crude oil prices jump again and US stocks slip ahead a decision from the Fed on interest rates - Castanet",https://news.google.com/rss/articles/CBMi1wFBVV95cUxPa01aUE90MGpZMjYtOW5RX19NNG5DU190Q2QtcWdhbWJsUHZ0Rjg2TkZJWWJrdERucTU3Z1ZhajBtOUJqYWVkc0hkcUVuVkx0S3lOLUZUb3k3aEY3VzdNTVlUNXRYQS1FenFNV2NnRTBVQk1HUFVSX2dtU0VuYUd1M0hCMkNuRjBhOTNyclFrdDZPNUZBZjhZeldKMTh5VW9zTmZEdGZnalRrVmd2cFpRbHZGWnVaVG5obUtpUUluOG1ZanpLU051cFpqR2FIc1B6LVRCSExrSQ?oc=5
2026-07-29T13:01:39+00:00,Google News: Crude Oil,True,False,"WTI Surges as Red Sea Risks Stoke Supply Fears - TradingPedia",https://news.google.com/rss/articles/CBMikAFBVV95cUxPcUd2c1oyZTJKN3lyUjFKYklfbUQwZl9CUVc3dU0yZlVZa3FnM2w4TWlwdFY3aTZLU1JwZGJIaEJIcDk0Y1Q1ekJZOV9xMVVhMk83TXk2eURxdmIwb0tScnplSHBKQjF3VXg3WWxRcWx4SXl6ekFmanVmV0gyRFFKNk5kUDhGeXBHb1VMLTV5a04?oc=5
2026-07-28T19:34:56+00:00,Google News: Crude Oil,True,False,"Dollar Slips as Crude Oil Prices and T-Note Yields Fall - Barchart.com",https://news.google.com/rss/articles/CBMioAFBVV95cUxQNTJEeFpVcHAzcTVjcm1Cc3pKYXY1NmFjSUNMbzBxM0l4TXY2bmJsZDBXUTFhVDc0Wlhaa2hDN25DYnBZNFNTcWZralplMTlJMzI0X0ZETkd6SjREb3VrSGQ1eTM3R01PbFVacmh5dVZzREpnTnFKR053MUVxbWNEbFdNV3pfME4yTV9zR0dZQXVqNFRVeENUbGRyQkdwVENf?oc=5
2026-07-29T09:47:33+00:00,Google News: Crude Oil,True,False,"BRENT KIVI Obituary (2026) - The Thunder Bay Chronicle Journal - legacy.com",https://news.google.com/rss/articles/CBMilAFBVV95cUxNN3RZRVM2MjZNaVNVTm91MG5ZZlFHckdlY3AtREFtZ0JIazgwYnp4b1UtRE1xSmM4THhuUUhrWms2SVVGUm9NeXlsZnB3R2Zpb3oyX2VfQ2phWU9NQUplRVdOY2ZUOWZYN0lweWpMQ0ljNWFxMDVEc1o1OGRSdGU5YXJOYVdVVExFZTdFY0g4ai1WUnF2?oc=5
2026-07-29T15:33:00+00:00,Google News: Crude Oil,True,False,"Oil prices jump over 7% as Middle East chaos flares up; brent crude back at $90 per barrel - The Times of India",https://news.google.com/rss/articles/CBMijgJBVV95cUxNZ3VFQzdaODlKT2RHa1RfczJia1Z0VjZISzQ4ZlRNTEkyWjNwaERqM3VqOW8ydXZGbDZUc29ITVdsTkdYbXNPV3FUVnlxaEZ1R3ZvWXlHWHpwR1hpWGhQcDdSUWhQZUlvRTNLNVZyUWJsWEFQczVzS0hLSGZlc1dYMnQtNEF1RnF1X2NBUGVSYkJxX1RrRnJneTk2dHFMeVJocXZ4RzdrNl9pT2RQUWREUnhzVDhNN25BZ0F4WHZ5OWY4b0VfR1F4a2QzMTFNcTNqWkNlUVJnZS1vMGsxSFJfc1N2TzFTZWZPMnBCZ0g1YUFBa3hxTVJjUVlZZGxwUDJaeDYzQUZ1NXRUTE9HV2fSAZMCQVVfeXFMTnFtZ2dQclBaVkEzdGJnMUk4cFN5TU1vUUhJSkJsdlVoM1AxSUFScDdKWlNzZEJCYUVOZXBTRlc5RjY1SWJUQVIwMEs0VTJicXZIS0c1dWFINlpEZUthSXpKcTJlb2Z3REtTSm5fV2dvNEhoU3hKdHViaDMxbW9lRmlMOXNnaElRNk9YZWEwN3Y3QzY3NFF5QTJLWjdXb1pvcjRhZGU4NDdHZ0RlaWZPdHRoTXl1TnFrSjdoYmJmWVZ6VFRVMzFHZHNOWjh0SWdxN2pXQUVVRVA3T0lPdHozRnV2V2NidTZCbWgxdnR3ZXJLZjlyT1NXYVF4Z01ZclNxQU9OUnJyc0FXZTZyQ24tU3BnRkE?oc=5
2026-07-28T22:22:00+00:00,Google News: Crude Oil,True,False,"Crude oil prices fall again amid frameworks of Iran; U.S. deal - 5newsonline.com",https://news.google.com/rss/articles/CBMi5wFBVV95cUxQZkVSX0plckxTSnk0Z3pqci1pZW5id29wQ2pyRWhqLXV4LVZLdFA0bjhjSmd0cTVfcHlxbFQ1Y3NyX2xSeXNRbUVUUmU2V0NTZzhMX1BkN05KcmdXMG1wQ1ZPcGhwU0VTaWlXaVVXTkJ5bFJkRFVTUTFjV2xYV25zck5WUV91V2lDd3BINFdlODZrci1pMFZUSGJaSjV5UFVYTnE3YlNhbXlHTnZobEZyN0o2U3E3MktUa3FmRG03MWxxYnc3d0dBbEVoN3RzcDZsb3lQZXloRE43d3FWWE8yVUpJSHlSNGM?oc=5
2026-07-29T12:19:00+00:00,Google News: Crude Oil,True,False,"OH WOW: THIS Experts Oklahoma Prediction Has Sooners Fans Talking | Brent Venables - 12News",https://news.google.com/rss/articles/CBMipwJBVV95cUxNZU94RGgxdXpKeDB3SmhKM2NoSGt3ZDJKdTJ2QXVsczhXdmgxWmVOcjR5R3VuTERhNlpiQXU5MTFWY0JaVkh1QmNRRjFkdjhsUmZHbzF5WVhjTE9hcUl4UUtnbDVOTVl0bDNQajJ6UURTSFB5OHVXVjdWMGVFSnZaS19BMVN2dXppSm5ZQ3EydXFPaDAtTm9aSk9pM1NQRkc2VjlSc3d6NnFoWklab3JhMExMTUUtcFlPcXY3aGhWTmNWS001VWNrdUFwb0lPU1k3SFUyaHpsVXV3NXVSeU1JTzFnYXpXOXV0VUdJNEJTZ3pMdUoybHVYdjNVbVhialZUdWF6TFpLMUpKWVAwY1FOZHVLSC1jbDNCMkJ1eENPT3B5QWV2WHdR?oc=5
2026-07-29T13:34:00+00:00,Google News: Crude Oil,True,False,"Crude oil prices jump again; U.S. stocks slip ahead a decision from Fed on interest rates - The Tribune-Democrat",https://news.google.com/rss/articles/CBMi9gFBVV95cUxNWlBBOU9jWkN4ZG11RjF6bkxoaVNlcFV3ZTlSLXhDV0k2QzhVb1RMNWtHdmZKNl95RHhTaS11WFZFSFpockxyczBvSzFRVEVxbW9tbkY2ZmlPMlhDdFdUZVR3cjZIOUYxQmNNdmNmUVpfeHVPWTdhSXRlYlFobkg5SG1NNXBXYlpfdkZjMnMzNkdsNmtiOHRLTV9wdTlKVzhwQWFjVUk3WEVNcnFRcTllTlJkSEFMbmNXMmMzTlU2akRaX2M2RnBkSkZYNzI5N0NtQi10WDFqYkN0NTJNVEE0cV9DSUdFck5zdFczZXZTbS10a1k4a1E?oc=5
2026-07-29T12:25:29+00:00,Google News: Crude Oil,True,False,"What stages a strong comeback for oil prices on Wednesday? - FXStreet",https://news.google.com/rss/articles/CBMirgFBVV95cUxNZmU4dk5ydGlGcE1KX09HMW9LM2x2NXMwUlROZWVTLVE5MTJkRG5mQnU3ejdqV2g3RS1hcFhMVUtNWEh5cUNNV2wwRVc4UjNrOTFHbmJnYXF3cEc0N1ZGNGMwS1ZucG9uUnlFVUpaTWFBVjBmc25LMDcwX0F6QXRDazJwSDlHMG8xMXBiY1pndUN5RHhIaWFrczJPdGh4d09xWEZEMWZ3MHB2a2JjZmc?oc=5
2026-07-29T13:46:00+00:00,Google News: Crude Oil,True,False,"Crude Oil Price Analysis – Crude Oil Rallies as Middle East Risk Escalates - FXEmpire",https://news.google.com/rss/articles/CBMiwAFBVV95cUxQbXE2SmFSMm9NN2E3clJ6YkpyamcySXlIMUFxQlBmUE9NbExRT2ZkUm9VdjJ1MHpHcVhYSmtRN2VhdldtbHhjbC1uRUVubmlIR0VvOW84Q3BqczBsZ25sSzgwVmpYOEJSZ0pza1NaVFpJM2JmZU5hRHQtUERQSW9zVlVxdmpTRzZWQ2V2eWRfd01Lb3FvQ3ZTSVZ5Y0pDNDg0MFMtQkpUZGFEN2JzTzIxSU5LLWFSSUlLaWd5ckJTTXk?oc=5
2026-07-29T13:34:13+00:00,Google News: Crude Oil,True,False,"Crude oil prices jump again and US stocks slip ahead a decision from the Fed on interest rates - Bluefield Daily Telegraph",https://news.google.com/rss/articles/CBMi_wFBVV95cUxQdDRMSXVJTzlTbzRORVJCWU41b1lDaHdvc1hVdW5wM2lIb2tyRUJDLThTOFdEMVoxaHJQa0x0NFZuTV9iVVFoV2lfOUk0c24xbHYxelV5blpzTWVYaUQweHRHX0tDYlRnM0YzdjBWZjJqYVpQOFBqb1J5TUk1Y0lVSEhHdlBLS3RaYnRRSmVmMmNRSlBKMV9Za0VLekE5clFUVFFJZndJQWwtUl82SWtPQ1FlZXo5Z1FkQ1ozTUU1Qk43Y01ITG5pM3pXUHVOS3ZXOWo5ckU0QXFXX2xlTVlBcWp6OVgxY29rcHhhc244TmVJbUVkM2UydlRCQ3ozWGc?oc=5
2026-07-29T09:52:32+00:00,Google News: Crude Oil,True,True,"Crude Oil Futures Surge Over 3% as West Asia Tensions Revive Supply Disruption Fears - Rediff",https://news.google.com/rss/articles/CBMi1AFBVV95cUxQQkZxdTFSbUNXd2ttSm1iQ0FET0RQU3Z6eEZsNHlQMzl0bTExaVhJQmdodE5tTkxXdkZYNWNuenRjaUJwOUE0S1J3TU5ta3lKQ3gwM09kQVNTejN2YVVXRzZGaVJ2M0F2UzEwRkZuQUc3Z2pmZVRJWmVXQnhORENYTHFjbnlBVEFRSVh5SGM4NS1pdFBDOGtWMkVzV2dEM0NZcmtfcTFndG00SVZWMWsyalRwRi1SOXk5RzhYNnJTRV9JTndsNWFnN1lfdGNsTXVvLUYtaA?oc=5
2026-07-29T12:12:04+00:00,Google News: Crude Oil,True,True,"It’s not just crude oil! Iran’s surprise attack has triggered联动 across four markets; and your positions are being repriced. - Moomoo",https://news.google.com/rss/articles/CBMikgFBVV95cUxPR0I4eElXb21qSTVUekRPNGgwRHlZWmVkQzcyX3VJWkpua0JtaFRudzVYSWNsRkNQdVp4cUtIc21id3o3WTNZWEhlVU1sNTNqblZjMzZ6TlpVZkRoQXM4YjM2ZW95MlZYX3RkcE4xR3BKMDMyc2NRNXcxZTBhSFAzeXF5WEVFTFpJVURfQkYyZGZvdw?oc=5
2026-07-29T13:57:00+00:00,Google News: Crude Oil,True,False,"Elite 2028 DL Kellan Hall participates in Brent Venables Camp in Norman - 247Sports",https://news.google.com/rss/articles/CBMizAFBVV95cUxQcWFWSEI3TTJqeVhiZmdDZmtCWllHYzRVMXh2amZyZ1pEcDdNV2l5VWhCd2ZUR1ZadHdudHhIQ2RYcXRRNG5LWVhjN3RWVzl6Zy05NUk1QjZaZlVzblpXdF9tMzZtdVRxaUpUSG84eEdiQ2ZTcnNrbE9idXhZdm55VEdzUml0N3ZhQlJka3diSFYxRnNaajZGSV96dGdTbHJmUXYwSkdJZXJucDBWa21FaTZwSlBfNlYyVTZUdUhtcWFlVTlIS0RCc0ZBeFU?oc=5
2026-07-29T11:00:00+00:00,Google News: Crude Oil,True,False,"Bien campaign: No truth to ‘inappropriate’ social media use claims - WyomingNews.com",https://news.google.com/rss/articles/CBMi9gFBVV95cUxQc2taOUNLbkRIQ2FzTHNzWHk3TXVHZTBvbGRrU3E0U0JaTnItcjB0Yl9aY0V0dk5ielF3QUoyMWplTjBkRm5KLXRjdnczRzhCM0JuUTM4bk5XQlhjOVpiVGpZazFUeTNMclV2ZXE4VTZ3MVFPSi1FRTVhZVRhdEcydkpwRUUzN1NMaVR2ZlBGcFQwelBOWGE3aWVHS2s5cFM0eG9QYjJEaWZCQnQwTlNuRTBUUDhKaFFyN0VERFktWWVETS1oRE5PeW9Vc28yLVR4bXpaVUxLc1o4ZXl4UnNONG9IZXNLX3c3ZFlWdUlVa2UxSDUwRlE?oc=5
2026-07-29T14:22:50+00:00,Google News: Crude Oil,True,False,"Oil nears $90 a barrel as Middle East conflict escalates; Brent could swing up to $100 - India Today",https://news.google.com/rss/articles/CBMiyAFBVV95cUxOZ01lSkM0dzJvSVd0R3FubXBSNU5sLU9JYjhHVThiTjk1NklZTGxxSVJZVlMtaTA3RkpMV2p4M2ItVUhzNmRBLTE1QlZFMF9Cc1V3OFItU0l3ckh0MDRhSzJwM09sUThpVlp5eUZNaDlrQXZBdTVfdlJlWGc2aEF3Yy1DNURlTkU1c2JyM1pwalRmSFRMdWQzRXVhaklUQnk1dXFNRUNTMVhiamVUcmJfNVdtRHdHYXFzaklFMkxTZ0FzNlNvck5rLQ?oc=5
2026-07-29T15:08:06+00:00,Google News: Crude Oil,True,False,"W&T Offshore (NYSE:WTI) Shares Gap Up - Should You Buy? - MarketBeat",https://news.google.com/rss/articles/CBMipAFBVV95cUxQMEUwbkFMV2oyN1NDeVZONEUyVzRBdFJNVkt4SDhieFZObzRrX2JVQVhyanE2eUw4UnJfaEZMV1FmdVY0c29XWmJlblA4aFRzY2U5UG9YVXBqMk1DN0dOQ2NYa0N1YnYwdzdBRzNiR1VZRzVpX2pza0hTbHpoNnlqYlppcVhoa2JwLUFRSFJ4ZDZvLW5yajh0a21pQXdpQzVMOWhfSQ?oc=5
2026-07-29T02:12:09+00:00,Google News: Crude Oil,True,True,"Oil Price Today (July 29): Crude oil jumps 5% as US intercepts Iranian 'surprise attack’. Big rally ahead? - The Economic Times",https://news.google.com/rss/articles/CBMiiAJBVV95cUxPWlBpcWY3NXkyUzFnYlJ6OEFKc1J5NzFCMmVnY0t2Y3dDc2V0QTVza2lJY1VaUWsxSjFhdENIVHpXdFEwaXhFQ2FLLTNEX1lMbTFoUkRzdEszQS1FelBBTXNEUWI2emNvNWNUYm53SUR1Y01OcnltMVBObUxtODA5SWhQWlZNbE5KVHlQUVlEMlhWYW5pLU8xYTFUaVgxc0RjOHF3dGZ6NXR2eldiTTNJYUlCaS1XUkNoZFZlSDQ4Vm1RbHBfNm9lTTJJYlZqMEtERmpMMG1iMy0ya1NYbXRMWW9oYWtjcGtMcTAxaExBVy1nQ2s3MXRjX1R2dkpWMldDdHFGQW1RYXU?oc=5
2026-07-29T11:43:58+00:00,Google News: Crude Oil,True,False,"WTI – Gap fill buy trade idea [Video] - FXStreet",https://news.google.com/rss/articles/CBMihwFBVV95cUxQSTdSMGNmaGFDai1uV1hHMmcwQ1RRTnRjcURmVzVHd2ZGdHFoTFNoUVBYV3RGNzBkWkpwWXVQQjlmdnpTdGJ3UVpYNWxlbUU5Yk43aFUwOWw3WFFrbHljQW5Gazg5bjNjcVNzZTMydXNub2wtWF9PSzJSQ0RxT21TVmVtWm4zb2s?oc=5
2026-07-29T15:42:00+00:00,Google News: Crude Oil,True,False,"U.S.-Iran clashes spike oil prices as Brent tops $90 - CHOSUNBIZ - Chosunbiz",https://news.google.com/rss/articles/CBMiiAFBVV95cUxQSW9JVDYyM2hPSU8wbGxsT2Vkb1o1cWlSNTN1NDllWk1DUFE4dndrRjdiQ3dGc1BMYl9nYWRWSWNrbkJoWkZHNVNyNTJlTHotb2RURnQ3bWF6dzZtNUM3SUhQaGlWNjRVM052bE5WYUFWQVJ3VlZtdTM0cHlwd25QRnRiX0FxbHdm0gGcAUFVX3lxTE95RkVIRHVHd01qUjNLSHBCRGtFclI5bV9SemZSNTF1TGhsRHI3QWt5anBjZ0NjcDQ3Z3VxRTU1eDQ2V1AxOWdTQ3NVWF9MaWRsc2tOTkxhNDk5SlRYbHhYOGdad3oxT2FFSnIxXzl4bC00V3JMdlJrQXVtMkFkcVVCTHhfSVRlZDhNRi1jcXZ6T1pBLWR6YU9wOUpGZA?oc=5
2026-07-15T08:17:00+00:00,Google News: OPEC,True,False,"Iraq in talks with Opec to increase oil output quota - agbi.com",https://news.google.com/rss/articles/CBMimgFBVV95cUxQbUJoZmExd1pKQm9oaklsV2JKWVh0YXg5dFZzUlpzXzZheE12RFhzQkpTSXBGVzQyY2gwUWhqYmFnM2tXcWIyYnMwQ3ViZUZhMHhSOHJneC12d3QzdlRvbEd5cGstaEd4WVNtdEpsWTBvSC1jc0VDTllYZnZOMkZtcF9id01ScWFlanBSMmd4aHJ2R3oyOTFicXlB?oc=5
2026-05-06T07:00:00+00:00,Google News: OPEC,True,True,"OPEC Output Falls to New 36-Year Low on Iran War; Survey Shows - Bloomberg.com",https://news.google.com/rss/articles/CBMisgFBVV95cUxNZVdFdDJPQ3VCV3lNVDNDWHE2cmE4aEpxQjdZcXFsd3d5N1dUT0xFTE02Njh5Y0R6R1dEZ3JZc1JMYlZxYlZfTVNDbGZ0RnZHUmx6WG5ya3hHR3Bia19PMFBSbDh6V0dnampjR3k0LUdjaXBjYzAzMmp1UUNBeU5zMHlpd0xiWm5MT1JsOHBGUjJKNHpCXzlpV3lBUm1faFB5WGg1YzlmeXhIMURlNTFUOENB?oc=5
2026-07-29T11:47:05+00:00,BBC World,False,False,"More than 100 aftershocks hit Japan after powerful quake that killed 13",https://www.bbc.co.uk/news/articles/cgk43y21j0do?at_medium=RSS&at_campaign=rss
2026-07-29T14:27:13+00:00,BBC World,False,False,"Thousands in Spain return home but new heatwave raises wildfire fears",https://www.bbc.co.uk/news/articles/cwyjgwg8jddo?at_medium=RSS&at_campaign=rss
2026-07-29T15:40:24+00:00,BBC World,False,False,"Anthony Fauci refuses to answer questions during US Senate hearing about Covid origins",https://www.bbc.co.uk/news/articles/cdx85vkk0gko?at_medium=RSS&at_campaign=rss
2026-07-29T15:33:14+00:00,BBC World,False,False,"Oscar-winning songwriter Glen Hansard killed in crash",https://www.bbc.co.uk/news/articles/c3ekn9d37qvo?at_medium=RSS&at_campaign=rss
2026-07-29T10:35:13+00:00,BBC World,False,False,"Tributes paid to DJ ​and electronic ‌musician Kavinsky who has died",https://www.bbc.co.uk/news/articles/c204n74xyv3o?at_medium=RSS&at_campaign=rss
2026-07-29T12:10:40+00:00,BBC World,False,True,"Ghana hit by nationwide blackout as power plants fail",https://www.bbc.co.uk/news/articles/crmrkgr4z0jo?at_medium=RSS&at_campaign=rss
2026-07-28T22:05:26+00:00,BBC World,False,False,"Why Wimbledon is serving Indian ice cream and Bollywood beats",https://www.bbc.co.uk/news/articles/ckgdz0420xzo?at_medium=RSS&at_campaign=rss
2026-07-29T14:25:33+00:00,BBC World,False,False,"Planes dump water on French wildfires as temperatures rise",https://www.bbc.co.uk/news/videos/cly8xvvj8yro?at_medium=RSS&at_campaign=rss
2026-07-29T14:39:57+00:00,Al Jazeera,False,False,"Why Saudi Arabia holds the key to Palestinian statehood",https://www.aljazeera.com/opinions/2026/7/29/why-saudi-arabia-holds-the-key-to-palestinian-statehood?traffic_source=rss
2026-07-29T14:33:24+00:00,Al Jazeera,False,False,"Indian student in Russia says he’s been wrongly charged over Bihar protests",https://www.aljazeera.com/video/newsfeed/2026/7/29/29-07-sv-india-student-arrests-in?traffic_source=rss
2026-07-29T14:27:45+00:00,Al Jazeera,False,True,"US and Israeli leaders expected ‘swift outcome’ in Iran",https://www.aljazeera.com/video/newsfeed/2026/7/29/us-and-israeli-leaders-expected-swift-outcome-in-iran?traffic_source=rss
2026-07-29T14:09:09+00:00,Al Jazeera,False,True,"‘There is no ceasefire’ say Palestinians in Gaza after new Israeli strikes",https://www.aljazeera.com/video/newsfeed/2026/7/29/there-is-no-ceasefire-say-palestinians-in-gaza-after-new-israeli-strikes?traffic_source=rss
2026-07-29T14:04:42+00:00,Al Jazeera,False,False,"How a seaweed bloom is affecting tourism in Mexico",https://www.aljazeera.com/video/newsfeed/2026/7/29/how-a-seaweed-bloom-is-affecting-tourism-in-mexico?traffic_source=rss
2026-07-29T13:58:28+00:00,Al Jazeera,False,True,"Fragile peace in Syria’s Set Zaynab as sectarian challenges persist",https://www.aljazeera.com/features/2026/7/29/fragile-peace-in-syrias-set-zaynab-as-sectarian-challenges-persist?traffic_source=rss
2026-07-29T13:19:04+00:00,Al Jazeera,False,False,"How are AI models able to autonomously hack others?",https://www.aljazeera.com/news/2026/7/29/how-are-ai-models-able-to-autonomously-hack-others?traffic_source=rss
2026-07-29T13:15:22+00:00,Al Jazeera,False,False,"Infantino sets deadline for FIFA offer in Kushner-backed World Cup plan",https://www.aljazeera.com/sports/2026/7/29/infantino-sets-deadline-for-fifa-offer-in-kushner-backed-world-cup-plan?traffic_source=rss
2026-07-29T13:12:43+00:00,Al Jazeera,False,False,"US bans imports of new Chinese robots over security concerns",https://www.aljazeera.com/economy/2026/7/29/us-bans-imports-of-new-chinese-robots-over-security-concerns?traffic_source=rss
2026-07-29T12:50:52+00:00,Al Jazeera,False,False,"BJP politician’s daughter explains why she supports India’s youth protests",https://www.aljazeera.com/video/newsfeed/2026/7/29/bjp-politicians-daughter-explains-why-she-supports-indias-youth-protests?traffic_source=rss
2026-07-29T12:38:14+00:00,Al Jazeera,False,False,"Tunisia’s body politic is in crisis",https://www.aljazeera.com/opinions/2026/7/29/tunisias-body-politic-is-in-crisis?traffic_source=rss
2026-07-29T12:27:19+00:00,Al Jazeera,False,True,"F1 season to end in Europe if Qatar; Abu Dhabi unable to host due to war",https://www.aljazeera.com/sports/2026/7/29/f1-season-to-end-in-europe-if-qatar-abu-dhabi-unable-to-host-due-to-us-iran-war?traffic_source=rss
2026-07-29T11:41:58+00:00,Al Jazeera,False,False,"American; Asian confederations blindsided by FIFA’s World Cup plan",https://www.aljazeera.com/sports/2026/7/29/american-asian-confederations-blindsided-by-fifas-world-cup-plan?traffic_source=rss
2026-07-29T11:34:58+00:00,Al Jazeera,False,True,"Iran hits US in Jordan; US-Saudi strikes on Iraq: Is war spreading?",https://www.aljazeera.com/news/2026/7/29/iran-hits-us-in-jordan-us-saudi-strikes-on-iraq-is-war-spreading?traffic_source=rss
2026-07-29T11:19:58+00:00,Al Jazeera,False,True,"Infantino; FIFA’s investor plan to sell stake in World Cup: What we know",https://www.aljazeera.com/sports/2026/7/29/infantinos-fifa-world-cup-stakes-plan-would-uefa-boycott-would-it-work?traffic_source=rss
2026-07-29T11:19:46+00:00,Al Jazeera,False,True,"‘Iran attacks now to send message as US assets build up in Israel’",https://www.aljazeera.com/video/newsfeed/2026/7/29/iran-attacks-now-to-send-message-as-us-assets-build-up-in?traffic_source=rss
2026-07-29T10:55:38+00:00,Al Jazeera,False,False,"Married couple deported by ICE killed in Guatemala",https://www.aljazeera.com/video/newsfeed/2026/7/29/29-07-sv-guatemala-couple-ice-gl?traffic_source=rss
2026-07-29T10:19:28+00:00,Al Jazeera,False,False,"Wildfires spread in Greece and Turkiye as EU chief urges climate action",https://www.aljazeera.com/news/2026/7/29/eu-crisis-chief-urges-tougher-climate-action-amid-france-spain-wildfires?traffic_source=rss
2026-07-29T10:18:49+00:00,Al Jazeera,False,True,"Russia charges Telegram founder Pavel Durov with ‘aiding terrorism’",https://www.aljazeera.com/news/2026/7/29/russia-charges-telegram-founder-pavel-durov-with-aiding-terrorism?traffic_source=rss
2026-07-29T14:49:45+00:00,CNBC World,False,False,"Nike was once China's sneaker king. Here's why its sales have fallen 30%",https://www.cnbc.com/2026/07/29/nike-china-sales-decline.html
2026-07-29T14:54:57+00:00,CNBC World,False,False,"FIFA is embroiled in a $20 billion World Cup controversy. Here's what's going on",https://www.cnbc.com/2026/07/29/world-cup-fifa-stake-sales-uefa-soccer.html
2026-07-29T16:03:07+00:00,CNBC World,False,True,"Warren; Schiff urge SEC to probe Trump Media's paid service giving faster access to Trump's posts",https://www.cnbc.com/2026/07/29/trump-media-djt-warren-schiff-wall-street-api.html
2026-07-29T14:03:23+00:00,CNBC World,False,False,"JPMorgan; Schwab and UBS manage millions in Trump's $858 million investment portfolio",https://www.cnbc.com/2026/07/29/trump-banking-investments-jpmorgan-schwab-ubs-financial-disclosure.html
2026-07-29T14:59:01+00:00,CNBC World,False,False,"Why shareholders are suing Novo Nordisk over next-generation weight-loss drug",https://www.cnbc.com/2026/07/29/novo-nordisk-lawsuit-cagrisema-weight-loss-drug.html
2026-07-29T15:03:18+00:00,CNBC World,False,False,"Treasury yields rise as Wall Street awaits Fed interest rate decision",https://www.cnbc.com/2026/07/29/treasury-yields-fed-interest-rates.html
2026-07-29T15:19:00+00:00,CNBC World,False,True,"Warren probes Pentagon program to hire highly paid private sector workers",https://www.cnbc.com/2026/07/29/warren-probes-pentagon-program-to-hire-highly-paid-private-sector-workers.html
2026-07-28T18:49:34+00:00,CNBC World,True,False,"U.S. Strategic Petroleum Reserve faces stress as emergency releases strain old infrastructure",https://www.cnbc.com/2026/07/28/us-strategic-petroleum-reserve-spr-iran-oil-strait-hormuz.html
2026-07-29T15:00:37+00:00,Guardian World,False,False,"The population of an endangered Australian bat suddenly dropped by up to 16%. No one knows why",https://www.theguardian.com/environment/2026/jul/30/southern-bent-wing-bat-population-decline
2026-07-29T15:00:36+00:00,Guardian World,False,True,"Australians value batteries and EVs; but renewables industry must earn trust of regions; summit told",https://www.theguardian.com/australia-news/2026/jul/30/australians-value-batteries-and-evs-but-renewables-industry-must-earn-trust-of-regions-summit-told
2026-07-29T15:00:36+00:00,Guardian World,False,True,"Atlassian tightens tracking of staff AI use as other technology firms encourage ‘tokenmaxxing’",https://www.theguardian.com/technology/2026/jul/30/atlassian-tightens-tracking-of-staff-ai-use-as-other-technology-firms-encourage-tokenmaxxing
2026-07-29T15:00:35+00:00,Guardian World,False,False,"Bird flu is spreading locally and Australia faces more wildlife deaths. How bad could it get?",https://www.theguardian.com/world/2026/jul/30/bird-flu-australia-h5n1-how-will-it-affect-wildlife
2026-07-29T15:00:35+00:00,Guardian World,True,False,"Icac hits paydirt as Reformers’ ‘shit sheets’ are given a very public airing",https://www.theguardian.com/australia-news/2026/jul/29/icac-hits-paydirt-as-reformers-shit-sheets-are-given-a-very-public-airing
2026-07-29T15:12:06+00:00,Guardian World,False,False,"Body found in suitcase in Athens 11 days ago that of 38-year-old British woman",https://www.theguardian.com/world/2026/jul/29/body-suitcase-athens-38-year-old-british-woman-greek-authorities
2026-07-29T14:35:35+00:00,Guardian World,False,False,"A ​decade on the Iberian ​frontline​ has shown me that Europe’s ​climate ​emergency​ is ​impossible to ​deny",https://www.theguardian.com/world/2026/jul/29/a-decade-on-the-iberian-frontline-has-shown-me-that-europes-climate-emergency-is-impossible-to-deny
2026-07-29T14:17:53+00:00,Guardian World,False,False,"Next 12 hours ‘decisive’ for wildfire near Madrid; says Spanish PM",https://www.theguardian.com/world/2026/jul/29/pedro-sanchez-next-12-hours-decisive-extreme-heat-wildfires-madrid-europe
2026-07-29T12:02:20+00:00,Guardian World,False,False,"BMW to cut ‘as many as 8;000 jobs’ under pressure from Chinese rivals",https://www.theguardian.com/business/2026/jul/29/bmw-cut-jobs-germany-pressure-chinese-rivals
2026-07-29T15:32:16+00:00,Guardian World,False,True,"US-Saudi strikes in Iraq push region into ‘uncharted territory’; analysts warn",https://www.theguardian.com/world/2026/jul/29/us-saudi-strikes-in-iraq-have-pushed-the-region-into-uncharted-territory-analysts-warn
2026-07-29T15:33:24+00:00,Guardian World,False,False,"Reform UK councillor charged after alleged racist social media post",https://www.theguardian.com/uk-news/2026/jul/29/reform-uk-councillor-charged-after-alleged-racist-social-media-post
2026-07-29T15:17:28+00:00,Guardian World,False,False,"Prince Harry and co-claimants face huge legal bill due to insurance shortfall",https://www.theguardian.com/uk-news/2026/jul/29/prince-harry-and-co-claimants-face-huge-legal-bill-due-to-insurance-shortfall
2026-07-29T14:41:46+00:00,Guardian World,False,True,"‘It’s just not cricket’: seaside town reacts to ‘Clickgate’ cheating row",https://www.theguardian.com/uk-news/2026/jul/29/cricket-seaside-town-reacts-to-clickgate-cheating-saltburn
2026-07-29T15:58:44+00:00,Guardian World,False,False,"Anthony Fauci invokes fifth amendment in Covid origins hearing; repeatedly declining to answer questions – live",https://www.theguardian.com/us-news/live/2026/jul/29/donald-trump-anthony-fauci-rand-paul-covid-lab-leak-theory-iran-tariffs-latest-news-updates
2026-07-29T13:54:12+00:00,Guardian World,False,True,"Flash floods and storms batter north-east US as deadly weather threatens millions",https://www.theguardian.com/us-news/2026/jul/29/flash-floods-storms-us-weather
2026-07-29T12:38:38+00:00,Guardian World,False,True,"Rogue OpenAI agent that hacked startup tried to attack other firms",https://www.theguardian.com/technology/2026/jul/29/rogue-openai-agent-that-hacked-startup-tried-to-attack-other-firms
2026-07-29T11:00:31+00:00,Guardian World,False,False,"US schools are struggling to keep the yellow bus running amid shortages and cuts",https://www.theguardian.com/us-news/2026/jul/29/us-school-bus-cuts
2026-07-29T14:21:07+00:00,NPR News,False,False,"Greetings from an isolated region in northern Pakistan's Hindu Kush mountains",https://www.npr.org/2026/07/29/g-s1-135641/pakistan-chitral-hindu-kush-mountains
2026-07-29T11:00:47+00:00,NPR News,False,True,"U.S. and Iran resume attacks. And; Fauci to face Senate questions on COVID pandemic",https://www.npr.org/2026/07/29/g-s1-136076/up-first-newsletter-iran-benjamin-netanyahu-trump-iowa-water-anthony-fauci-fed-rates
2026-07-29T10:32:32+00:00,Reuters (via Google News),False,False,""Ugly and rusty;" Venezuela's refineries are relics that will be hard to revive - Reuters",https://news.google.com/rss/articles/CBMivAFBVV95cUxONUtfc2xmS0Z4QkFrTFNVRVJja3BhV2EwWmFzWXZwaVl4akd5dXBvNVRyRzdHMFdBdTVSenlfX2d3UkhlSGhtZlJCX0YxOEpqeG9jUmlmTnZmVmVJWHE5MHVXd2RPLUpmRElxRm0tRVROOGNzU1dDUHRwdHNwaXAtYWVvZ0ZOT3FwSENUYXZ4R2xJSUtDckNXVE1FSjRxNnNVZlZOc1dLdVlLbnI2M1g2cmhjS2tvUWE3aGt4ZQ?oc=5
2026-07-29T12:31:32+00:00,Reuters (via Google News),True,False,"India says sustained oil price spike could strain fiscal deficit; current account balances - Reuters",https://news.google.com/rss/articles/CBMizAFBVV95cUxNNkg0anFFZ0l3YjY2SlM5WjdlWXdzS0tOd045bmJCQ2VNcy1YVHdoR2cydkdVdjg4alZBcVAtN3dzNTF5V0ZjM0ZBSGhmOERsemwwdGhMblh3cG1QUzJIOHhPQURCcm56c2VTTEZDRXRGX1F0cWlXYXI0VlpldHV2cUpVWXFubjRNTEd4dTFxMGh0SEo0bElGN0xUZGVINk1tR3Z1Nl9CWW1RbmkxenZ6enpHTV9oUmM3QTBBalViRElLVjAtT0NWVTdCNlY?oc=5
2026-07-29T08:21:50+00:00,Reuters (via Google News),False,False,"India's top refiner scouts stakes in gas carriers as it plans higher US imports - Reuters",https://news.google.com/rss/articles/CBMiwgFBVV95cUxOZVNtbFY5NVczMEFnNmtjbVlNcGxGVXZQSlp3cS1QdGRIT21TUlF2S1lwWUhyNms3Ny1YVncyc0hWMGxlSDVfR2Q5eHhURmxBZ0tqSlNsOE5aV09JLWl5Nmg5dEhUWXR2NE56S0FWTmpFU3JUSjdjTzJCa3FrZ2o3VWlDT3V6OGZwOWgwaTdTWmNScWE1Q3BNZWZxNk9xWGVGVk5YX1JEUG50Zk5qZGdGLVdzU3VmLTRPR0p4dzAxeGdKUQ?oc=5
2026-07-29T09:38:09+00:00,Reuters (via Google News),False,False,"Russia to extend diesel export ban; but could lift it quickly if situation improves; sources say - Reuters",https://news.google.com/rss/articles/CBMixgFBVV95cUxPMUF2elZpMmNVbWdhMVZyVmQzMGtpd180QXQ0N0JTSXBJbEg3RkhVTElzczljaG9wXzNxaHNQTm5XcnkxSng0VGk3ZFExS2M3R3Z5SkNWNE02aWpiUjlGVkRpMms2X0M2MFpIVVcxalZqOVQwc1F4UVF3SllyZFVWOHNGN19TdzNtWnBhLWJYdDBtd3NfYkRsVTFGZ0tJdFhDTC1taTFJNXdqcl9WbWVkUTFBRVRsd1Z6dlo3Y1l3X0d3cnA2OUE?oc=5
2026-07-29T11:31:50+00:00,Reuters (via Google News),False,False,"Energean; Carlyle among bidders for BP gas assets off Egypt; sources say - Reuters",https://news.google.com/rss/articles/CBMiugFBVV95cUxQVEoyTDlTWTA5S3k4dFpmR0lHajNwamtubFVILXR2T05KT2xCSUZTMUZ2U3dRblFoa0RWUVBWaG1iOGlQR012QlVIcUpBTFpFZ2dqbDI3VnhhOThNTWlZbkIxeXFHck9uVjhGQjE5MENjNnljZEdWWV9pbzZDZUpYb0I4aFJaZWpSWV9wUU9nOGR2dW1VeE5CWUJ5b3FhN19pNVN6OFlxU3FFV1FZaFhBVEhvUW4wRFBDdmc?oc=5
2026-07-29T03:51:00+00:00,Reuters (via Google News),False,False,"Ships transiting via Bab el-Mandeb strait at highest in a week; data shows - Reuters",https://news.google.com/rss/articles/CBMiuwFBVV95cUxOclBIb1N2YnFXWFNSRVJrUlFkUE9WNGNiTWoxeGpEZDZQOTZzTmVwTnhWWEtXRXNKZkgxWk02NDVHODZlUGlKS09mOVVBcmhQQzQzRjNNaUhfU3l5UG1Ma2NCYWRSdWRmR043ZldTXzRJcnFVN1dsTWpGNUEtM2ZXU3dWTkhVRFFtbnVQaVpuNTlnM3RPUDRoOTlGYlhUemJ6dkFMamdZMlhIcmVlUjFGa2hMRzJDLTZXQWZJ?oc=5
2026-07-29T09:34:09+00:00,Reuters (via Google News),True,False,"UAE's ADNOC sells crude at premiums to Asian refiners in seventh tender; sources say - Reuters",https://news.google.com/rss/articles/CBMiwwFBVV95cUxNamt1Q1VySm5UT2RwV21EVDg4a0wyTmZPa2NpakRiS1JsUVpzdmlkWUxYd2stbnRIcUh0Tnk1bVM1SVhrXzZVWS0zV0NIVVBKUUdOOC1vX3FmZ1JaeFdtcklEWHl1WVYzbGVJd0hicnZFSXp5ZFRtX25DRDZCOVJzREZIbVFiZ01PTm1wbjhFeW9XWDdJWkF1NzBIVk9xdGp2enJTTVVsT0hEaHNjSXUzc2d0ZXl6NjNuRDlBckFZWGwtUGM?oc=5
2026-07-28T07:53:04+00:00,Reuters (via Google News),False,False,"India's summer crop planting gathers pace as monsoon revives - Reuters",https://news.google.com/rss/articles/CBMipwFBVV95cUxPZV9fUEw0NlViTjBBTUl0QWxaYWZXTDJmZ0xDR3ozUTVIZHNuYktqWlpwTldMTnNwaDFtVkZSZ0VQR0lzT01DUTVXanlsdWRsZVljeURSQ0hha2JEYmluWFJHRndGUFk1dEdibUFnaWJxSkNfVkMxV3dQRG8xQ2ppZDRVcmUxOHNzRXZObDhVV011ZGpfNFdFWl8yNVBqdTlGZjlsNkxFWQ?oc=5
2026-07-27T16:01:33+00:00,Reuters (via Google News),False,False,"London stocks inch up as US-Iran pause; earnings lift risk appetite - Reuters",https://news.google.com/rss/articles/CBMiuwFBVV95cUxOeU1SVmJnT1JoV0Y4REN1azV4UWNFempXVC0wdE9oVTlZMlU4S2pjbl9icWUydkRYS2FBT1pseFBkb0FYbURtM05HSlNXNHF6eEtXcUstdjc1RG96MndKaUtYZjF3R3JyNHp6VVVwZDlSemYta3BYazdTYWlqUHZrbXRxUnlfcTBLZ1ZFZHFleTFsMXNBblFqd3NnNlVNOEVzcDJ1aE9STk5VS0lwaEhORTlQREpGT05zd05J?oc=5
2026-07-29T10:14:00+00:00,Reuters (via Google News),False,False,"Mapping the Market: US energy shares could see another leg higher - Reuters",https://news.google.com/rss/articles/CBMinAFBVV95cUxOeTZuMHQxenlkZlNDTS1fRW9UM2tRT2pPendmX0QzbXFZT25HdkNSVHdoY0d5UFlOMFU2dUZNSFJ0aHBmU0VmYUg3X0dEUlc0VlAxWDh5QWMxM01MVTRiWktET1NvZmZhai1GWmpBbHN1X0Q4enRtZFN4cEpNbWdkMnVDZ1hzWV8wOW1nVk9QalpiNU5uQ0NPMElQSnM?oc=5
2026-07-29T11:18:09+00:00,Reuters (via Google News),True,False,"Discounts narrow on Russian Urals crude in India; sources say - Reuters",https://news.google.com/rss/articles/CBMiqgFBVV95cUxOQVRBNmIzcjJTTkxBd3lnYXVyRi1xQzNwcm1pNnkzQW5ENW5NU3RudUk0U2pmbVpJS1J5RWljUkM5S0lGMGtRellKTE5PSUtvU2ZKMXo4VXh1M1BrTnRiY0g5WTlmaTBfdVB5Sm9QX2ZHbFpHcXhmVWRVd0xDT0x0TXB0OWZTWFRhRnpZLTlXTDlOd2xHN2hiOGtkd2V5UHVjRV8xVDJXUXoyQQ?oc=5
2026-07-29T20:00:00+00:00,OilPrice.com,True,False,"Trump Administration Picks Five States for Nuclear Fuel-Cycle Hubs",https://oilprice.com/Alternative-Energy/Nuclear-Power/Trump-Administration-Picks-Five-States-for-Nuclear-Fuel-Cycle-Hubs.html
2026-07-29T19:00:00+00:00,OilPrice.com,True,False,"BMW Targets 8;000 More Job Cuts in Fresh Cost-Cutting Drive",https://oilprice.com/Energy/Energy-General/BMW-Targets-8000-More-Job-Cuts-in-Fresh-Cost-Cutting-Drive.html
2026-07-29T18:00:00+00:00,OilPrice.com,True,True,"Ukraine’s Attack on Iranian Cargo Ship Links Two Wars",https://oilprice.com/Energy/Energy-General/Ukraines-Attack-on-Iranian-Cargo-Ship-Links-Two-Wars.html
2026-07-29T17:00:00+00:00,OilPrice.com,True,False,"Guyana’s Oil Boom Matters More Than Ever",https://oilprice.com/Energy/Energy-General/Guyanas-Oil-Boom-Matters-More-Than-Ever.html
2026-07-29T16:30:00+00:00,OilPrice.com,True,True,"Glencore Sees $3.3 Billion Trading Profit as Iran War Rattles Oil Markets",https://oilprice.com/Latest-Energy-News/World-News/Glencore-Sees-33-Billion-Trading-Profit-as-Iran-War-Rattles-Oil-Markets.html
2026-07-29T19:42:07+00:00,Rigzone,True,False,"Oil Surges as Tensions Erupt",https://www.rigzone.com/news/wire/oil_surges_as_tensions_erupt-29-jul-2026-184248-article/?rss=true
2026-07-29T15:04:49+00:00,Rigzone,True,False,"Saudi State Oil Shipper Posts Record Profit on Higher Freight Rates",https://www.rigzone.com/news/saudi_state_oil_shipper_posts_record_profit_on_higher_freight_rates-29-jul-2026-184247-article/?rss=true
2026-07-29T17:51:19+00:00,Google News: Crude Oil,True,False,"EIA: US crude oil inventories down 7.2 million bbl - Oil & Gas Journal",https://news.google.com/rss/articles/CBMimwFBVV95cUxQZTdDY0poNWN0Y0N0SWdZOTdQUktXZHMyRnhKckV3R0lma3RKaWxoTXoxWXhwWTlScFlJYksxRWxwQmJBV05FSlNVS0Yyd2JQMWUzdnV1UkJtdU83ZElNTkNucUt3WEk3OEt5X2pjMXR3M2R6RnF1eEhWWU5kNDR5SVVpaDlJZU9mOHVUQ1hQb2tudEJpRk04NEZDNA?oc=5
2026-07-27T07:00:00+00:00,Google News: Crude Oil,True,False,"Crude Oil Benchmarks | Brent; WTI; Sweet vs. Sour; Light vs. Heavy | Britannica Money - Encyclopedia Britannica",https://news.google.com/rss/articles/CBMiY0FVX3lxTE5VZ0xmbmhBYW5RMnp6b29Pa3dabDlBdld5SEdKSUQ3amwyLXZ5QW5yaTdrZEVqNWU2Q1YxN2k4U0tlZGdZQmp5cGQtZWJhclk2blRrSERJRmNwWVpHV1JxdkF3cw?oc=5
2026-07-29T19:00:00+00:00,Google News: Crude Oil,True,False,"Brent Venables' defensive prowess earns him 'boogeyman' label - Sooners Wire",https://news.google.com/rss/articles/CBMi0wFBVV95cUxNLVl5NDRBU3MyV3BTNV81TkxWa2VIVFlSQXFfbXc0QmhlQm1WSkpvUWgyM3VMREFGdGdER0swVzFfR0d0bmcwS1BRRDdNNGQzQXI1RHNVd3BhNU8tS2U5NlhLREk2bHA0SVByWDJiN2ZvOW9pVk5sS0lUMnBYbTBScU1Wd0M3MDZGUkNydkR4Vy1iZzZ2SW9sUWlhZks2dlkwUHpoLW5nYXNEbHZZUUNFV01ySzBJMEFmTkw3T0dEem9wTkl4eXI0V0JqZzJZVmlkdXow?oc=5
2026-07-29T19:47:22+00:00,Google News: Crude Oil,True,False,"The Day with Brent Goff – Troop Boost for Russia - DW.com",https://news.google.com/rss/articles/CBMihwFBVV95cUxORmZMMDgtWXRxaGFJQ3pudEVmMldIMVkxcWJObGI0WFRIMmh4c3Jianh5Nk5EblpvWDY2ckFReUNGNGxxMWo5cnpuRDFqWWRweXpKNXZvR2hCVHZreGdCNTBISlUwV3BtaWFCQU9jZDZ0LUV5OHR4SFF2VThlX3ZjUTNRMlRZdEU?oc=5
2026-07-29T16:24:08+00:00,Google News: Crude Oil,True,False,"🚨𝗕𝗥𝗘𝗔𝗞𝗜𝗡𝗚: Brent Crude Oil surges to $93 per barrel. - Moomoo",https://news.google.com/rss/articles/CBMimAFBVV95cUxQZFBkMFBzazFib2dVdjRCRkZHRVNhdUdmd0VEY01aZVNjUE8tLXRxclAzeVQ3ZFkyTmJlOVptckJPM0phbDdGZVUxcHpURUM3VzBRclU2Zlk3dnpmNzNJR1Y1ejBqQ2g0OVduMGd1UVFtTldEV0VpN2p1QmtCa0E4WFJ1MjlwQVFTTTVxeER0MnpVT2ZLdXlRSg?oc=5
2026-07-29T19:00:00+00:00,Google News: Crude Oil,True,False,"Dr. Brent Blue weighs in after thorny comments at coroner forum - Buckrail - Jackson Hole; news",https://news.google.com/rss/articles/CBMijAFBVV95cUxOdnhHVDFqNWZsTjcyWDF6SzFzczFraVhGMWxycUhwYWlXc2g0N0NxdGNtOFVxWkhvM1g0QlRFX0FyUVl3ZTY4T2ZOSXNaNmVEVmxNMXA5ODN1Z1Q5ckZOUkNjbGhxdGdjWVl5Q2dIRGIwV3B6cHplRlNlbU1jdDdBMUhTMmZFLVFLNlA4aQ?oc=5
2026-07-29T19:23:39+00:00,Google News: Crude Oil,True,False,"Crude Oil Prices Surge as US-Iran Conflict Looks to Drag On - Barchart.com",https://news.google.com/rss/articles/CBMipgFBVV95cUxOMlZJUzF0SjUzcC1XVnNOQkRaODFXaDNEOEJuNDNYNWJac0RCUUJSSWV3M3c2elA2OHV2a0NaSXloX2N5TnBQSzBKT1UwYXB2WTM1dWhidEtLRkxzNmNjOU8zYkdEZ0ZkNE5nWHU5bGRJNElYdS15dks2V21ZQnpDdnl2bE1lb0l5NGVZN291MWJKc1lVeHhiQjhMV1pKWEtXSDdqT2dB?oc=5
2026-07-29T19:00:00+00:00,Google News: Crude Oil,True,False,"U.S. is making most fuel since 2019; but it's still not enough - Transport Topics",https://news.google.com/rss/articles/CBMibkFVX3lxTE51S2dTOHoxcnV3Y2VUR1NsaU56ZXpPa2YtU0l5RTh4ZFlmRjZnOWZwS2d6NEVsRWE0N2RWZXlfemRyNVJlckRsM0ZoNzF4Q1Yxcllwb045MVNMZXBzU3lmWS1nXy1hN1d2dXVrSGtR?oc=5
2026-07-29T19:37:00+00:00,Google News: Crude Oil,True,False,"Oil Price Analysis: WTI Crude Eyes $88 as Hormuz Selloff Outruns the Ship Data - FXEmpire",https://news.google.com/rss/articles/CBMi0AFBVV95cUxQTTE1ZkNWejFGck10M09aWVZaWm1hS1BIRWp6ZFAtYkMzeFVRY0NYVUpudE9hRXlTUFNSV19ydEZUSWFtRTdEcjYxd0E3NzJkbG55SnVDa1VhUTJJeXphVjZhM2FlTmxWdEl6eFlkd1d1S2JEb3o2YkxOaEY0Sy1wYVVScFZnVHZReHJmZl9mcEpiSnBLNkZ5Ui00dGlOUDZMSEVGZ29qV241Z1pTUjVlZ1dFQ0RGSHIxUURrVmVRa2NQc1FkSUVyckNzQmMySVBL?oc=5
2026-07-29T17:17:51+00:00,Google News: Crude Oil,True,False,"Russian crude oil discounts fall in India on supply fears - Baird Maritime",https://news.google.com/rss/articles/CBMipwFBVV95cUxOd0wxSjlyUFJEdlE4TDJpU2hZSGlEdVdmdkFHSlhkQWlRMVRweVlzMjk0QlRTRHh3eGphaW43aEU2YnhhZWtYdHMtVWVfZ0o2MjRFSnVxcFR6aVEtMXVNMmd1R1dlQjgzbWlhcjhSQ0ptbHJxV0haRlJkbnVJdmFFU0FselBqdFJuLWtIMlJCZEw1UjNpMkQ4cXh3eGtDMHh1Y2drZUtTc9IBtAFBVV95cUxNV21mVG9sLUVndy1VbTR5Z1dnQ0ZEOTZTZEFBMlJOMmZTVnYwRW1idzlKUmpLaWpYMXJYWFk1ajc0SXVERzFMcHhsU0p5a0Q3QTFRN2NTMmlLYkQ0MlRwTllibDl6b2VqX3ZBMHo2Ul92ekIxVDVCbGJsdW5LbVZBVDZQYThJLUR1cjhLTWRoV1BqVDBQcEFFMmtIWF9MMFJ5dEx2cl95UE45cEFESnVsVXZZblk?oc=5
2026-07-29T18:45:33+00:00,Google News: Crude Oil,True,False,"US crude oil inventories drop sharply by 7.167 million barrels; far exceeding expectations - CryptoRank",https://news.google.com/rss/articles/CBMiggFBVV95cUxNMy1SYmVRZXp5OFVyU3F5TTZIMHp0UFhnaXZBNTNINm9FVElQbVBnUGhWQkoxNGZGS2NkbUg1LXN6TmI5Um5Hcnp3OFZjZHZ5ZVVKZVRVTnRjdWhTYVFISkd2V3FfUHBpanY0VC1iY1hJX1dVS3pxLWxvQllYSl9NdGtn?oc=5
2026-07-29T19:45:46+00:00,Google News: Crude Oil,True,False,"WTI remains muted after Fed hold - FXStreet",https://news.google.com/rss/articles/CBMigAFBVV95cUxQMG43Wi1FTEJTa3NhenZzRHpSTWhzZmlpRF92SHhKWTYzalZCT3VxMlpGRHBUNkZ2ZFBCTXotMEtCR1dKRjM3UDh6Q25aTy1DSmR3ZU1jbWJobWIyUDlJNkdLemt5R3Z3MW5ZOUxPSGZCeDBzU2htX1J5OVFNUkF0TQ?oc=5
2026-07-29T18:57:00+00:00,Google News: Crude Oil,True,True,"Natural Gas; WTI Oil; Brent Oil Forecasts – Oil Soars 7% As Iran Attacks U.S. Forces In Jordan - FXEmpire",https://news.google.com/rss/articles/CBMi1gFBVV95cUxNZEpRYmVRLUdYcHJCVHhhTFVXTGEwd1l6WF9aN21aZjQ0U2xkY19GZXFacDJ4Rkx3WHJFLXVVaDloM1RyV1Rnall5SDY0VjM2WjVQbGlSSGc0YUQybUhZcFlYWDBualJWXzRIZURkRkVJSDVwM1NxLUppMXFfRWhRclc3b1EzWXRlVFdCVURoakZ2bXBhS01sREVhS3pFS3NQWExXb0M2bFB4RGE4ODYtenoxM1BycEdmSzV5SDB0SDJqR05JM1JHVHhwbmpnQUs2cmFiOXpB?oc=5
2026-07-29T18:44:35+00:00,Google News: Crude Oil,True,False,"September WTI Crude Oil Contract Closes up $5.20 or 6.6%; Settles at $84.46 per Barrel. September Brent Oil Was Last Seen Up $6.79; or 8.1%; to $90.88 - marketscreener.com",https://news.google.com/rss/articles/CBMi4gFBVV95cUxNTVlWMnZ4ZmVWZjgxd1F0NER5bXB2TWYxNEdIQjFhZkhuM3ZQZlhFdE1HdzNsdUluUDdxZlJDTUg5WW1GXzhnVDhPeXdENnlpbEV3NjJxYmJETXRfVFo1a2VpZDFTQjhSSENHOXB2ZzJ6eGhTQXFJb2c0MENyWGxGeE9DQUdJZ0hiMHdjNFJMUHlpNnRiUjBUUVB6a053WDZhYVJJTU9lR29EelQwVHZVdVJXODRzd0VVWlNad3pESE52U3IwemZtNE01ajVsczNxaEN1eUVVVzVUdWV6cms1dTFn?oc=5
2026-07-29T16:02:22+00:00,Google News: Crude Oil,True,False,"Crude Oil Surges 7%; General Dynamics Posts Upbeat Earnings - Benzinga",https://news.google.com/rss/articles/CBMivAFBVV95cUxNa2ZDcFhQMkZkWGJodHkyM3N4VHY2TTRxcE1VbGFYVmlWOUwwMjBRSFNDR0ZaZEJHeURIR2tGZXlZLTlPNXJSUGlwREN0ZkhQOTc2Y0FHT2Rma1dqWEZKOUo1SXQ3YTFRYmhmLW5jQ3g3S3pDVVM2VER1SUxwT29HSU1MbE1FWWRfVG81a0dTUl9POUthcVFHSFZpN1dRcDFGcVhEcjJJbEx1STZwckVxbmtNRzRocXJnRHJTVg?oc=5
2026-07-29T17:25:24+00:00,Google News: Crude Oil,True,False,"US Crude Oil Inventories Decreased by 7.2 mb to 404.5 mb - Energy News Beat",https://news.google.com/rss/articles/CBMimAFBVV95cUxPZGlSVWptOWM0QllvWU14M3E0LWpRYk5Ta3YxNDNIQ1VVTE9pXzVwblgwWXZkc09EMFVIRElYVk01UEpUQWVvX2ZVQWNpV1VYMUk3cjRSUVItVXZRTm9ocENyeWU4c2lwZG43S2NXdHl4TUs3bndVYWU4TmRHeFFWZDBZbDR5Y3RpY3lIVmN2cWJzdFJPMVRQag?oc=5
2026-07-29T17:58:07+00:00,Google News: Crude Oil,True,False,"Update: US Equity Indexes Slump Ahead of Fed Policy Moves; Big-Tech Results; Crude Oil Soars as Trump Vows to Hit Iran Hard - Yahoo Finance",https://news.google.com/rss/articles/CBMikAFBVV95cUxOVm5Ia1FoaEpIX0ZrdXVlMF9MNjJVR1dobTladjBScGYwTkVOcGtxSHBGNHNlLXNYWmhncG9va3gybE9PVzZCUUFQSDJFUG4xcXFPbFJlSUN3Nk1rSWV3cmNQXzh4ZXA0RmR0NFg5NFpzSDNVZWRUR2lSZ2t0a0tycGNxYW83c25XeGFxMDdycVI?oc=5
2026-07-29T19:21:14+00:00,Google News: Crude Oil,True,False,"Beaumont ISD suspends gifted programs; sparking backlash - Beaumont Enterprise",https://news.google.com/rss/articles/CBMirAFBVV95cUxNRXNsdDNONXYwNFhlcjhGVmxXRjJPTUh4T0JRczMyYXJXM1lQU0N1VkZlN1YtaWo0RHZlOGpDMEJlUTlGU3daLWVkSEFFVi02Tk5hMnFIS3lfWEFhU1lMbDl1NldQZ2ZsN2NyX0hoQWR3dVd5R3BaX25FcTdhMVBWdEpTUzdjUWFRcWViTzdyNEE0bm55XzNtTm9rQk9kMHhEZFJXb2hZclo5NHBC?oc=5
2026-07-29T10:03:40+00:00,Google News: Crude Oil,True,False,"SEC football coach hot-seat rankings: How safe is Brent Venables' job at OU? - Yahoo Sports",https://news.google.com/rss/articles/CBMiggFBVV95cUxNaWtSclZJU1JhMWVJbmFteFpvbGpteVJqTzEycGE4WXdhUjdPR3h6Rl9UWHNBQXZZYnRIZk83RGdHeGtwRWFQRXl3X0JnNnVsM0tYaURXQThaR29MWUhSWjBrSEE2VkhtcFp1TkVxRVJoQlM4ZGhhem5PdGtuc3ZiTjNB?oc=5
2026-07-29T19:52:00+00:00,Google News: Crude Oil,True,True,"Brent jumps nearly 8%; reclaiming the $90 mark after Trump's threat of a forceful strike on Iran - economies.com",https://news.google.com/rss/articles/CBMi4AFBVV95cUxNelpoNDVJdEVZck94Tjlab3ItbFRiNzAzMTBHUk00ekdZOE8tSlA4dlVScmxDQzdQRmpHZ1lIbW5pM1lYSW1NWlJKWTZwZjdDRkdlcmJmZmcyS3BGWXFnOFByQjJQLW9sZkFXTklEbEJEZzY2aVdUazhHdXY3OVdnR01mVHMwOVFQTVY0bzB5TFhxR0lQVm1PUDN0SkM4Z0dsdjg2UDBOamZWLUNadVBuZUlvempDUWhXbENnRFM3UkpjZkVmU2VIUHRQZXYzdko4Rm5jZVUwR0NvdEVUdWhqZA?oc=5
2026-07-29T13:34:13+00:00,Google News: Crude Oil,True,False,"Crude oil prices jump again and US stocks slip ahead a decision from the Fed on interest rates - Richmond Register",https://news.google.com/rss/articles/CBMigAJBVV95cUxQN1p4akxsdjFHQTFOcXJSUkxZSjBJcnU2anNkaWVjcC1TRHpqOE5NZzFOOHdFLVVER0RaVHBVTkdXQTkzSWlra1NFSzJOT2dkUnBaVU16WkhxNjgxZ2RqZVBuU28wNmx1aS1GcHY0QnJhVG5sZS1NbUtZbHMwbUh1NV9teDdnREJIZUwyRm43VVBzYVUwQklaMkhhWVJ1TE4waF94aGhXM2ZfSy0zYVBhSHpSWGRrN2ZySmgwc3ZyS1prUG04MGFMV2N4eHpqTExFakp4MW51d1p5eGVtMGI4d29TM2RzVzd2MjItYVdpTmxWZ01tYkFRWFk1VHZKRFZz?oc=5
2026-07-29T16:51:05+00:00,Google News: Crude Oil,True,False,"When do high school football practices start in Southeast Texas? - Beaumont Enterprise",https://news.google.com/rss/articles/CBMivAFBVV95cUxPcjQ5elhfRl9oNm54OUExaWRSaDBhTHBBYUpOQmZPbWZudXBHVWFmMTk0RURYZXd0VjIwYUgxSEU0ODdDb2t1ZEt6VWxlOU9lQV82bXo1RGtCQVcxeFBGZHNVaFplVzFyTXBoTXRIUW11TDNNd0NvSWNDUGpETTJMNG1fdGVPWjBGeTF1bENJaEI2cktpcV9TNE5KOUhkcG01Z0stc3JJWXFqY1VIU2ttSjZjMFJCaTFwVk5oSQ?oc=5
2026-07-29T14:22:50+00:00,Google News: Crude Oil,True,False,"Oil nears $90 a barrel as Middle East conflict escalates; Brent could swing up to $100 - India Today",https://news.google.com/rss/articles/CBMiyAFBVV95cUxOZ01lSkM0dzJvSVd0R3FubXBSNU5sLU9JYjhHVThiTjk1NklZTGxxSVJZVlMtaTA3RkpMV2p4M2ItVUhzNmRBLTE1QlZFMF9Cc1V3OFItU0l3ckh0MDRhSzJwM09sUThpVlp5eUZNaDlrQXZBdTVfdlJlWGc2aEF3Yy1DNURlTkU1c2JyM1pwalRmSFRMdWQzRXVhaklUQnk1dXFNRUNTMVhiamVUcmJfNVdtRHdHYXFzaklFMkxTZ0FzNlNvck5rLdIBzgFBVV95cUxObnlYV3NHckpKQ3BaWkhidVJNbmtlV2RTMVhUc3ZVcmxkUFdNZDN0Q2JYLW01dmV1bUlaYnFzRHZoQ19MZUFCTl9XM3hOS0ZyeC1nTlRVVnB5NWFhOXZUeTZjcloxSVVVM211UDNud09ZRGNTaXRIQUtlY2hqcVhiRUxaeXVacnJTWjJUYjZPcXBZRTctUTlKQmlHNVRDR1hnS3hxQ2xmaWI3WWlCRzNUUTVaSFU2Qmltb0h1RnVpcFFFREJNUEZsSFFyYklpQQ?oc=5
2026-07-28T20:52:41+00:00,Google News: OPEC,True,False,"OPEC+ Likely to Pause Oil Output Hikes After September - EnergyNow",https://news.google.com/rss/articles/CBMiiwFBVV95cUxNaWVfNk8ybVR2NEV1TTQzVnJOQU82OFV6M0NkTlFkQVFDU1RZRFRrdWNCbWl0UnNES1lKa0JnbE9TMXFxMHR4Zy0wczNnWkFKUFJObldnRUZDLVVsN05QZ2ZKb0xfTklfMTcwdzBYZFo0RFNKXzkzTmkzeFlWMDJ5SUxiMk9XQXNKZEJn?oc=5
2026-07-29T18:41:31+00:00,BBC World,False,True,"Saudi Arabia's dilemma as it tries to stay out of US-Iran war",https://www.bbc.co.uk/news/articles/clyx83l8jv8o?at_medium=RSS&at_campaign=rss
2026-07-29T17:21:57+00:00,BBC World,False,False,"Fifa opens disciplinary proceedings against Argentina",https://www.bbc.co.uk/sport/football/articles/cp3rkwgy6y7o?at_medium=RSS&at_campaign=rss
2026-07-29T16:49:41+00:00,BBC World,False,False,"France fire crews battle heat as locals tell BBC of fight to save homes",https://www.bbc.co.uk/news/articles/c62q5we799ro?at_medium=RSS&at_campaign=rss
2026-07-29T08:16:15+00:00,BBC World,False,False,"BTS withdraw from Grammys; a month after Asian pop prize introduced",https://www.bbc.co.uk/news/articles/clyjgyd0225o?at_medium=RSS&at_campaign=rss
2026-07-29T20:08:09+00:00,Al Jazeera,False,False,"How is Islamabad handling crisis in Pakistan-administered Kashmir?",https://www.aljazeera.com/video/inside-story/2026/7/29/how-is-islamabad-handling-crisis-in-pakistan-administered-kashmir?traffic_source=rss
2026-07-29T20:00:29+00:00,Al Jazeera,False,False,"James Comey’s lawyers say US government distorted details in seashell case",https://www.aljazeera.com/news/2026/7/29/james-comeys-lawyers-say-us-government-distorted-details-in-seashell-case?traffic_source=rss
2026-07-29T19:55:31+00:00,Al Jazeera,False,False,"New investigation shows how an Israeli settler escaped justice",https://www.aljazeera.com/news/2026/7/29/new-investigation-shows-how-an-israeli-settler-escaped-justice?traffic_source=rss
2026-07-29T19:46:57+00:00,Al Jazeera,False,True,"Ice cream for education: Gaza cafe raises funds for studies",https://www.aljazeera.com/video/newsfeed/2026/7/29/ice-cream-for-education-gaza-cafe-raises-funds-for-studies?traffic_source=rss
2026-07-29T19:06:38+00:00,Al Jazeera,False,True,"Al-Shabab kills five Kenyan security personnel in ambush",https://www.aljazeera.com/news/2026/7/29/al-shabab-kills-five-kenyan-security-personnel-in-ambush?traffic_source=rss
2026-07-29T18:49:33+00:00,Al Jazeera,False,False,"Hindus take holy dip in India’s rivers on sacred holiday",https://www.aljazeera.com/video/newsfeed/2026/7/29/hindus-take-holy-dip-in-indias-rivers-on-sacred-holiday?traffic_source=rss
2026-07-29T18:42:11+00:00,Al Jazeera,False,False,"Bordeaux wildfire battle continues amid extreme heat",https://www.aljazeera.com/video/newsfeed/2026/7/29/bordeaux-wildfire-battle-continues-amid-extreme-heat?traffic_source=rss
2026-07-29T18:34:09+00:00,Al Jazeera,False,False,"Dr Anthony Fauci pleads the Fifth at Covid hearing",https://www.aljazeera.com/video/newsfeed/2026/7/29/dr-anthony-fauci-pleads-the-fifth-at-covid-hearing?traffic_source=rss
2026-07-29T18:07:55+00:00,Al Jazeera,False,False,"US Fed holds interest rates steady citing ‘elevated’ inflation",https://www.aljazeera.com/economy/2026/7/29/us-fed-holds-interest-rates-steady-citing-elevated-inflation?traffic_source=rss
2026-07-29T18:07:19+00:00,Al Jazeera,False,False,"Libya electricity blackout protests expose country’s failing grid",https://www.aljazeera.com/economy/2026/7/29/libya-electricity-blackout-protests-expose-countrys-failing-grid?traffic_source=rss
2026-07-29T18:01:57+00:00,Al Jazeera,False,False,"Fire erupts on ships at Egypt’s Damietta port",https://www.aljazeera.com/news/2026/7/29/fire-erupts-on-ships-at-egypts-damietta-port?traffic_source=rss
2026-07-29T17:56:49+00:00,Al Jazeera,False,False,"Japan earthquake leaves widespread destruction",https://www.aljazeera.com/video/newsfeed/2026/7/29/japan-earthquake-leaves-widespread-destruction?traffic_source=rss
2026-07-29T17:48:58+00:00,Al Jazeera,False,False,"South Korea’s stock market plunges as AI-driven boom fades",https://www.aljazeera.com/economy/2026/7/29/south-koreas-stock-market-plunges-as-ai-driven-boom-fades?traffic_source=rss
2026-07-29T17:45:27+00:00,Al Jazeera,False,True,"Iran pushes back against US as regional attacks heat up",https://www.aljazeera.com/news/2026/7/29/iran-pushes-back-against-us-as-regional-attacks-heat-up?traffic_source=rss
2026-07-29T17:40:14+00:00,Al Jazeera,False,False,"Democrat senators ask US SEC to probe Trump Media’s fast feed sale",https://www.aljazeera.com/economy/2026/7/29/democrat-senators-ask-us-sec-to-probe-trump-medias-fast-feed-sale?traffic_source=rss
2026-07-29T17:32:34+00:00,Al Jazeera,False,False,"Fauci invokes Fifth Amendment in heated COVID-19 Senate hearing",https://www.aljazeera.com/news/2026/7/29/fauci-invokes-fifth-amendment-in-heated-covid-19-senate-hearing?traffic_source=rss
2026-07-29T17:16:39+00:00,Al Jazeera,False,True,"Fuel prices soar on back of Iran war; leaving Yemeni labourers with no work",https://www.aljazeera.com/news/2026/7/29/yemen-construction-fuel-iran?traffic_source=rss
2026-07-29T16:43:37+00:00,Al Jazeera,True,True,"Is the world at risk of another energy shock?",https://www.aljazeera.com/video/counting-the-cost/2026/7/29/is-the-world-at-risk-of-another-energy-shock?traffic_source=rss
2026-07-29T15:46:20+00:00,Al Jazeera,False,False,"Ex-FIFA chief Blatter blasts plan to sell stake in World Cup to investors",https://www.aljazeera.com/sports/2026/7/29/ex-fifa-chief-blatter-blasts-plan-to-sell-stake-in-world-cup-to-investors?traffic_source=rss
2026-07-29T15:43:05+00:00,Al Jazeera,False,True,"Trump says US to deliver ‘beating’ to Iran after bases again targeted",https://www.aljazeera.com/news/2026/7/29/trump-says-us-to-deliver-beating-to-iran-after-bases-again-targeted?traffic_source=rss
2026-07-29T18:58:16+00:00,CNBC World,False,False,"Divided Fed holds interest rates steady; but three members voted to hike",https://www.cnbc.com/2026/07/29/fed-rate-decision-july-2026.html
2026-07-29T19:31:58+00:00,CNBC World,False,False,"Sam Altman to meet with White House's Wiles this week ahead of AI framework deadline",https://www.cnbc.com/2026/07/29/altman-white-house-wiles-ai-framework.html
2026-07-29T20:15:58+00:00,CNBC World,False,False,"Microsoft beats Q4 cloud expectations as full-year Azure revenue tops $100 billion",https://www.cnbc.com/2026/07/29/microsoft-msft-q4-earnings-report-2026.html
2026-07-29T17:48:00+00:00,CNBC World,False,False,"Apple shares just hit a record. Here's how trader Mike Khouw is playing the move",https://www.cnbc.com/2026/07/29/apple-shares-just-hit-a-record-heres-how-trader-mike-khouw-is-playing-the-move.html
2026-07-29T20:11:08+00:00,CNBC World,False,False,"Meta's stock drops on earnings miss; light revenue guidance",https://www.cnbc.com/2026/07/29/meta-q2-earnings-report-2026.html
2026-07-29T17:02:07+00:00,Guardian World,False,False,"Norwegian teenager guilty of travelling to UK to carry out contract killing",https://www.theguardian.com/uk-news/2026/jul/29/norwegian-teenager-johannes-kongsnes-natland-guilty-uk-contract-killing
2026-07-29T16:36:09+00:00,Guardian World,False,False,"Russia accuses Telegram founder of aiding terrorism in its latest online crackdown",https://www.theguardian.com/world/2026/jul/29/russia-accuses-telegram-founder-of-aiding-terrorism-pavel-durov
2026-07-29T19:10:32+00:00,Guardian World,False,True,"Hackers steal sensitive data from UK Department for Education and police",https://www.theguardian.com/technology/2026/jul/29/department-for-education-police-hackers-cybercrime
2026-07-29T18:15:54+00:00,Guardian World,False,False,"Brave New World or Groundhog Day? Burnham revisits old ground in speech on social care",https://www.theguardian.com/politics/2026/jul/29/patrick-butler-andy-burnham-revisits-old-ground-in-speech-on-social-care
2026-07-29T17:57:24+00:00,Guardian World,False,False,"Parliamentary watchdog decides against inquiry into £80;000 loan to Reform’s deputy leader",https://www.theguardian.com/uk-news/2026/jul/29/richard-tice-reform-loan-george-cottrell-investigation-standards-watchdog
2026-07-29T17:03:10+00:00,Guardian World,False,False,"TfL brings case worth up to £1bn against carmakers over Ulez compliance",https://www.theguardian.com/environment/2026/jul/29/tfl-1bn-pound-case-carmakers-diesel-ulez-compliance
2026-07-29T19:24:21+00:00,Guardian World,False,False,"Two people accuse Epstein of sexual conduct at Michigan fine arts school",https://www.theguardian.com/us-news/2026/jul/29/jeffrey-epstein-interlochen-center-arts-michigan
2026-07-29T18:07:40+00:00,Guardian World,False,False,"Fed holds interest rates steady despite Trump’s renewed calls to lower them",https://www.theguardian.com/business/2026/jul/29/federal-reserve-interest-rates
2026-07-29T17:33:09+00:00,Guardian World,False,False,"Trump to announce $22bn plan to rebuild Dulles international airport",https://www.theguardian.com/us-news/2026/jul/29/trump-dulles-airport-22-billion-dollar-plan
2026-07-29T16:55:54+00:00,NPR News,False,False,"'Taiwan Travelogue' rethinks history; colonialism; and identity",https://www.npr.org/2026/07/29/g-s1-136110/taiwan-travelogue-rethinks-history-colonialism-and-identity
2026-07-29T19:09:23+00:00,Reuters (via Google News),False,True,"Carney plays down idea of curbing Canadian oil supplies to US amid trade war - Reuters",https://news.google.com/rss/articles/CBMitgFBVV95cUxNY1RmNWVtSTJGb2ZCMkFSbEU2MHVQaTV0NkJSSWNxVW9KNFJVN3NlRnRoX2NRUDNZTUtvSlJNVEdiWHF0ajd0Mkd2VktnOUtyWnF4d2NPMzAtZVdvNV9tbmRpY3ViVDFLNHVVWWVUeDVjRnZlMUNjclNOS3RHbi1PVlIyYkJBMjJYRmw4OURwdEtIQnQ5Ykk1WHIwR0ZGSS1QYzJhalNOS2RlQ3paNC1pcERHandpZw?oc=5
2026-07-29T19:31:06+00:00,Reuters (via Google News),False,True,"Drone hits gas storage tanker at Egypt's Mediterranean port; Ambrey reports - Reuters",https://news.google.com/rss/articles/CBMirgFBVV95cUxPM3F5LWg3Mm9rYmlhejJpdzJqQW9SWnU1WHJRVm9iZ1p0TUpmRTR6Mk1JYXVUekU2c1VlTHI5bV9DbzIyejlvYU13Y2cxYU12WExOYzJoVmxsVzVoc2hiWkQ2ZWFUZ0EwZHBZZlZ1UnREZjZGc243TlQtMXVKcDQ5bUpEaDR2Tmo5eTJkdlJhSXMtZ0U2cnk0OWNLLU50YlBjbnZrei1FVm9CYWw5cUE?oc=5
2026-07-29T16:17:43+00:00,Reuters (via Google News),True,False,"Eni eyes fast development for Venezuela's oilfield Junin 5 - Reuters",https://news.google.com/rss/articles/CBMiqAFBVV95cUxNV2hDWk9ndldCeV91d2VJTzNpd3B6RHVxZlBsTzdvbEpybzB3cWM4WXJ3dGI3OHZfbThiNkV1cUg1QW9JMEpMeFNuWXowcjE1Z2E5M0tRcVJORVdUWUlMbThDLWk3a21KUm1mUmREamd2S0p0VUpCbkhmeUNmWmlFWnpuNXlXWjdWRXZRV1M0ZXFJM3EzUXpNYWpjWmhTTEV5QkxPbW5fbDA?oc=5
2026-07-29T11:41:45+00:00,Reuters (via Google News),False,False,"Pound steady ahead of Fed; BoE policy decisions - Reuters",https://news.google.com/rss/articles/CBMikgFBVV95cUxQdE9mbUNKYnJwV19LNUVxbXFjOTVCa1dHTDFLclM5cUlUampiMU1McjAwNlNPbVVRSTMwcGYzZ2xVandBRGNUWDgtMDMxUDNrNGtMRUM0dWN5ckZlZGxBUmZOTURIRlRmMEhfMlVXeHNJSzVodE9PeE5SVnEta2NrMDdXemN0dDM0dnN0Wm5WclBDZw?oc=5
2026-07-28T09:52:09+00:00,Reuters (via Google News),False,False,"QatarEnergy extends force majeure on three LNG cargoes; Edison says - Reuters",https://news.google.com/rss/articles/CBMitgFBVV95cUxQcjFoVURwU0tFbHNSWWZTcVp2UTdVazl1MFRFdkFHR1VXdklMWHpsWVhFSXc2ejJzRGM1UC04U0RPeW9zZUxtVE1vZFV4WDRaUFRCWHN5MzhSVUtuWXpjamdNTmNXRTFVWjZSM29yak9pQll5b3JSYXUtWm5sUjRHeXNwRl9rWC1EUlNvWDFCaVBtbm5MS29IZnVYWUI3VmRPN0ZZVEhhN3p1TFlJYzU1SlMtUWdUdw?oc=5
2026-07-29T18:03:41+00:00,Reuters (via Google News),True,False,"Shell; Phillips 66 weigh sale of stakes in $3.5 billion US pipeline Explorer; sources say - Reuters",https://news.google.com/rss/articles/CBMizAFBVV95cUxPcmVteVEtMDIzNmZtWXZaazhlYk05MmRTR0ZfS1J5TmxMQlRkTm85VDVWcktLLXQ0WHp2aXBmdGRnMmVHVmhLNTMyWkVERmRHQ1B1MWRCYnJMdzlUYlp3Mm5BOGFXT1BydmNuMENRYzVUdHktQmxfZzlIUmc4WG55NG1nTU50QzNUWUNJbm00Mll0eUh3M0RKcEpkUXprcXdwNnBhODJFRE42Y213ZHh3bUJiOXdabFhySVExVjRndUIxN3BTQnp1VXBITi0?oc=5
2026-07-29T23:00:00+00:00,OilPrice.com,True,False,"U.S. Backs Madagascar’s Rare Earths Project",https://oilprice.com/Metals/Commodities/US-Backs-Madagascars-Rare-Earths-Project.html
2026-07-29T22:00:00+00:00,OilPrice.com,True,True,"Low Gas Storage and Diesel Shortages Threaten Europe’s Winter Supply",https://oilprice.com/Energy/Natural-Gas/Low-Gas-Storage-and-Diesel-Shortages-Threaten-Europes-Winter-Supply.html
2026-07-29T21:00:00+00:00,OilPrice.com,True,True,"Cooling Emissions Are Set to Triple by 2050 as Heat Waves Intensify",https://oilprice.com/The-Environment/Global-Warming/Cooling-Emissions-Are-Set-to-Triple-by-2050-as-Heat-Waves-Intensify.html
2026-07-29T21:00:01+00:00,Rigzone,True,False,"Aramco Mulls New Oil Pricing for Asia",https://www.rigzone.com/news/wire/aramco_mulls_new_oil_pricing_for_asia-29-jul-2026-184245-article/?rss=true
2026-07-29T21:37:00+00:00,Google News: Crude Oil,True,False,"Longworth Hall partially deconstructed for Brent Spence Companion Bridge project - WLWT",https://news.google.com/rss/articles/CBMilAFBVV95cUxOQ05kZ2NQbmtHd01XU3Uxa3pzaGVBWEVEeTBrVGE2bTc0RmJGbEc3TFo4RkdTWkdGUnU0ZnFkTUpJRlZZZ3RzdjhnalB4M2JWRzdUa1lwdUF5SDdCLU9MNHpXWWJfcHJaQ0xJZXlOVmVpRmVDOE14TU9HM3UwWXRfNlRld2dMNkFNV2IxeUktY09GdFND?oc=5
2026-07-29T20:05:30+00:00,Google News: Crude Oil,True,False,"The Day with Brent Goff – Troop Boost for Russia - dw.com",https://news.google.com/rss/articles/CBMiiwFBVV95cUxNd0xUWUdEcnB4NHhMb2dULVgxd1hmTWwwdjdKUHpVM01GWC1zbmdmRVF2N1FLbjVPdll0anJGQjc1QXpwQWZQZlJCSDhuNlkyalpvRkJld2VNODJVRTNiUWNkZ2lPaC16ME5scFNuLU9iZUdtVWgzaW4zRElvRFVhQ2JsU1NRbV9zYkVR?oc=5
2026-07-29T21:01:57+00:00,Google News: Crude Oil,True,False,"Brent Barham - Ozark Radio News",https://news.google.com/rss/articles/CBMiWEFVX3lxTE9CVHJwUm5VRF9nMWRpODg1VG5zLVN0cmNyQk9QMjl1NkxGNWlhOXpOYXhfbmthc3JGUlY0c3I0WDAtbXljUjQtczJSVWJ2MTVENnVhdkk5VjI?oc=5
2026-07-29T20:40:55+00:00,Google News: Crude Oil,True,False,"Jefferies' Brent Thill: Meta report was 'trifecta' of things that could go wrong - CNBC",https://news.google.com/rss/articles/CBMiuwFBVV95cUxQbXdZRXc1NmlibnRGOEZ2bUlSOEdvWDRhWHVkZDNPemZTU2VsSjhuNHV3RkYzMUVDdGpmaEt3TFF5TkFEUlk2SEd3VzVVMG56Ni0zaXBZS0tkQTZpekw1dVFOQldLOVNmMWRXOVgybGZQMXQtellUUHJEX3NPWXlTRm1xWDhKR0hQVnQ5VEE0dWIyY0lwbWtob0VHQXRIWWJBZzZaVFUyZ0ZkLWRZTkpfdzFkS0dCYko0RHVV?oc=5
2026-07-29T22:44:00+00:00,Google News: Crude Oil,True,True,"Why the USO oil ETF is a better buy than crude futures as the Iran war rages - MarketWatch",https://news.google.com/rss/articles/CBMiuwFBVV95cUxORWw5ZWQ1OXVFMElZQ29HVU1vc2NydW1IUTZfOC13UEhHZnkyYnMwRmppem9RdmdPdzJ6NnRVNUtoUnRIclB0M2VkTHhyZG9iakVxYnp0djFobW1PUEFYOXhJcjdnbk56TkVKOVNXMHFSNnRxUGR5Z0JyTncwMGMtYWlJZ2VHZUduRjlxWGVnWHk3U3NPYk5XVkVjY3ZvT2VOVE1kTldJS0FzNkhQcUFKOGg1X0hqUk5GZy1v?oc=5
2026-07-29T15:15:38+00:00,Google News: Crude Oil,True,True,"Dow Tumbles Over 850 Points – Trump's Latest Iran Warning Sends Crude Oil Prices Soaring Ahead Of Fed Decision - Stocktwits",https://news.google.com/rss/articles/CBMi1gFBVV95cUxOY19HT0ZOSkdmNnFVUEF4dDZabTlIWlMwRTJjYUw1VTd6T0w3RU1FdTlySENZMWJWLU85b0FTaFM5eS1NMjgxODEwaXFDOWJLTE4tQXN0ZE1RcWdfbGdsU1lBWGpzNXlsd1lNTHNFOHdNdnQ5dVhVaXoyWV9iMGVTRThyc3hYUXR3WW1aOWR3S0QtMGdUSjRTTWJDZFZ1WDFKZGdxcF9mYUZQQlBKdnpDQ1RhT290V0tvbVhkalRRTjY3MkYtdEtnRFZnZVNLVDBvSnNPbmN3?oc=5
2026-07-29T19:48:03+00:00,Google News: Crude Oil,True,False,"Brent Above $90 - TradingView",https://news.google.com/rss/articles/CBMic0FVX3lxTE5hYWxjbkpRdlBXaHFyWV9NRXBKY2Z3dHRxbm5NZkNsY0FITW4yUDB2alcwRzFheno4cjJVUmh5U0VoNjl3anFRLU1HblQtT2lwTEVxNjI1cW9XbTlYc0VadUFmWERyb1hMWVh0YWw1eUxqOWs?oc=5
2026-07-29T13:15:00+00:00,Google News: Crude Oil,True,False,"Vivakor Updates Guidance of Crude Oil Marketing Platform to Approximately $1.5 Billion Annually - GlobeNewswire",https://news.google.com/rss/articles/CBMi-gFBVV95cUxOZklmbTZHbUliLUZZZGRjakYwVjRrOEI3VHA3X19kOHpTRDhFc3UyamtpRkhwZFI3SU12S1RSVXVUbWxYZC1FdUV0a25MOGZEdXhIdndfdElXanpLWXhaT1A3UGlBZExvYmF2MGI1bmVuMnFWdnpVRGpGZHVsd2kzT2l2MkFfMmF3REhSQk13NG12c2NXcmh4MW5LekM4TjY2VzJEVTd0eUpidDYzLVBaYXJ3MElnNnYtSlZUVUI4cXBFQVZkcHlRRVcySm1ING4yWXV4ZmlrZGQ3aHF0QXpKMGw5R0FwYVZBZjk0QXpkU1FMa0IxWi1lU0Rn?oc=5
2026-07-29T12:22:19+00:00,Google News: Crude Oil,True,False,"$Crude Oil Futures (SEP6) (CLmain.US)$ $PCHEM (5183.MY)$ - Moomoo",https://news.google.com/rss/articles/CBMijwFBVV95cUxQR005cHgxTEt3b2VrU0N3MVFhRW9OeUFDN0g3ZGVkUC1MNlNJb2xjUFRLdHBFaUF1cnFqUV9WZmNBdzFmZnNkS1RlMG1KWl9kWHJvbzQ2bkxoSTBjSkJuZHgxclZlYUkzUW96Z3BoZDFDNmpFd0ZObWVaQWctOG5yRzNxUUI0QXp6UnVyWlQ3cw?oc=5
2026-07-29T21:36:50+00:00,Google News: Crude Oil,True,False,"Longworth Hall partially deconstructed for Brent Spence Companion Bridge project - Yahoo News Canada",https://news.google.com/rss/articles/CBMijgFBVV95cUxOVWtnXzNWMm9LVTQ2Wlg3WXRhY2ZmdVI4clFMODlQZ3dZTlFtSkdBZ0lLMVVBLXhFQmI1a2hCXzdhb3hJYnpma0lMcmY1WEJYV0FQQ0hsUm0tNG1Ccm1ULWEzVWFqVjRMSzdLTFh0a0U2U25YNnl0ZFZjZENINWZ4RHVJUHdVZDlFRC1ab1FB?oc=5
2026-07-29T21:51:36+00:00,Google News: Crude Oil,True,False,"International oil prices surge as Middle East conflict resumes; Brent closes in the $90 range - mk.co.kr",https://news.google.com/rss/articles/CBMiU0FVX3lxTFBIQ0Z5ekR1UFhQSFRac1VJeXBBeThrY21KaE1EekFrbUpNaXlfQ0M2cllCXzBsQko2Ti1OZXo5Q19rbmhBYU9zS010RXBwclJKR1dj?oc=5
2026-07-29T14:38:16+00:00,Google News: Crude Oil,True,False,"Crude Oil Inventories Drop Sharply; Surpassing Expectations By Investing.com - Investing.com Nigeria",https://news.google.com/rss/articles/CBMiuwFBVV95cUxNZ2ZXSEZxdWVnVjFjaGNXMmhfTk9lWm5UcldxZWx3cFNLRFVJczJTRXR5VVZnZFZfQjk0blAtcDZrWlVQdFVTM28zcDczXy04X2tmSHBjWXZvMzZSV2I4SjVuVnQ1TUFMQk5RTXJleVNfT1BwMW95U2g4TV9kOWtrOUl2VVdQZU8tVkpPNXhQdHJjbXJlM3dORjlIR1EyVnVsMjE1eVBIWjVTYnhVS3FRMmFnYlVjdnlra2k4?oc=5
2026-07-29T17:30:21+00:00,Google News: Crude Oil,True,False,"Oil Prices Jump As US-Iran Tensions Lift Energy Stocks - Finimize",https://news.google.com/rss/articles/CBMiiwFBVV95cUxNMEd1c1B0YmNFTDlhU0RRVXdwNlZZV3ZXeThqSzk1SzBJTFpGeV9nOFNzV0JHSVpBbDdXcXFYdXBUN1JSSVV0OHhXYXVYMWF2QWw4YXlOQjlKWTM0RktWWUUxd0poUG5ST21FTnF0R05ma2hUVEd4Q2RjREhCNE1lZUdZb1BKRE9vcDhz?oc=5
2026-07-29T06:03:40+00:00,Google News: OPEC,True,False,"OPEC+ plans to halt oil production increase; oil prices surge sharply - ChemNet",https://news.google.com/rss/articles/CBMiUEFVX3lxTE9nazlyZHBKMUZWbnFIWS1iZ3ZhVVRDcWFXUzJVWHBZTlJHeWh5NXNOenBTb0FQSW9yMVFkbmZWYmJlRG9xcm1LTzBwZ29tYVF1?oc=5
2026-07-13T07:00:00+00:00,Google News: OPEC,True,False,"OPEC further lowers 2026 global oil demand growth forecast - Reuters",https://news.google.com/rss/articles/CBMirwFBVV95cUxPZU5MOHBacUxNbU1jV2Z6ZlJhVlk0TFdfa2MxRjlRTXpvTkRvVHdneFhfakxTakNyMnVTUTFVTy1Nc254X0VCaWQxdjJ2YTlxYmRDOFdxeVZVWkRidVAzMVZMRkd3SWpIVmw2X01KVFJfSHFmdW1rZVc5ejNkeUxBU25kTVU0U3pXVEZMdHpHLXJGclRyS2g5OGMzaFFxMWdnVDdQMGZ4bnhjdmpkX0tr?oc=5
2026-07-29T20:21:46+00:00,BBC World,False,False,"Zendaya on working with Tom Holland in Spider-Man: ‘When you’re best friends it’s easy’",https://www.bbc.co.uk/news/articles/c0km3d2j6mko?at_medium=RSS&at_campaign=rss
2026-07-29T22:15:33+00:00,BBC World,False,True,"Salman Rushdie attacker convicted of terror offenses",https://www.bbc.co.uk/news/articles/c86ng1g5wy4o?at_medium=RSS&at_campaign=rss
2026-07-29T22:08:29+00:00,BBC World,False,False,"The Chinese robot army transforming the UK's retail industry",https://www.bbc.co.uk/news/articles/c0jl8v23qwgo?at_medium=RSS&at_campaign=rss
2026-07-29T22:50:14+00:00,BBC World,False,False,"India's CJP protests: Why tech alone won't stop exam paper leaks",https://www.bbc.co.uk/news/articles/c1m1gz1nx45o?at_medium=RSS&at_campaign=rss
2026-07-29T23:34:26+00:00,Al Jazeera,True,True,"Saudi Arabia seeks international coalition against Houthis in Red Sea",https://www.aljazeera.com/news/2026/7/29/saudi-arabia-seeks-international-coalition-against-houthis-in-red-sea?traffic_source=rss
2026-07-29T23:30:22+00:00,Al Jazeera,False,False,"Nicaragua’s Daniel Ortega aims to bar ‘traitors’ from future elections",https://www.aljazeera.com/news/2026/7/29/nicaraguas-daniel-ortega-aims-to-bar-traitors-from-future-elections?traffic_source=rss
2026-07-29T23:29:24+00:00,Al Jazeera,False,False,"Israel slams Canada for statement opposing West Bank settlement expansion",https://www.aljazeera.com/news/2026/7/29/israel-slams-canada-for-statement-opposing-west-bank-settlement-expansion?traffic_source=rss
2026-07-29T23:25:37+00:00,Al Jazeera,False,True,"Trump appeals $83.3m E Jean Carroll civil verdict to US Supreme Court",https://www.aljazeera.com/news/2026/7/29/trump-appeals-83-3m-e-jean-carroll-civil-verdict-to-us-supreme-court?traffic_source=rss
2026-07-29T23:10:15+00:00,Al Jazeera,False,True,"Iraq calls Saudi-US attacks a ‘flagrant violation of sovereignty’",https://www.aljazeera.com/news/2026/7/29/iraq-calls-saudi-us-attacks-flagrant-violation-of-sovereignty?traffic_source=rss
2026-07-29T22:27:35+00:00,Al Jazeera,False,False,"Sam Altman meets lawmakers on back of OpenAI agents hacking companies",https://www.aljazeera.com/economy/2026/7/29/sam-altman-meets-lawmakers-on-back-of-openai-agents-hacking-companies?traffic_source=rss
2026-07-29T21:46:22+00:00,Al Jazeera,False,False,"Is FIFA selling parts of the World Cup to private investors?",https://www.aljazeera.com/video/newsfeed/2026/7/29/is-fifa-selling-parts-of-the-world-cup-to-private-investors?traffic_source=rss
2026-07-29T21:29:33+00:00,Al Jazeera,False,False,"Myanmar court sentences activists to 37 years over election protest",https://www.aljazeera.com/news/2026/7/29/myanmar-court-sentences-activists-to-37-years-over-election-protest?traffic_source=rss
2026-07-29T21:20:42+00:00,Al Jazeera,False,False,"FIFA charges Argentina after World Cup final brawl with Spain",https://www.aljazeera.com/sports/2026/7/29/fifa-charges-argentina-after-world-cup-final-brawl-with-spain?traffic_source=rss
2026-07-29T21:18:24+00:00,Al Jazeera,False,True,"Trump threatens Iran strikes after attack on US base in Jordan",https://www.aljazeera.com/video/newsfeed/2026/7/29/trump-threatens-iran-strikes-after-attack-on-us-base-in-jordan?traffic_source=rss
2026-07-29T20:31:10+00:00,Al Jazeera,False,True,"Videos show aftermath of US-Saudi strikes on Iraq PMF bases",https://www.aljazeera.com/video/newsfeed/2026/7/29/videos-show-aftermath-of-us-saudi-strikes-on-iraq-pmf-bases?traffic_source=rss
2026-07-29T20:11:54+00:00,Al Jazeera,False,False,"Trump’s attorney general pick faces possible Republican roadblock",https://www.aljazeera.com/news/2026/7/29/trumps-attorney-general-pick-faces-possible-republican-roadblock?traffic_source=rss
2026-07-29T20:09:26+00:00,Al Jazeera,False,False,"Algeria elects first-ever woman speaker of parliament",https://www.aljazeera.com/video/newsfeed/2026/7/29/algeria-elects-first-ever-woman-speaker-of-parliament?traffic_source=rss
2026-07-29T22:54:09+00:00,CNBC World,False,False,"Here are the five big takeaways from this week's Fed meeting",https://www.cnbc.com/2026/07/29/here-are-the-five-big-takeaways-from-this-weeks-fed-meeting.html
2026-07-29T23:10:46+00:00,CNBC World,False,False,"The U.S. wants Asia to use its AI — but China dominates cheaper models",https://www.cnbc.com/2026/07/30/us-wants-asia-to-use-its-ai-but-china-dominates-cheaper-models.html
2026-07-29T23:09:42+00:00,CNBC World,False,False,"OpenAI CFO Sarah Friar tells employees that annualized revenue in July topped all of Q2",https://www.cnbc.com/2026/07/29/openai-cfo-sarah-friar-tells-employees-arr-in-july-topped-all-of-q2.html
2026-07-29T21:22:20+00:00,CNBC World,False,False,"Starbucks stock jumps as coffee giant raises full-year outlook",https://www.cnbc.com/2026/07/29/starbucks-sbux-q3-2026-earnings.html
2026-07-29T20:50:39+00:00,CNBC World,False,False,"Meta’s Reality Labs lost over $4.6 billion in second quarter",https://www.cnbc.com/2026/07/29/metas-reality-labs-lost-over-4point6-billion-in-second-quarter.html
2026-07-29T21:19:52+00:00,CNBC World,False,False,"Qualcomm to raise prices during memory crunch as chipmaker issues light earnings guidance",https://www.cnbc.com/2026/07/29/qualcomm-qcom-earnings-report-q3-2026-.html
2026-07-29T23:23:52+00:00,Guardian World,False,False,"Australia news live: McCarthy welcomes ‘milestone’ as one Closing the Gap target reached; three dead in Sydney house fire",https://www.theguardian.com/australia-news/live/2026/jul/30/antisemitism-royal-commission-nsw-icac-inquiry-closing-the-gap-data-torres-strait-climate-appeal-anthony-albanese-labor-angus-taylor-coalition-ntwnfb
2026-07-29T21:30:43+00:00,Guardian World,False,False,"Trident renewal central to defence spending; says Andy Burnham",https://www.theguardian.com/politics/2026/jul/29/trident-renewal-central-defence-reindustrialised-britain-andy-burnham
2026-07-29T21:26:49+00:00,Guardian World,False,False,"Meta misses earnings forecasts after Zuckerberg media push to promote AI",https://www.theguardian.com/technology/2026/jul/29/meta-earnings-mark-zuckerberg
2026-07-29T21:19:04+00:00,Guardian World,False,False,"Senate unanimously passes resolution opposing pardon for Ghislaine Maxwell",https://www.theguardian.com/us-news/2026/jul/29/ghislaine-maxwell-pardon-senate-resolution
2026-07-29T20:21:31+00:00,Guardian World,False,False,"Todd Blanche’s US attorney general prospects in question as vote looms",https://www.theguardian.com/us-news/2026/jul/29/todd-blanche-nomination
2026-07-29T20:28:50+00:00,NPR News,False,False,"The race is on for the next United Nations secretary general",https://www.npr.org/2026/07/29/nx-s1-5909162/the-race-is-on-for-the-next-united-nations-secretary-general
2026-07-29T20:22:26+00:00,NPR News,False,True,"Latest Mideast strikes between U.S. and Iran draw Saudi Arabia into conflict",https://www.npr.org/2026/07/29/nx-s1-5911806/latest-mideast-strikes-between-u-s-and-iran-draw-saudi-arabia-into-conflict
2026-07-28T15:56:52+00:00,Reuters (via Google News),False,False,"HF Sinclair posts highest profit since 2022; plans lubricants unit spin-off - Reuters",https://news.google.com/rss/articles/CBMinAFBVV95cUxOUHN6ZG1ac2tBb0pQMUVuODRhM2phdmJKLWtHeTJ1N0J4OUoxdW9jb0hTT3RHSktxdmNBd3VXT1JLck83TTJHUzNYRDd5cFExakQ1dEFMTkZSZENrU1R1REN2emhoQ21HQS1kZTZDQVZNSHVIbGJKek1PLXE1UW91djlUMU92bmJsWmR0OGdWbjhTZnhqUm9taE55dEI?oc=5
2026-07-29T20:38:42+00:00,Reuters (via Google News),False,True,"US issues new Iran-related sanctions targeting insurers; more tankers - Reuters",https://news.google.com/rss/articles/CBMiuAFBVV95cUxOUHg0N2g3a2l6LTNFemIxenZFVEI0Unk4dnROM2JfZ3lPYXR4c2IxSFNOMG5ZM1EzdEEzeS1ETTVIbmRRTmRNMzZucTMyQU1xa0ItRWh1N2tDREZ3dDhBVGxITEphNkdlbVd1VWhWQmU4N25QZTE5Qk9vbHFQMkVDc1pqVUFCX0F0cFVqVVBlTjM4R2t2S2xuRDBlcTcxZ1F2ZGE5cDdLNmxNd3FQMDdrazZMbC1JRnlI?oc=5
2026-07-29T15:15:42+00:00,Reuters (via Google News),False,False,"P&G forecasts slower annual sales growth as costs weigh - Reuters",https://news.google.com/rss/articles/CBMivwFBVV95cUxOTVlabFc3V21RS1FwOF9VeGZBVURYZDBUT2xtYVl6REljNEhMQ1VnVVZ2ZzBuWkUzcGJTaEJuZ0luNEh5bHp2MWFaMDFGSlljcGZsb2xGMGZQYU1JaHRWMlgzWXdSZjh3eDUtSnBzdS12Y0RVMkxfejR2UU5PRlRMREI1UXBGczJnNk9LbE1nMGFNem5XMzM0T1FacEo5M2JORGZXY3NhZm5STWl0N0tldDRhRHZFeTdZOXNIbFFjdw?oc=5
2026-07-30T07:30:00+00:00,OilPrice.com,True,True,"Qatar Sends First LNG Cargo Through Hormuz Since Tanker Attack",https://oilprice.com/Latest-Energy-News/World-News/Qatar-Sends-First-LNG-Cargo-Through-Hormuz-Since-Tanker-Attack.html
2026-07-30T06:10:00+00:00,OilPrice.com,True,False,"Japan Buys Rare Canadian Oil Cargo",https://oilprice.com/Latest-Energy-News/World-News/Japan-Buys-Rare-Canadian-Oil-Cargo.html
2026-07-30T04:01:09+00:00,OilPrice.com,True,True,"Oil Prices Slip Despite New Attacks Across the Middle East",https://oilprice.com/Latest-Energy-News/World-News/Oil-Prices-Slip-Despite-New-Attacks-Across-the-Middle-East.html
2026-07-30T00:00:00+00:00,OilPrice.com,True,False,"Investors Are Racing to Find America's Next Rare Earth Winner",https://oilprice.com/Energy/Energy-General/Investors-Are-Racing-to-Find-Americas-Next-Rare-Earth-Winner.html
2026-07-30T07:59:18.660276+00:00,Investing.com Commodities,True,False,"Bitcoin falls to $64k amid rates; Iran jitters; Strategy earnings on tap",https://www.investing.com/news/cryptocurrency-news/bitcoin-falls-to-64k-amid-rates-iran-jitters-strategy-earnings-on-tap-4822491
2026-07-30T04:07:29+00:00,Google News: Crude Oil,True,False,"Big Sky Kickoff 2026 – Montana State head football coach Brent Vigen - Skyline Sports",https://news.google.com/rss/articles/CBMimwFBVV95cUxNaFRyU2JDMzVOeHlnd2RRUmZfM1NfN3hJSXJOeTFPQmpxRmtrcld6MzVpWjdDRHBhR1lYd0dBZGlGUGJvSUMwRlhmQV9SeDZXcWE1U1NsVUs4RkY0cHh6NzFQNzdmMjUyV0ZvNW9OYjBPcjB0UGVUMnpRcXVaSDRJSEtKUEp3MmU1LWxZMG9meTI1ck9IVVpIVXZIaw?oc=5
2026-07-30T05:00:00+00:00,Google News: Crude Oil,True,False,"A Matter of Trust – Variations in Crude Oil Quality Make On-Spec Delivery Critical for Global Refiners - RBN Energy",https://news.google.com/rss/articles/CBMisAFBVV95cUxNVC1JOVFuOWItaERQLUJ6d1dXcG16TE5PNUJJZThVV2pzVENyQW41cWdnOFJCZVo5WkFpYkpiUl8zcG56MUUxNTNxYWI0czU5aTAxblVXT3NnUjR0ZXphR241bGd5S2FrRm53YUdwSnR4bGpjS0FTWU5qTC00TkhNcC1kTll0ajlGQzZGcWVQVE9uaC1fSld3V2IzWWowc0ZXMmJ3elJaUUVsM2dQU1RuLQ?oc=5
2026-07-30T06:55:30+00:00,Google News: Crude Oil,True,False,"Why Global Diesel Markets Have Stopped Following Crude Oil's Lead - StoneX",https://news.google.com/rss/articles/CBMiowFBVV95cUxOLWNXclhvUXg2a21uTW1aWnVUbzBrdjZKdndoWC1idGx4Wk4tUkN5LWlYV3BKT045MjZfYXF2RDZoNjZEVmdNcXFoWXFyMlA5d1l3Y0xVemRsRlVPbDdjcUktUlVtdUNfMkdaQVlDa3ZVX2o3TWw2NktUS0NRQjF2TlhBVXkxTVBVaUtrTXkwMjVtRU56bXBkQ3h4RG5TUW5wQVpN?oc=5
2026-07-30T01:45:14+00:00,Google News: Crude Oil,True,False,"Japan turns to Canadian crude as Asia feels Hormuz supply pinch - Al Jazeera",https://news.google.com/rss/articles/CBMipwFBVV95cUxNTkhsbEFVaUZpd19Zb1ZFSS1KSGJyU0lEM3hqTmUzRU1LMFFudXpWNXhUcVNTTmxnR3lOaFBvcnpiNlBodlFpdy1ZTjI3UXRfeHlJaFkwQ2I4bGVJMGFraXo5eUl5akR3WU5zWkJQVzh6MzRFeG1RZktkNHA2bHpCNmVZU0JnTmREQUxCUDIzSEVSaDBLM2tDZlRtNlpuSURjNlBkRm9Bc9IBrAFBVV95cUxOYVJsaGdFM0FSZkJfRXNBa2hXUjZJVTY1UnBTSVVYdGRLWHc3cHlCZHdkcTFNYV9GNkpUR3NDY3lrX09xX01NVVdaV2JYUmtSY3ZlY2N0cVBMOG9Ya2ZlMWRpTUVSSXZReU9XaHJjMnNQbkFLUmRlZ1Z4ZHdNQ2VvdFlnT3pFa0c3Mmp3R1c4NlgwRHVzclBOMzQ1bkxnUnJXNTdfTFhJMUNsM1Aw?oc=5
2026-07-30T05:28:17+00:00,Google News: Crude Oil,True,False,"Oil slips as markets look for cues on Gulf supplies - WTVB",https://news.google.com/rss/articles/CBMiogFBVV95cUxQTmVWYjYtNm01WkdFaTkyNHYxMmxQZ20wZEZpU0ZOaWY1V1BsSHlkbmxTWW92T1pqeVRtVUJLR0k2akZZbWd4R1NZYzVGRWwxTjlxZkxXcXg5X2VHbGptODhybXkwWER6ZzJvV2lPZWZKTi1qWWc0S0NvM09QbkZVdUZkb190Mk41WXlqY2tCTk5pRXV0bWoyYXZEQjJQMGZEYnc?oc=5
2026-07-30T04:30:00+00:00,Google News: Crude Oil,True,False,"Blairsville native; Broadway musician Brent Alan Huffman to play 'silent' concert - Indiana Gazette Online",https://news.google.com/rss/articles/CBMi9wFBVV95cUxQZVFyWjZBanZLRmRrVzZEcWNlUkp6NGxHWjliU2VFWlFfcU1tU3FuTWEtQzZNejRROTJrdGtlY291eS1MVVotbW1IU3Bxal9yQkMwZ3c4X05wTEhNTTMwcm9hUlNpbHpmWjlhWFpSMDBrOVdTOWdrNlZ6TGlpVnZBTllobi1jbkg2XzZyM255NEw0NVRxaGZNZmhfTTR1bWI2cGVaSk9nSVlBSHJxb0lTM1hPTkVsbXBuMTNFMGlBX2R1d1ZVaVpZS1FTVFY2azk1bnE1QnpaLVFPZHFrQ3hGT205TGtxbUk4cHZTXzdUclZVYzdIYXhF?oc=5
2026-07-30T06:04:55+00:00,Google News: Crude Oil,True,False,"WTI Drops Below $83 Despite Geopolitical Risks - TradingPedia",https://news.google.com/rss/articles/CBMijwFBVV95cUxPbWdxOFZFb1pnamxBNjhhSFVqOEV3emhBbHRQbUNpU3pSYS1OSFhfSHpFRzM0eldDdHJoMVZYaDNwLUE4SjdCWXFRYWotR3dmc1B0SXlSVTdhSERvWXVMNkVCbWd6VmlKZ3BNeUFDWW1CUUR3NWFMMnY2QkxoT3M4bUNWcUhIMG4zeTVkOV9Ycw?oc=5
2026-07-30T06:31:03+00:00,Google News: Crude Oil,True,False,"EIA reports a big draw in US crude oil stocks - engine.online",https://news.google.com/rss/articles/CBMiiAFBVV95cUxPY2x1Q1czSk4wblNpbE1uOG9VV0hLck5aVGh0U09HVUlKdkhtTEtxbHBkQXhVdkxtSFF5bWdSZHJ3RmktOS1nckxuWTkxTjRaRV9ScjQyYm1FaWp6bTRKNHNBRWMxSGFNT3lyazZ6Rmx1TnJKc3M1TFAwZFE0UE9NUTZVdDJ1WlVt?oc=5
2026-07-30T01:37:05+00:00,Google News: Crude Oil,True,False,"$Crude Oil Futures (SEP6) (CLmain.US)$ By end of year .Probably we will lost SpR cushion forever. - Moomoo",https://news.google.com/rss/articles/CBMiowFBVV95cUxNOEM0R0UyUVZEdzEzRnc4TC1GX0xvbVdkbFpIREc1aTdvZlBoc2dYQVF6M25IVHI2bkxtUnpicU9WcUFUNGtDVXpNQVBXYXViU3FCMndQWU1QanBQQ1JCVFNZVGhSZnJVcVVQQ3BkWW9iYVlqM1AyMEs1ZktCWTdBcmVNSFFyNVl2UXE2ZkpXVnMyYy1CMFljMk43RzRlQlhUNXp3?oc=5
2026-07-30T07:05:25+00:00,Google News: Crude Oil,True,True,"WTI Oil extends gains beyond $84.00 as US resumes strikes in Iran - FXStreet",https://news.google.com/rss/articles/CBMiqgFBVV95cUxPbHNUenhMWUhkNklWYi0zNXp6VHBmQmxZTF9IZ0JKVUd0RFdzQjJBZ3VoYVBsQ0gyUENXV3o2dWZrLWlTSWV6WlRROUhBSUxPazJEMllETndORS1WY0pzTXlibDl2NFR2SEpJaFppblBZU19nLUtadExIS2JmMllia0Y2QjhHNGM4WTVQTmxWLUNYbDF1MHFCbmE5dU4xWVBNbUtjOUFIcnhpZw?oc=5
2026-07-30T06:53:22+00:00,Google News: Crude Oil,True,False,"Can WTI Crude Oil Break Above the $85.00 Resistance? - Investing.com",https://news.google.com/rss/articles/CBMimgFBVV95cUxPdUh6b3pjSzdROUsta3FWWXM0Rm16MExQZFVHbi1OZ0NfODBwaW1UZ0FqX3RCWU1XMEh1UVZLNTJPdnBqY3o1RU51Vi1nYkRnZWlWZDJqS01mdzF4V1Uyd2Jnc2pZdDBZZ0Z4S0tZMjBBSUtWcjFqRWtPdldTbUg3Z0c0WGNzX25xc2xVeGFSdGszTDNfR3k0elNn?oc=5
2026-07-30T02:20:00+00:00,Google News: Crude Oil,True,False,"Oil Price Forecast: WTI Rebounds as Brent Eyes $100 Amid Supply Risks - FXEmpire",https://news.google.com/rss/articles/CBMiugFBVV95cUxOX2JYR2JCUjBieVAxU2Q0WTJmSzhEN1JiSU9fUTNMaHhoeVQ3VjBVcXc2YldodGZkSjNWSTgyMEJPdWdPSjlfd2ZWMGpVeE9YSml6VnFmWndlc2pyaHVlUTRpUTgyd3AzM0pySjE5YWhhYmI2d3ZWaEdoZG9sRVpyZkprUW1zaFdwdGhxOV9CV29Kb3k1MUktekV4QWZtME5STU8zUnN0djAtT2p0WUtvcVB2T0RPaDgweFE?oc=5
2026-07-30T02:52:07+00:00,Google News: Crude Oil,True,False,"Oil futures: Brent close to $90/b as Mideast tensions remain high - Quantum Commodity Intelligence",https://news.google.com/rss/articles/CBMiqgFBVV95cUxQaEMzTkFxSmxRcG9WVE1CWkE2MEw3T2pPU0IwNlc2TXFDdjltT0dLdEhadktvaVhVUVppOGFhNTQ3cGg1cWtDdkVnWXFmWGVWNGdJem5acUd5eE5JSlh6enVVVkVpaTFMUUY4UEJnUG5hWllWenVJTHkzVk56RDM0N0hSY01RZV9xSXd0Nmtvc1BndWxEbXYwZzhYNDNpNWt4Y3JpMndTY0wtZw?oc=5
2026-07-29T23:57:11+00:00,Google News: Crude Oil,True,False,"Crude oil surges as Middle East hostilities escalate; U.S. oil stockpiles 'rapidly depleting' - Seeking Alpha",https://news.google.com/rss/articles/CBMixAFBVV95cUxNV1JUUzV2Mlk0anBTT3ZJOXlGX0xuN1FvQlVkbDh3M0VLZzRQRTJYaHdILWpQV3NIYVZlS3NnVGZ6bnpxZEhTUF9MRm9OQ01RcVpnVUZqSHZ2TXBabXMxemZMVzZzWGllbU9HTUpONlJhN3MtQk5aemhaZVBpOEU2UjBpYXpvU0VPN3FKUVpEaEpRdGpLVnNfaDBXRVppcWRNUk1FOG1YQTRoZ3QyZGs3Q05iVnRkSEpUSTJsdGcwUjZMVE5I?oc=5
2026-07-30T02:08:14+00:00,Google News: Crude Oil,True,False,"Crude Oil Trading Alert: Escalating tensions in the Middle East; coupled with a sharp drop in U.S. inventories; are supporting a rebound in oil prices; in the short term; prices may continue to trade within a range. - Moomoo",https://news.google.com/rss/articles/CBMipwFBVV95cUxOVkU2dkZWWkZid0RQbGdWQ3N3a0NtRFpxNG5SMjZaZ3pya0JZZzJZaTNsRDNad2h1MjJKODdNcEZuY3FOSWxJTmswcXcyZEV1aU1Ndl9pOHdpRVMtTWVheTNZZHZueGJXVm5QbDM5VXRHdWlRZHJ3S2FjWFVDX1o0Vk5XeVFqcTdPWi1pQjFKMmM0dXZ2R1Y5VjZnWFVNZm9tWEZvUnlYMA?oc=5
2026-07-30T05:09:04+00:00,Google News: Crude Oil,True,False,"Oil prices soar 7% as Brent climbs to $90.25 per barrel - Qazinform",https://news.google.com/rss/articles/CBMijwFBVV95cUxNdG4yYmkzMUZhYUwwZWVOeVMyNzhYWlpkanRrekRJeTE2X2FHblpkR2c2bk42dnBTVmdrcmxmcTVBTm9UM3JVZWRrWU45eXU2bC1hbnh3cFZvVlU2OHpHLWVsS0NFRF9KTGRQa0I3UUJtNEtLM29KOGZ4UmV2TEhhaVdGSWZzOWNnbTBKMW5DTdIBjwFBVV95cUxQbEZhVGk1SWZxUmp6YW02WFZwSm9hN0MyVDJwV1QzYUhnM2QtOWIySGttcTl4czBWaEZCRGNNR3NqZXAyeXVOQWVSRm1HMnh4ZkFETllnLTZfbnB3OEx0RS04YmpzaEYtTm1UbVlpdGRNQndvdWF6ZjdFNGY4MFJHU3hua1dqUlE2R2N1elhPRQ?oc=5
2026-07-30T05:53:00+00:00,Google News: Crude Oil,True,False,"Natural Gas and Oil Forecast: Can WTI Break $84.75 as Brent Recovery Builds? - FXEmpire",https://news.google.com/rss/articles/CBMiwgFBVV95cUxOeWVrVDRLcnBoT2otMVpMVm1rdWtIdklOeC1KZ0dma3NtTEtWMHF3QlRHVWxkTzdSdi1BV0owNVFsQ0loSnA1UGJoeWQ2dU0zaEctRjF4Z29vZ0VWZlJDNXNnaXd0a1huUTBHSDNjakJmTm9FRFFuRjhCTzhjZVZxNzNTOW1RM1dZdVNGVHRsZDBTS3phSHVNOV9ScGJjSFhvNkViSjRpOEd0bENsWFNOWjZLWl92M185NjZTWnBsTE1rZw?oc=5
2026-07-30T00:04:13+00:00,Google News: Crude Oil,True,True,"$Crude Oil Futures (SEP6) (CLmain.US)$$Brent Last Day Financial Futures Current Contract (SEP6) (BZcurrent.US)$ 🔴 BREAKING: US President Donald Trump says he has been briefed on the incident in Egypt and repeats his warning that the United States - Moomoo",https://news.google.com/rss/articles/CBMisAFBVV95cUxQQW1LQk5kREdKQVRQYkROV054Nk5xdXlfTE5RNjFzYnlOVENNMHVMUFA4NVN5WEdLdWlUOU52MmhWTlRGRzBscE15ZFUtcnRuZnpSZHZjRHFHM2hXbG5nUWxhWWx3dG8xUDdYWVk3TmpIZ1RsVGstRGt1U3VocU9MN29Ka0VHUHYwUVhjRzJHZTBHVjA2SjdFV2Jycm5UMGFKZDdBNVJWMjJMY2RXS1V1OQ?oc=5
2026-07-30T00:49:58+00:00,Google News: Crude Oil,True,False,"Brent Smart Urges CMOs to “Pick a Side” Between AI Slop and Human Craft - Little Black Book | LBBOnline",https://news.google.com/rss/articles/CBMijwFBVV95cUxPdTJveFVQYURybmdBYzFmLUtDRm1fc3dGQWY4dk43T3ZhazhnakFoVlRSRW9taUxEOTBHV2NyOU5NV2RHWU1IaHczWkJnaENKd01ja2tRTXY2Rml2eXRaN25ZLWhuSHFtX1E1cllYSVlRY0drX1NpdDg1WjZXZUFNVkN6cEFHWUdnUVdYWnloOA?oc=5
2026-07-30T01:25:50+00:00,Google News: Crude Oil,True,False,"WTI falls below $83.00 despite hostilities in the Middle East - FXStreet",https://news.google.com/rss/articles/CBMipAFBVV95cUxNOUJjNGhRc0ZkUGtKNHBiSVBIdkROdlgxN3hwZlNJYVc4dzF5RVkxRlZjdzUzOUdkcjJEcjVJZWQta0QzaHIyeWJiaVpZQjhnSGs0LW1QSlNNZFc0MVNuMEJ1MlRiNUtJZUh3Uy1QbExqRWljLUdZOW51d3g1WFhtbGVoQ056RThDUDVVRmdjZmxQX0d0aWt0dHdSNXNmWFVENnRDeQ?oc=5
2026-07-29T18:32:08+00:00,Google News: Crude Oil,True,False,"U.S. crude oil inventories decrease by 7.2 million barrels - oilandgas360.com",https://news.google.com/rss/articles/CBMiZkFVX3lxTE5EYzF5ZHJlN3k3OHJNbHRWeFI0T1NHSDdIbEh1YzczbXFTWWZpUUVMRGtnUHpMZ3g3M3hsR19kYlhOcWVvWUV4V3lzSzJfeWFwTk0yWEJzNzEyZ3FIampFYUs2MzVtZw?oc=5
2026-07-30T02:51:00+00:00,Google News: Crude Oil,True,False,"Palm opens lower on weaker rival oils; crude oil prices - TradingView",https://news.google.com/rss/articles/CBMiwgFBVV95cUxQUDRaa1d2RWxOUnVIc201Q0JuZTRUbWtBVkY5N0htWHAxTTFLT2lnVkxVNkNLWUU1ajc5OGJLS05WdWVQTVVKenBoT01Lc0tfMzhhakR3X1dpX1AyVHN1STc1cDhFTnVrc0JJbVlSZW03YV9oT2FvOHNyRDFXdVlmakw3MEJGclZmYkd0ZmZUQWlfckY3Mm1TSUJzVlBqLUEzR2Exbzl1R2x5amJDTnRLVjQ1WkVvUGRXZFpvLWZtdmdxZw?oc=5
2026-07-30T06:53:21+00:00,Google News: Crude Oil,True,False,"Why Did WTI Crude Oil Fall Despite Escalating Middle East Tensions? - Investing.com",https://news.google.com/rss/articles/CBMisAFBVV95cUxNYm5vUDBKVEdRODRUcHNhaXRhb1hkR3dKOUlIUXV6ZTZhRXdqQlJlc2VQRFhYSi02LTBoWnpEc2xpT3pWWTY4RTNucHhuX2Rjak1yNFJCcjIwUnFwT1BCdEZhVk1zUHRaeXROREE1Sk5rY3BlVnBYWWNnaGdxYnAzeWpTZHpfblZFR3ZZU1JUcXNlWjBNZG5IWUF0VVZpSHRINVdNQVZOMHlsLVFHUkxZNg?oc=5
2026-07-30T03:48:00+00:00,Google News: Crude Oil,True,True,"Brent Slips Despite Fresh US Strikes on Iran - TradingView",https://news.google.com/rss/articles/CBMimwFBVV95cUxQdFNYbll6WmFoOUdSSjQteFIwUHpIcTB3aE9LZ1oyMXh0MV9uZFNmSFdiMXE3UTQ5UGRFZjFBdTR1Sm5JdFRYdmJVQ25qYWFkcGlUSDdDY2hUTXQ1WDlLMVp3SnhKcUw5NTFicFZvZXJkb3FSbnJTRkdqS3EzVXdSUlZlckw5X09KTS1qdXNtVzFHcmtfc0xOTHhZQQ?oc=5
2026-07-29T21:07:08+00:00,Google News: Crude Oil,True,False,"Oil prices jump; while the Dow drops more than 1;100 as sinking AI stocks drag Wall Street lower - BNN Bloomberg",https://news.google.com/rss/articles/CBMizwFBVV95cUxQLWZsXzU2RldwRUMxMDNuaFc0SmU3YlhhMHR1WnRRaTlEc3hnVEV4bjNRb1pCbDZfVmZSV2M2NWNPOEFfa0NrbXdCVUdSbVJLUUp6dWZIZHktd1U1bWRDZFNFVktSTXg3blFjcHB4MmdfX19VbkxnYlFGRXZCYU84d096VEtROXp1UVhqWWhNaFVLdlVKWjU5aVF4ZG5FQUhTLUpZUDhrUFN0SDFpR0poS1J6Y0wzQ3ZmeDU3OUUzaXBKUXNkSnVBVXpwNmZlMGc?oc=5
2026-07-30T06:55:00+00:00,Google News: Crude Oil,True,False,"India’s crude oil imports from Russia may touch new record of 3 million barrels per day - here’s why - The Times of India",https://news.google.com/rss/articles/CBMi3wJBVV95cUxQWUlHM2hCVVI0cWNORzB1QUZRX0lDLXRtaXFWYzRKcWxfOHR1dlhBbVlUTzJ5SzcteTMta2dTNERtcUo5cWo2NWtUZzVwRnBqTEtDWURkMS1uTWk2MTczS3dmNnNtWklRUURRTGJHQWhpMGdlWDBYTU55QWQ4TWRIa1loWWp5d1JoeExOZHA2NVVSWFdpbzVvSnphU2h4RzhMWTc2czQxdEZyRmQ5VUtNa0FoaDZCa1p1UDVQdTdwcFhsV0dPM0ZrNVBES0RRellhREtleEpOcjhxenN2UURHT2p1cHBuTGk1SGN5WHhsTmJldDgzU0dGWUdCbWotOUNSRHhnb0pHQ3YwUlBwTmdadWVPTkpsSnZqS2RtdV9sOTN3ZWNZZ3d3UG1ELS1DNko4ck55LW5QMF95YS0zUFNsUHZDdTc5YlQteGR0WXVNTFQ2aXlwYUhMLU1OaDVQR3PSAeQCQVVfeXFMT09Zdk45MGNFa3dDVVRZYWx1Y0ZJYmV1LXJKUFhwS0pxWGlpTS12OWczd1JrbE5WWTJOaVR4S2tkV2YtYUZDQV83QWttckdQVTAtX1NzeXhjcHpERkE5SW91b2FCLVVFU2p4TTZWVzN2bnh6UGpuYVZOMTNxQVF1UkRPWGdabEZ2TEtQSG02SjZmSmRJeXZWQ0hwbVJkSGgwRUFTTnJpZ0JCU2VybEx4dkg5R0QwSllfMWt1MWY1QnVoam55OU5ma2o0eDFQQWt5YU1XalpEVDlOQ2gxbXFUTTBmZGZBNTZCazAzd255eDFRMXlQN2tqOGVGaU1qdTdiLVRUaDROQnFONFJoVVFMUUROeUZOUHFrTy1rQ2JrN0hUT0pfUHR0b2phS2ZFTnJnd0pacDFBVkgyWFhzRDE5MGdVcTVZbW94X2szbS1ocGU4TGVxU0Z3OE1PYjJuYkNOekZ0cVM?oc=5
2026-07-29T13:15:00+00:00,Google News: Crude Oil,True,False,"Vivakor Updates Guidance of Crude Oil Marketing Platform to Approximately $1.5 Billion Annually - GlobeNewswire",https://news.google.com/rss/articles/CBMi-gFBVV95cUxPVFVIWDY3NHhvQXlvaXRMcXN4ZkxuWmFmMV84TU5mNE1aZUl1M0FmNGZ2R3NFWkktWjhaZ2I0ZXR3WlMtUXRqNEt0RU1KMkFBTnNMazJfYWpDSWF0ZHlqZlEwUzBnei1fSV9oZ0ctSlYwTUdmUVpyb3FfVk50YkNZeV9NV0g0RzFCejBiNVd4MHhma0ViWi1HY0VxVTdLcG5lMjJNUGZGTk9udnV6b2RBRUNVU1N3OE4xU1FUR18xRjFCc3RTVzR3T0IyNVBTUzVyU1FvTkdKZEJYRDdLdVdQdlVrVDNndThmRGs3Zkx1cDNLemwtaWU3eHVB?oc=5
2026-07-30T00:44:41+00:00,Google News: Crude Oil,True,True,"Oil Prices On July 30: Brent At $90 On Fresh Iran Strikes; US Crude Stockpiles Hit Multi-Year Low - NDTV Profit",https://news.google.com/rss/articles/CBMi4gFBVV95cUxQT1NCNE1rdTlzdy1jcktjRm92NzBOcHFmajRFanZ5bHNSdFRIRm95djNhNVFmQzh5VkFlQlAwSFNwU09uckdLalhvcm90VjlURy1LZUpvQUM1N2NiQnVlUG5uZWJYLXlTbEhwWVF0ZWpSSjBXSHh4YU15U3FWV3ZxeGdXS1NucmZUQzd1NWdzeHQxeDhOb1Z1cVhtdFZfTVYyR1lucm16dk1VUVNjM0lmOUVVd2l6VlhqSFpTb1Q2QjBISmM3TkZJb3EzNzhRT3E4dDlmMTNIN18wQUdjdGNoLURR0gHqAUFVX3lxTE50M0Q2alFTS21GNF85emdnc2pQejZWekMyMXFYUlVxRTNKMnpmeUFBajNXSTZ4alVQZGpjamU4SVUwbEJDNVlJUi16amU5NEJaV0E0bHhKbW9Hb3RBWGI2Q2ZMSnJIaVBNYS1YdXQtcXA0SWlFME1IUUY4U2t3VTNXVDRETjhjSU02UXp6bWRxZG1NZ0dmb1lZeVRsZlNXMkZsSGYzbmxRTUg2MkdSMWRRVnpZZFpWanROQy1Ec1R3Yl90ZmpoZ2pmSDlkV1I4ZVAwV2tQUWdoWVNMZVBVN3RTS3JZaXAtdEVXdw?oc=5
2026-07-29T19:23:39+00:00,Google News: Crude Oil,True,False,"Crude Oil Prices Surge as US-Iran Conflict Looks to Drag On - TradingView",https://news.google.com/rss/articles/CBMiugFBVV95cUxQaHA5UzdjYjQ1VzdtbWNOVUhiSDJjcDhQYXRHZTVIcTZ1NndSQmVHQTBSUUk2bnV3THBULV9LVW1EaHJoM29fbzBUbVBfYTM4b2lVU1ZrYXVpZ1pGekVlVDhGa2FqMDB5cTNRSjBEbFUxdjgwamVRbGVmNDBTVVFOSFJLQmRhM0l0MXlzeHBvT1htcm5PZDdxMW12UklCdFU5UFR6LXFHaXpFeVFQM19ocmhVelhwWGlqclE?oc=5
2026-07-29T19:47:25+00:00,Google News: Crude Oil,True,False,"Crude Oil Jumps 7% to Around $85 - TradingView",https://news.google.com/rss/articles/CBMiiAFBVV95cUxOakxvN1Zlam12eEVaSWVDcFpNYWluT2hwQkROLUw5amVKcGk4RVVPMnpKZ1IxNWFMcWEyaFY2a0dWOXBTb21EbkxCNXJ3RGdoekNGVUxNZk1BR21EYlFRNDgwMGp5eXZVQlVJOVZFb3FfLVF3QU4yRFdELTByQkVycmVOOVZ0aG9F?oc=5
2026-07-30T04:18:54+00:00,Google News: Crude Oil,True,True,"Crude oil futures fall despite continued US-Iran strikes - BusinessLine",https://news.google.com/rss/articles/CBMizgFBVV95cUxPdjVWU1o2QllrQkNUOW5nQ0pLX19UQmw1NjVaMk11dmF2WG4yZjlwcnZ3dXNVWDhNLWZka0o5WUtzV1RfcTlUODg4RmFTYy1wOEdnYTdhZVdQMjFhSGRHQWpyN1lxV0xZUEhFZkotVGZXWW9QRnhQaU5JNGVDTUlkSVZZdzVRODZVak9MajlxY0QzWW1jRllLMk1sVFRHdHdCcUxud1RvRUlnT05abjNjVkstbE45Q3pfSnZEMjhjY3ZjaWZuU2hXb2FDUkp2Z9IB1AFBVV95cUxOc2pLQk1ZNXZvVmpXVnZmdTlCX3RtZ1pvSWhkTkNYRnNNYVRDNG9ZX2FaSjJxbGg5MThQdXo1WHFsQUp1eElJSXJXRnhkdXhDNUlBdTJmT2ZRY0Vma3BqS09xTHh1X0lfaFEyZmNSSDFKWHlydlZtX1hYSUYzNllKbmx3bkNxQkhtSWVBTV9NcjFLaS05cFpnVHIycWNDS3FqVkp4MHd5N3pGZ3BkWk0xeENIRkI0TmZWN2NSM3NjZ0JmdFZkRFA5bzBmRFp3UUJOV3B1bg?oc=5
2026-07-29T23:25:38+00:00,Google News: Crude Oil,True,False,"Brent Holds Gains Amid US-Iran Tensions - TradingView",https://news.google.com/rss/articles/CBMilAFBVV95cUxQUmZhN2ZRLUdTcGo3SVlaLTYxS0RXRGpIbnJSY3ZmcnZjSG05UUEyNjRMTzZHQ2ZVOHhsbVkwMGJpTUVUaGdZalZsRERjTF83N0ZZc1NrU205U2lXYWEyVE9ScFI0d3M1b01pdGdVWmdXMUtfOGoxRXVIeXNRYURwcW1OeDFjRXJHVWNDS2ZaOGNWQm5o?oc=5
2026-07-30T00:03:24+00:00,Google News: Crude Oil,True,False,"Oil Prices Dip Amid Tensions; WTI (CL) - GuruFocus",https://news.google.com/rss/articles/CBMif0FVX3lxTE1yTUFfdHVrVHBKTVN0MDA2cFZiWmdLRkh5bGFhN09qUmlIRGktUjN5cnR1cFZLY1k1TTdKQ3M0RDJUUkxSTXdyMEQ2OVgxdzYzU1VYX2hwb3BGUHg4VDFUOUEySTdZLTF3Vi1ZS3dkbGltR0JXcjJCU1ptUVBOSUk?oc=5
2026-07-29T18:54:54+00:00,Google News: Crude Oil,True,False,"Oregon gas prices continue to climb despite lower price of crude oil during pause in US-Iran hostilities. Here’s why - Yahoo",https://news.google.com/rss/articles/CBMijwFBVV95cUxPazl6N2ZwMm5uSmozX2MzN1JVMURhWVByRXpvVV9VemNKOFFULVVVN05HUFV6bHhpZ2hvX0ptRUJtdlVld3dFd3NwNC1zRzM2UjIwUzRDOGdNU0NUcDdmd1ZVc1VxZmNGbHNMdDFhWHZPbEI0anBTbDRWRGdiNXRZZUx0WlBUX19XOTE0SXQ3WQ?oc=5
2026-07-30T01:45:27+00:00,Google News: Crude Oil,True,False,"Brent Falls Below US$90 As Tankers Continue To Leave Conflict Zone - BusinessToday Malaysia",https://news.google.com/rss/articles/CBMirwFBVV95cUxQUWd4d0N0V3c2NGZ6NjFGY3hBZkg3dzRscVgzeW5ZZC1QZHlLekhvbzAwZ1A3QTJjWjZaWUw3LWFzR2ZJemxlNzNDWDdoSTBZQzFRNTlHaG1VVWRnWVAxQmlnSkVsYUFMUDlqUGJKbG9GdTJyTThrRW81SUx2dzhXNkRTTUc3SzdvbVRZRGhCZ3NXZmRjTnhRbWpjd2hWdG5kRHRnUjFOMzFya2lta2xB?oc=5
2026-07-30T02:11:03+00:00,Google News: Crude Oil,True,False,"Oil Price Today (July 30): Crude oil dips below $90 after 8% surge on Wednesday. Here’s why - The Economic Times",https://news.google.com/rss/articles/CBMi9gFBVV95cUxQSmhRanR1UDVUaGRpZVdGd0VoX0ZxNU9RV25kZFhHRGpzOTNYXzhIUFlkak5xWjhoS1hLVmgxNzZ5MXdIZUtFVkNDbG9FazF4cmo3X2syN2RhbXhsZE1oTU50MkNkdk41NDZoTm40QjZKQTZid0ZnM1VaRHcweDBIS0RJRmUtVkZSeUJjV0lFb3lscWdsWXlrS2VCdWdycWh5eDRnX0lTcGxuQkJuNkh2MnFXRFJVXzF1dW1GdEFMUFZGYWNjQmRHbUpTSm5vUDVkSERhMDc4YS1IN1ZqdlZKWlNuNlFIOGd1N1BLUEFUNTlQeUhoMnfSAfsBQVVfeXFMUGg4d3kyb0JsTW8xY2ZEMVljRVBWWkFYeWc0VXZzTXNPVzlyMW05cTVUeVdwS2JjaTU5cV9Da2VzSjFZekstNDRSRFk2NDFXZ0VBOTZQdGRlQmtEZ244T1B2dzhIRlVKYU5NNDBuRFc4dE1xZDhoaXNKN09HemR0bHg0RUpHM04tcFY5SHdzRlQxdU1EUnF4eGlCSUtNaDI4cTBTQVZDVTllMldWY3ZUd0o4cFdETDdjYWR2OXNYZjFkOWt1WDRDMXE3Z2lWbzZ0WGtDSnR2TzJ0NWFYYjJ6VmNRUExoS0FscVJDWlFPUTM5OVN2Rmxqd3ZtaTg?oc=5
2026-07-06T07:00:00+00:00,Google News: OPEC,True,True,"OPEC+ raises oil output as Strait of Hormuz shipping recovers - Yahoo Finance",https://news.google.com/rss/articles/CBMijgFBVV95cUxNMFFrNTZVNEh6OGtzWlNNUlh4QWxVQktpVTVXdlRReE1NRTAtVlNMdkRUREhOWkRvYmhURDFaZmZIQWY1MlEzWHZnRERBX2RSc043bjgyLUVGMnVSNnlob0xrOGZyZjllNGJNaXBISkR3b1VSVDdNNmo0WFI0bkRjS2lkMFQzS2o2V1BsR1dB?oc=5
2026-06-08T07:00:00+00:00,Google News: OPEC,True,True,"OPEC+ Raises Output Targets Amid Strait of Hormuz Crisis - Egypt Oil & Gas",https://news.google.com/rss/articles/CBMijwFBVV95cUxQN0xmTlZJYkNVdVpIT0NuSlF0UWVRbFBiMk83TXgxNm0zUWF6QnRZN3l2Y1YtX3hfeVlqTXp0RExhZ050NEQyUk5DYm84bHpBZHdMVWRMSkNmNnU3ZnRENHhPVkhnVE9RV0pCNjhWS2JvclNPWVJrRnM4d3JTMjFiNkdDczB1am5EZjBsZjZaaw?oc=5
2026-07-29T15:16:03+00:00,Google News: OPEC,True,False,"OPEC+ Considers Pausing Oil Output Increases Beyond September 2026 - Discovery Alert",https://news.google.com/rss/articles/CBMihwFBVV95cUxQdWY5TWhhdDF5cWtYWmRZdVNPekZ5dVFVQmdjcXlwaTNFRVpFcGRWWWFVSnNlVTRoSjNTbkVWZDRvMi04YUpWRDlzSVJ5WDNqZ3Q2MXFqOGF1SkpkTlg1M2RGano4UEhjNklMaVVIMmNrSnFkZS1XMmRObFMtcWV3NEtLMFJTc2M?oc=5
2026-07-30T05:36:27+00:00,BBC World,False,True,"US launches 'heavy' strikes on Iran after attempted attack on American troops",https://www.bbc.co.uk/news/articles/c74gwdzywmeo?at_medium=RSS&at_campaign=rss
2026-07-30T07:12:19+00:00,BBC World,False,False,"Veteran Ugandan opposition politician collapses in court and in ICU; his wife says",https://www.bbc.co.uk/news/articles/c0m78xl1k2po?at_medium=RSS&at_campaign=rss
2026-07-30T07:23:11+00:00,BBC World,False,False,"Trump considering AI controls after OpenAI hacking incidents",https://www.bbc.co.uk/news/articles/c20dppq3y90o?at_medium=RSS&at_campaign=rss
2026-07-30T02:54:54+00:00,BBC World,False,False,"Singapore fines French teen $465 for viral straw-licking stunt",https://www.bbc.co.uk/news/articles/crrvqjw8epko?at_medium=RSS&at_campaign=rss
2026-07-30T03:03:12+00:00,BBC World,False,False,"Australia takes Telegram to court over alleged failure to remove 'pro-terror' material",https://www.bbc.co.uk/news/articles/crmrv4pnexmo?at_medium=RSS&at_campaign=rss
2026-07-29T23:29:53+00:00,BBC World,False,False,"Watch: Japanese mall explodes after magnitude 6.8 earthquake",https://www.bbc.co.uk/news/videos/c9d8ggpdgqlo?at_medium=RSS&at_campaign=rss
2026-07-30T07:24:55+00:00,Al Jazeera,False,True,"US strikes cause extensive damage on Iran’s Qeshm Island",https://www.aljazeera.com/video/newsfeed/2026/7/30/us-strikes-cause-extensive-damage-on-irans-qeshm-island?traffic_source=rss
2026-07-30T07:13:43+00:00,Al Jazeera,False,False,"Is Israel repeating the Crusaders’ fatal mistake?",https://www.aljazeera.com/video/deja-vu-2/2026/7/30/is-israel-repeating-the-crusaders-fatal-mistake?traffic_source=rss
2026-07-30T07:13:24+00:00,Al Jazeera,False,False,"India’s arms sale to Israel risks complicity in Gaza genocide; Amnesty says",https://www.aljazeera.com/news/2026/7/30/indias-arms-sale-to-israel-risks-complicity-in-gaza-genocide-amnesty-says?traffic_source=rss
2026-07-30T07:06:27+00:00,Al Jazeera,False,False,"Can the UN’s Refugee Convention survive?",https://www.aljazeera.com/features/2026/7/30/can-the-uns-refugee-convention?traffic_source=rss
2026-07-30T07:02:42+00:00,Al Jazeera,False,True,"In the waters off Malaysia; Iranian oil sales continue despite blockade",https://www.aljazeera.com/news/2026/7/30/in-the-waters-off-malaysia-iranian-oil-sales-continue-despite-blockade?traffic_source=rss
2026-07-30T06:45:43+00:00,Al Jazeera,False,False,"Messi returns to MLS training 10 days after World Cup final heartbreak",https://www.aljazeera.com/sports/2026/7/30/messi-returns-to-mls-training-10-days-after-world-cup-final-heartbreak?traffic_source=rss
2026-07-30T06:25:03+00:00,Al Jazeera,False,False,"Storm apologize after co-owner berates teen girls for support of Cunningham",https://www.aljazeera.com/sports/2026/7/30/storm-apologize-after-co-owner-berates-teen-girls-for-support-of-cunningham?traffic_source=rss
2026-07-30T05:41:32+00:00,Al Jazeera,False,False,"Viral finger-clicker suspended as cricket storm remains in global spotlight",https://www.aljazeera.com/sports/2026/7/30/viral-finger-clicker-suspended-as-cricket-storm-remains-in-global-spotlight?traffic_source=rss
2026-07-30T05:21:15+00:00,Al Jazeera,False,True,"War and shortages push Gaza hospitals to breaking point",https://www.aljazeera.com/features/2026/7/30/war-and-shortages-push-gaza-hospitals-to-breaking-point?traffic_source=rss
2026-07-30T04:55:36+00:00,Al Jazeera,False,True,"US launches ‘powerful’ strikes on Iran after Jordan attack",https://www.aljazeera.com/video/newsfeed/2026/7/30/us-launches-powerful-strikes-on-iran-after-jordan-attack?traffic_source=rss
2026-07-30T04:27:22+00:00,Al Jazeera,False,True,"Evo Morales defiant after new Bolivia arrest warrant",https://www.aljazeera.com/news/2026/7/30/evo-morales-defiant-after-new-bolivia-arrest-warrant?traffic_source=rss
2026-07-30T04:22:17+00:00,Al Jazeera,False,False,"Rescue operation in Argentina to free more than 100 snow-trapped tourists",https://www.aljazeera.com/video/newsfeed/2026/7/30/rescue-operation-in-argentina-to-free-more-than-100-snow-trapped-tourists?traffic_source=rss
2026-07-30T04:00:30+00:00,Al Jazeera,False,False,"‘Like volcanic ash falling’: Inside Aeon mall after Japan’s earthquake",https://www.aljazeera.com/news/2026/7/30/like-volcanic-ash-falling-inside-aeon-mall-after-japans-earthquake?traffic_source=rss
2026-07-30T03:56:07+00:00,Al Jazeera,False,True,"US launches ‘heavy wave’ of new strikes on Iran",https://www.aljazeera.com/news/2026/7/30/us-launches-another-round-of-attacks-on-iran?traffic_source=rss
2026-07-30T03:49:25+00:00,Al Jazeera,False,True,"Israeli strikes leave buildings burning in Gaza City",https://www.aljazeera.com/video/newsfeed/2026/7/30/israeli-strikes-leave-buildings-burning-in-gaza-city?traffic_source=rss
2026-07-30T03:33:34+00:00,Al Jazeera,False,False,"Dramatic sea rescue as firefighters die on the Greek island of Crete",https://www.aljazeera.com/video/newsfeed/2026/7/30/aje-onl-nf_dramatic-sea-rescue-as-firefighters-die-in-greece-290726?traffic_source=rss
2026-07-30T03:04:18+00:00,Al Jazeera,False,False,"Why did Anthony Fauci invoke the Fifth Amendment? Senate hearing explained",https://www.aljazeera.com/news/2026/7/30/why-did-anthony-fauci-invoke-the-fifth-amendment-senate-hearing-explained?traffic_source=rss
2026-07-30T02:45:25+00:00,Al Jazeera,False,False,"Living with fear: Inside a southern Lebanon village divided by Israel",https://www.aljazeera.com/video/newsfeed/2026/7/30/living-with-fear-inside-a-southern-lebanon-village-divided-by-israel?traffic_source=rss
2026-07-30T01:56:57+00:00,Al Jazeera,False,False,"After a deadly raid; a displaced Nigerian mother finds a lifeline in sewing",https://www.aljazeera.com/news/2026/7/30/after-a-deadly-raid-a-displaced-nigerian-mother-finds-a-lifeline-in-sewing?traffic_source=rss
2026-07-30T01:42:30+00:00,Al Jazeera,True,True,"Japan turns to Canadian crude as Asia feels Hormuz supply pinch",https://www.aljazeera.com/news/2026/7/30/japan-turns-to-canadian-crude-as-asia-feels-hormuz-supply-pinch?traffic_source=rss
2026-07-30T01:04:42+00:00,Al Jazeera,False,False,"Trump pushes fighter jet sale to Turkiye despite Israeli opposition",https://www.aljazeera.com/video/newsfeed/2026/7/30/trump-pushes-fighter-jet-sale-to-turkiye-despite-israeli-opposition?traffic_source=rss
2026-07-30T00:26:49+00:00,Al Jazeera,False,False,"Trump cuts WHO off from Gavi vaccine alliance funding",https://www.aljazeera.com/news/2026/7/30/trump-cuts-who-off-from-gavi-vaccine-alliance?traffic_source=rss
2026-07-30T00:23:13+00:00,Al Jazeera,False,True,"At least 14 killed as Russia strikes Ukraine a day after Zelenskyy warning",https://www.aljazeera.com/news/2026/7/30/russia-ballistic-missile-strikes-on-kyiv-come-after-zelenskyys-warning?traffic_source=rss
2026-07-30T00:00:00+00:00,Al Jazeera,False,True,"Iran war live: US attack kills Iranian couple; toddler on Qeshm Island",https://www.aljazeera.com/news/liveblog/2026/7/30/iran-war-live-trump-threatens-to-hit-back-hard-over-strikes-on-jordan?traffic_source=rss
2026-07-30T06:46:17+00:00,CNBC World,False,True,"U.S. strikes Iran after surprise missile attack; dashing hopes of de-escalation",https://www.cnbc.com/2026/07/30/us-iran-war-hormuz-centcom-trump-.html
2026-07-30T07:17:34+00:00,CNBC World,False,False,"Rolls-Royce jumps 4% as it sees boost from both the defense boom and AI data center buildout",https://www.cnbc.com/2026/07/30/rolls-royce-earnings-q2-stock-defense-ai.html
2026-07-30T05:55:02+00:00,CNBC World,True,True,"The Strait of Hormuz is just one trade chokepoint facing a new era of maritime warfare",https://www.cnbc.com/2026/07/30/strait-hormuz-drone-shipping-risks.html
2026-07-30T07:51:10+00:00,CNBC World,False,False,"Jeep maker Stellantis swings to profit on rising demand in North America; shares fall 5%",https://www.cnbc.com/2026/07/30/stellantis-q2-earnings-autos-jeep.html
2026-07-30T07:46:42+00:00,CNBC World,False,True,"Shell posts best quarterly profit in four years as Iran war boosts oil and gas prices",https://www.cnbc.com/2026/07/30/shell-2q-earnings-iran-war-oil.html
2026-07-30T01:58:00+00:00,CNBC World,False,False,"Inside India newsletter: Meta's clout in the world's largest democracy is surging — inviting scrutiny",https://www.cnbc.com/2026/07/30/india-meta-democracy-protest-boost-instagram-meta.html
2026-07-30T02:52:30+00:00,CNBC World,False,False,"China threatens retaliation against U.S. humanoid robot ban; says it 'severely damages' relations",https://www.cnbc.com/2026/07/30/china-us-robot-humanoid-ban-trump-visit.html
2026-07-30T06:54:49+00:00,CNBC World,False,False,"CNBC Daily Open: Oil heats up on Middle East tensions as Fed sees a 'family fight'",https://www.cnbc.com/2026/07/30/cnbc-daily-open-oil-middle-east-fed-family-fight.html
2026-07-30T06:56:40+00:00,CNBC World,False,False,"Samsung Electronics second-quarter operating profit beats estimates on soaring AI chip demand",https://www.cnbc.com/2026/07/30/samsung-q2-earnings-ai-chip-.html
2026-07-30T05:11:14+00:00,CNBC World,False,False,"Here’s why Europe’s hot summers are becoming an expensive challenge",https://www.cnbc.com/2026/07/30/europe-heatwaves-economy-wildfires-summer.html
2026-07-30T02:15:40+00:00,CNBC World,False,False,"China AI supplier Zhongji Innolight slips in Hong Kong debut after $6.8 billion IPO",https://www.cnbc.com/2026/07/30/china-ai-supplier-zhongji-innolight-hong-kong-debut.html
2026-07-30T01:00:01+00:00,CNBC World,False,True,"Analysis: Fed Chairman Warsh's credibility in question after leaving interest rates unchanged",https://www.cnbc.com/2026/07/29/kevin-warsh-fed-treasury-yields-inflation-credibility-interest-rates.html
2026-07-29T21:43:50+00:00,CNBC World,False,False,"Here are the last times the Dow dropped by 1;000 points and what happened next",https://www.cnbc.com/2026/07/29/the-last-times-the-dow-fell-1000-points-and-what-happened-next.html
2026-07-30T04:16:32+00:00,CNBC World,False,False,"Senate Judiciary postpones Blanche AG nomination vote over Trump-IRS settlement concerns",https://www.cnbc.com/2026/07/29/todd-blanche-attorney-general-trump-irs-audit-cornyn.html
2026-07-29T23:36:34+00:00,CNBC World,False,False,"What a divided Fed means for investors",https://www.cnbc.com/2026/07/29/fed-meeting-interest-rates-warsh-stocks-bonds.html
2026-07-30T00:59:03+00:00,CNBC World,False,True,"Microsoft's AI spending guide is music to our ears; quieting the bears — for now",https://www.cnbc.com/2026/07/29/microsofts-ai-spending-guide-is-music-to-our-ears-quieting-the-bears-for-now.html
2026-07-30T05:00:53+00:00,Guardian World,False,False,"A quarter of young Africans believe USAID cuts could be positive; survey finds",https://www.theguardian.com/global-development/2026/jul/30/a-quarter-of-young-africans-believe-usaid-cuts-could-be-positive-survey-finds
2026-07-30T06:49:55+00:00,Guardian World,False,False,"Death toll in Japan earthquake rises to 30 as aftershock and heat hamper rescue efforts",https://www.theguardian.com/world/2026/jul/30/japan-earthquake-death-toll-rises
2026-07-30T07:38:39+00:00,Guardian World,False,True,"‘Warring kingdoms’: cofounder of religious Reformers compares NSW Liberal party factionalism to Braveheart",https://www.theguardian.com/australia-news/2026/jul/30/robert-assaf-nsw-liberal-party-braveheart-icac-hearings-angus-taylor-ntwnfb
2026-07-30T06:22:20+00:00,Guardian World,False,True,"Archibald prize 2026: portrait of Jewish leader after Bondi terror attack wins people’s choice award",https://www.theguardian.com/artanddesign/2026/jul/30/archibald-prize-2026-portrait-of-jewish-leader-after-bondi-terror-attack-wins-peoples-choice-award
2026-07-30T05:05:16+00:00,Guardian World,False,False,"NSW to send paramedics not police to some mental health emergencies after multiple deaths",https://www.theguardian.com/australia-news/2026/jul/30/nsw-to-send-paramedics-not-police-to-some-mental-health-emergencies-after-multiple-deaths
2026-07-30T04:10:53+00:00,Guardian World,False,False,"Anthony Fauci’s diaries take aim at News Corp journalist Sharri Markson’s ‘nonsense’ Covid-19 investigation",https://www.theguardian.com/us-news/2026/jul/30/anthony-faucis-diaries-take-aim-at-news-corp-journalist-sharri-marksons-nonsense-covid-19-investigation
2026-07-30T07:42:07+00:00,Guardian World,False,True,"At least 13 killed in Russian attacks on Ukraine as Poland investigates airspace violation – Europe live",https://www.theguardian.com/world/live/2026/jul/30/europe-ukraine-russia-poland-wildfires-france-spain-greece-latest-news-updates
2026-07-30T07:00:55+00:00,Guardian World,False,False,"Was Florentine friars’ fatigue-fighting elixir a precursor to Coca-Cola?",https://www.theguardian.com/world/2026/jul/30/italian-elixir-coca-cola-precursor
2026-07-30T05:00:53+00:00,Guardian World,False,True,"‘Lenin was an enemy of humanity’: Why Kyiv wants to put Cossack chief statue in place of Soviet leader",https://www.theguardian.com/world/2026/jul/30/ukraine-kyiv-replace-lenin-statue-with-cossack-chief-ivan-mazepa
2026-07-30T03:19:54+00:00,Guardian World,False,True,"Deadly strikes on Ukrainian cities after Zelenskyy warns of ‘massive’ Russian attack",https://www.theguardian.com/world/2026/jul/30/ukraine-russia-missile-strikes-attack-kyiv
2026-07-30T07:31:29+00:00,Guardian World,True,True,"Middle East crisis live: Jordan says it foiled Iranian missile attack as US launches ‘heavy’ strikes on Iran after pause",https://www.theguardian.com/world/live/2026/jul/30/us-iran-war-live-updates-missile-strikes-attacks-iraq-egypt-middle-east-crisis-latest-news
2026-07-30T03:17:22+00:00,Guardian World,False,True,"US launches fresh strikes on Iran after days-long pause; amid fears the war is widening",https://www.theguardian.com/world/2026/jul/30/us-strikes-iran-war-widening-iraq
2026-07-30T07:37:48+00:00,Guardian World,False,False,"Major incident declared in Suffolk as 90 firefighters tackle wildfire on heathland",https://www.theguardian.com/uk-news/2026/jul/30/major-incident-fire-suffolk-coast-dunwich-heath-leiston
2026-07-30T07:08:01+00:00,Guardian World,False,True,"Shell’s profits more than double after jump in oil and gas prices",https://www.theguardian.com/business/2026/jul/30/shell-profits-double-jump-oil-gas-prices
2026-07-30T06:00:54+00:00,Guardian World,False,False,"‘It’s irreplaceable’: Fury over Reform plans to expand quarry in ancient Kent woodland",https://www.theguardian.com/environment/2026/jul/30/oaken-wood-ancient-woodland-kent-quarry-expansion-reform-council
2026-07-30T06:00:53+00:00,Guardian World,False,False,"Polls open in Greater Manchester mayoral byelection overshadowed by new PM and Farage’s antics",https://www.theguardian.com/politics/2026/jul/30/greater-manchester-mayoral-byelection-overshadowed-labour-andy-burnham-bev-craig
2026-07-30T05:09:27+00:00,Guardian World,False,False,"Judge orders Amy Winehouse’s father to pay nearly £1m to her friends",https://www.theguardian.com/music/2026/jul/30/amy-winehouse-mitch-father-judge-orders-pay-nearly-1m-to-friends
2026-07-30T00:39:21+00:00,Guardian World,False,False,"Bullets that killed two at Seattle food festival do not match teen shooter’s gun; police say",https://www.theguardian.com/us-news/2026/jul/29/seattle-food-festival-bullets-gun-police
2026-07-30T00:02:03+00:00,Guardian World,False,False,"Elon Musk’s xAI sues Minnesota over law banning ‘nudification’ technology",https://www.theguardian.com/technology/2026/jul/29/xai-sues-minnesota-nudification-technology
2026-07-30T05:18:58+00:00,NPR News,False,False,"Hope dwindles for rescue in southwestern Japan quake as death toll climbs to 23",https://www.npr.org/2026/07/30/nx-s1-5913050/japan-earthquake-updates
2026-07-30T00:35:00+00:00,Reuters (via Google News),False,False,"Oil slips as markets look for cues on Gulf supplies - Reuters",https://news.google.com/rss/articles/CBMitgFBVV95cUxOTWJteE84X0d0aDA5bVgwcWZrTlJTTXNZVFNlRmduNGc3aWgyMDRjN3BiN1ZaY0NaSGtXa1VlQjdFSE1pRkxOTS1sQXc2WjkwbkY3Qng1N3g3azFoVUltcjVPVGo5aGM0YkZYVG5DLXM0RS1PSFhkeERKaXZVSFk1cGZXX3ZGS3otSU1FRUtPaTFyMUd0TENNeUtaTXNZeEkxTGJrcWdTcDY4UnRUMzg3ZzZ3OGpYdw?oc=5
2026-07-29T22:31:10+00:00,Reuters (via Google News),False,True,"Canadian oil heads to Japan for the first time in over a year as Iran war tightens Middle East supplies - Reuters",https://news.google.com/rss/articles/CBMixgFBVV95cUxQa0lZMmMtdTM4VmpUSmtNU004NzRoZWJjNWZFT1o1Z3d0dzQtNXk3OU9BdUt4QXFSZFNIdnhyX2tLMUpVbVZPSUtyZjU1bmNZYlVEd1NiQWh3cmtiRlpOLWVDTFF0NGRTVzlIa29laklPNWk5dmNsRkhHUG1RQ2hzWTh2Sm5MS004NWh3RE1fSHl6SWQ1enNKR3NxTm5fcTJObENkRV93VHo5Mk5iQ2tXdTIzOTE1d1l3UVc1OFZHaUJuUl9LOVE?oc=5
2026-07-28T23:48:27+00:00,Reuters (via Google News),True,False,"New Zealand grants first offshore petroleum permit since reversing exploration ban - Reuters",https://news.google.com/rss/articles/CBMiywFBVV95cUxQVVZfMmFLcURPZWFLdEdvT05leHlxMlVpdG5rV3JiMF9OUG5NbW9TX1JtUVV4bi1xMVhBVTRXMGhRZk9xWU5vWXpJWDF6ZmM0d3kwUG1Nb3Uxd2xOVXZ0QS1sRXJuNmI0SVRkWGVPVnAtN2FYc1JCaTFsQjAzZGlqMWVCdi01NW02SlNfSUVtaUNjeE91ZnVfOWVCMFJkR19TUkE0QVlUOEFuLUlTeGFvdnVpY1N1Y0R1NTBabi1WM2lacTJEamVyNHVzdw?oc=5
2026-07-29T21:58:07+00:00,Reuters (via Google News),False,False,"US lobby firm Ballard Partners opens Venezuela office - Reuters",https://news.google.com/rss/articles/CBMiqgFBVV95cUxPbjQybmdxMjd6bF9yUHp5UzlKbUNUbFNNNHp3WHI1cG1IZ0VqeERzajNDNC0xbXlJWGpobmZicDgtbWJyWHdGSDJxdXJvU0k1VHhPck5MOGlQbG41YlNPcGd0ZUpuclVLNk82ZlpVTVg2dzRtVkg5ZlFQNmp3UDFyTWQyUmtFRHlaSWRLOWN3c3hXLVNjMms3akZSTFo5REpxdktkOWgyMDdrQQ?oc=5
2026-07-28T10:04:53+00:00,Reuters (via Google News),False,True,"Drone incursions sow fear; chaos along NATO's Baltic and Finnish borders - Reuters",https://news.google.com/rss/articles/CBMiyAFBVV95cUxPdWtBZ2NFQWdpMUQ5dkRMZHpMVElFNkZNZnNWRzV1eHZZanc1ZHJRQWkyMnNxM2dvbGRua3pSTTcxTlpuSDVTcGtpUFpaUmJ0MDBZTUVaeFlINjF0ZnZHdi01UWlZNnJFZ3NheEZ6bXk1SF9ZYzdXbXVqMGFxdVl2ejdqc3c2cEdUX2FtUDdMR0lPaGFLQ1B6ZDdfc2t3X2RzNEE4aHFlU3loYlZETXg2dmpRTVp3VWp0R0NmaXRWR1RGYVYwMDdsQw?oc=5
2026-07-30T03:01:00+00:00,Reuters (via Google News),False,True,"Indian rupee steady; forward premiums ease as traders parse Fed outcome - Reuters",https://news.google.com/rss/articles/CBMiswFBVV95cUxOcEllVnZkNE45eS1UeVA3VWNlSUZqSGN1c1NsQTVuaEpHUzlIakpjbXlESVUzcXpWbE5qelhUVW1yNGNQSjliSC02NzlmMlRjd3NjOWpoa1gzUlpYNEtTWTNBeXBOX3FJOWdHZWVhRDJuTndHN0JYQlJUc0hFQldJUUZ4dHZaLS1IdmdKVlhXeG5aMkNweXAwLUJGQ1Q5MUV2MDJIb3lySEpmTmYxZHUtSWh6RQ?oc=5
2026-07-28T14:26:49+00:00,Reuters (via Google News),False,False,"Russia says it struck at least two Ukrainian ships in the Black Sea and hit the port of Mykolaiv - Reuters",https://news.google.com/rss/articles/CBMiwgFBVV95cUxNUTF3c2ZPeFEwVkpkZVBPaER1bVZLUVdBcFhpUGE4NVFoOUZ4X1ZPbElMc184dGU5VzJjaXN3VTFZMGFIM05VMTJJczBkdFVBTjh1UEN3dFgySWQ3S3NqbkhFdmtyUlFULTVSWnlFNlI4aHJBTW1oNjZaSTNHNkdsemxiLXppTDA5VW9MdEFiYVdKbENXZEVlRVJHRGxvNE5OWk55VXZ2dDRWQW4wVXYtSXlycVQ3M3lrOUh0TFZkcFhBdw?oc=5
2026-07-27T08:14:35+00:00,Reuters (via Google News),False,False,"Iran has not asked for resumption of talks with US; Iranian spokesperson says - Reuters",https://news.google.com/rss/articles/CBMiwAFBVV95cUxOS1pxSHVEQ3Jid3Z0clRfSmFlMHdBMHZycG5kalc0SGw4NG0xSUJTQUpKY0szYW5yaWFWNURNQ2NUcm9CTlpiUWJzc190bVZ4dVVSRnBKMkZ1dHczNHJ1V2l4MTZYQ1FXTXF0YWdnWDFjSXJObklCNjd0aXV3TFdDZFpRaTZCSzl4ajhiV2syUEV5Q3YtR3pURF92S2xacmhvQWlTOUhTUmtobm5jbkdqaDZPYk9NQ2dUQmJWeWdURHY?oc=5
2026-07-27T13:48:32+00:00,Reuters (via Google News),False,False,"Italian machine tool sector wants tougher EU trade rules on China - Reuters",https://news.google.com/rss/articles/CBMiwwFBVV95cUxQaFRSR0JqODNBdG8wM25tblhjUWhfTGU5SVdlMXZhb3hZSmQyRVdSLXdYSWc5ajJjdlp4ajlzRzdEUEdFNzhuRVFmRDk5NF9tNnkzMHMzZzhPWC1ZZVN0bVlWOHV0WDNmaHVXaHNuR3dyX2lCRnBhczlMX3JTZm5vREp0ak5rdmt4Z04tRjlUX0R4bzZTMTJYem9wX3RfemFHNm9XZV9HVTVNUUNxSEtIUUd2cHFxNkRSeEE3Z1BkMXNCeFU?oc=5
2026-07-28T04:26:00+00:00,Reuters (via Google News),False,False,"Indian central bank likely intervenes to bolster rupee; traders say - Reuters",https://news.google.com/rss/articles/CBMisAFBVV95cUxNUXlkcmlTRkMyU3hTNEZ5UlVsNUpicUlybkFvdDllcUd6aXc5U0d4ZDZHLWVDeUFyWWVaSTNKUVo4SFNtTmJsYmdUcWxrTGw0YU1EbXAtU1RtSm5vNFREUTJpTDl3Njhham1JaGlJR291WWlobUUwSE5ObUVxek45ZlJPLWM0bTIyZG5ScnM2eTZjMXl3NF9MWTl6a0FaRjE4RWVHdTV4TUhTMFFQRnhtSA?oc=5
2026-07-29T23:06:08+00:00,Reuters (via Google News),True,False,"Bank of England to keep rates steady while oil prices gyrate - Reuters",https://news.google.com/rss/articles/CBMioAFBVV95cUxNX0RGOUZmWU93Y0NIVU1qUGpKRnBXdlQ2dlp4b2xMVWpjSk1xQ2trLVFyQmRwbXp2TktwY1NuRTRvTlNWZEw2Vk04cFlPaUVWS2pFeTFhMVBuSFJzN2F3N2czWFRvTnRSNVd5UnpSeVpLb3Z2dC1tbGY4MG5USE5CNm9vakFHQndGUG5zM29oNVNTTUNyb1hDQzBudjFvSWdY?oc=5
2026-07-29T01:14:00+00:00,Reuters (via Google News),False,True,"Gold rises 2% as Fed holds rates steady; markets parse Warsh's comments - Reuters",https://news.google.com/rss/articles/CBMiqAFBVV95cUxOYmpPZkdUdEJHY2hvRUZxbzItX3lCN3IxR0o0V3dXQnJoYi1xakZBT2xzVFVIZjdnVGZya2pFWDRUb0k1NUpWTjZyYnoyUWJNNzJLekRZcDNNeXhZcXpOeGdnenVPZGtVMlY4Wll5YUVSQklMYktHb0FYckJ5ZkNRajZOT0V6M2hjeUJTMVhZbHoyZlRJcnZxZ1ZyeFlCNzVKU29ETFFFc3o?oc=5
2026-07-30T15:30:00+00:00,OilPrice.com,True,False,"Coal Falls Below 50% Of China's Power Mix For First Time Ever",https://oilprice.com/Latest-Energy-News/World-News/Coal-Falls-Below-50-Of-Chinas-Power-Mix-For-First-Time-Ever.html
2026-07-30T15:00:00+00:00,OilPrice.com,True,True,"Iran's Strike on Jordan Signals a More Aggressive Military Strategy",https://oilprice.com/Geopolitics/Middle-East/Irans-Strike-on-Jordan-Signals-a-More-Aggressive-Military-Strategy.html
2026-07-30T14:30:00+00:00,OilPrice.com,True,False,"Oil Price Shock Fuels 35% Surge in Global EV Sales",https://oilprice.com/Latest-Energy-News/World-News/Oil-Price-Shock-Fuels-35-Surge-in-Global-EV-Sales.html
2026-07-30T14:00:00+00:00,OilPrice.com,True,True,"Shell Maintains Bumper Buyback as Profit Surges",https://oilprice.com/Energy/Energy-General/Shell-Maintains-Bumper-Buyback-as-Profit-Surges.html
2026-07-30T13:30:00+00:00,OilPrice.com,True,True,"Qatar Turns to American LNG After Iran War Cripples Ras Laffan",https://oilprice.com/Latest-Energy-News/World-News/Qatar-Turns-to-American-LNG-After-Iran-War-Cripples-Ras-Laffan.html
2026-07-30T12:30:00+00:00,OilPrice.com,True,True,"Goldman Sachs: Diesel Crunch Is Now the Biggest Threat in Oil Markets",https://oilprice.com/Latest-Energy-News/World-News/Goldman-Sachs-Diesel-Crunch-Is-Now-the-Biggest-Threat-in-Oil-Markets.html
2026-07-30T11:30:00+00:00,OilPrice.com,True,True,"Iran Says Two Oil Tankers Ditched Attempt to Transit Hormuz",https://oilprice.com/Latest-Energy-News/World-News/Iran-Says-Two-Oil-Tankers-Ditched-Attempt-to-Transit-Hormuz.html
2026-07-30T10:00:00+00:00,OilPrice.com,True,False,"China’s Coal Prices Surge as Scorching Heat Drives Power Demand",https://oilprice.com/Latest-Energy-News/World-News/Chinas-Coal-Prices-Surge-as-Scorching-Heat-Drives-Power-Demand.html
2026-07-30T08:45:00+00:00,OilPrice.com,True,False,"Shell Reports $9.8 Billion in Adjusted Earnings as Energy Prices Surge",https://oilprice.com/Latest-Energy-News/World-News/Shell-Reports-98-Billion-in-Adjusted-Earnings-as-Energy-Prices-Surge.html
2026-07-30T14:45:27+00:00,Rigzone,True,False,"Eni Opens Supercomputing Capabilities to 'Innovation Ecosystem'",https://www.rigzone.com/news/eni_opens_supercomputing_capabilities_to_innovation_ecosystem-30-jul-2026-184257-article/?rss=true
2026-07-30T14:36:00+00:00,Rigzone,True,False,"Petrobras Squeezes More Oil from Mega Platforms",https://www.rigzone.com/news/wire/petrobras_squeezes_more_oil_from_mega_platforms-30-jul-2026-184255-article/?rss=true
2026-07-30T13:30:01+00:00,Rigzone,True,False,"Ksi Lisims Positions Canada as Long-Term LNG Supplier to Germany",https://www.rigzone.com/news/ksi_lisims_positions_canada_as_longterm_lng_supplier_to_germany-30-jul-2026-184254-article/?rss=true
2026-07-30T12:02:52+00:00,Rigzone,True,False,"USA Gasoline Shows Rising Price Trend",https://www.rigzone.com/news/usa_gasoline_shows_rising_price_trend-30-jul-2026-184253-article/?rss=true
2026-07-30T11:10:55+00:00,Rigzone,True,False,"Petronas Signs New LNG Deal with Another Japanese Customer",https://www.rigzone.com/news/petronas_signs_new_lng_deal_with_another_japanese_customer-30-jul-2026-184252-article/?rss=true
2026-07-30T10:28:43+00:00,Rigzone,True,False,"Shell Maintains Buyback Rate with New $3B Plan",https://www.rigzone.com/news/shell_maintains_buyback_rate_with_new_3b_plan-30-jul-2026-184251-article/?rss=true
2026-07-30T09:46:24+00:00,Rigzone,True,False,"Carbon Storage Industry Given 'Significant Boost'; NSTA Says",https://www.rigzone.com/news/carbon_storage_industry_given_significant_boost_nsta_says-30-jul-2026-184250-article/?rss=true
2026-07-30T08:29:17+00:00,Rigzone,True,True,"Hormuz Traffic Shows Defiance",https://www.rigzone.com/news/wire/hormuz_traffic_shows_defiance-30-jul-2026-184249-article/?rss=true
2026-07-30T15:34:47.517955+00:00,Investing.com Commodities,True,False,"Bybit Adds 10 Tokens to Proof-of-Reserves Reporting",https://www.investing.com/news/cryptocurrency-news/bybit-adds-10-tokens-to-proofofreserves-reporting-4824721
2026-07-30T15:34:47.518010+00:00,Investing.com Commodities,True,False,"Hyperscale Data taps Bitcoin holdings to fund Michigan AI campus",https://www.investing.com/news/cryptocurrency-news/hyperscale-data-taps-bitcoin-holdings-to-fund-michigan-ai-campus-432SI-4823101
2026-07-30T15:34:47.518023+00:00,Investing.com Commodities,True,False,"Exclusive: Bitget Wallet to launch Assetback; with cashback pays out in BTC; Gold",https://www.investing.com/news/cryptocurrency-news/exclusive-bitget-wallet-to-launch-assetback-with-cashback-pays-out-in-bitcoin-4823045
2026-07-30T12:08:00+00:00,Google News: Crude Oil,True,False,"Covington 'Open for Business' amid Brent Spence Companion project - WLWT",https://news.google.com/rss/articles/CBMinAFBVV95cUxNNWxxSFdPQl9hM3V0Q2ZGYldlemNrS25RNnRiVmxlQUhaYXladl9lMFlCQ1Z6MW9fQXZVYkVCbjR5Q2w0TEg0R3NQZno2ZzdJNllYMW5QNDhsMGNJMC0xQ0dwRGJsdkptdGVLMzB4alZhOTBwZ2gyMzJLczBDNzZwbEk4VGY1YmJ4THFWTGk0bXMzMDZxQWFOZGtaRUE?oc=5
2026-07-30T10:30:00+00:00,Google News: Crude Oil,True,False,"Current price of oil as of July 30; 2026 - Fortune",https://news.google.com/rss/articles/CBMiYkFVX3lxTE9odGxncTZBdXJrcnd4Zm1GSENJSFpJQUJxbGphdTV2dTRfQTVmMzVFQ21PTGhzY19DSGVFUWpoeEtGMDZhNzRveUNoaDBlcDVLSmRpaFh6ZnA1emJSVllSYTNR?oc=5
2026-07-30T14:19:45+00:00,Google News: Crude Oil,True,True,"Refinery attacks keep European fuel prices around record highs - Reuters",https://news.google.com/rss/articles/CBMitAFBVV95cUxOeUNUNTRxQUNzXzJuWmtXX1htcm95bjRYRE0yelRzUVB6YkhvMDRMWkJuZnd2ejdBN0xNcVplcDBhcElBM3hyRTRtMXZvUXVwWkdNUjU4ZG1BTmR3akVrTjFWcm80czhCOFd4eDdvQ0tFeVFhSmVlSnM2cnlFZ1RRQ1A1SF8xT0pqWmZQTjdUTlBUdy1QZ0xPaGxvVWpjcF9mWUc3d3NYbVpXQTkyaGo2YlJJUW0?oc=5
2026-07-30T15:01:39+00:00,Google News: Crude Oil,True,False,"Meta is in need of a new 'lead singer' beyond advertising: Brent Thill - Yahoo Finance",https://news.google.com/rss/articles/CBMitAFBVV95cUxOOGdlLVlXYlpwMkpZOEFNZDRoN21SS0ZEVW0zX2UtT2ZlRVItdm12TjZwd0RYUGYzY1dnYjM2YkFFZEM5TzFhVnpENE5CS2l2VWpkVzFndjIyZWd6OTA4RVFhRjhnamU2alhVYkVOUVVrTUVxM3hWRFBObTBacC1Za0RPaEhJcU1YR3FkbHVTbUVoSDRieThIaW0wRkFUdkVMSF9YNnU4TFZQZUJXS2hjNEFrdmg?oc=5
2026-07-30T13:05:00+00:00,Google News: Crude Oil,True,False,"Oil futures: Brent holds above $90/b as Mideast tensions remain elevated - qcintel.com",https://news.google.com/rss/articles/CBMiswFBVV95cUxQUU8zTkl2eVNOZ0w3a0huWm5VN1VfVVlqcHRtY3dBMm1jdWFKLTB6Y3lJTER0cmFwcmtMRVk3cHZIWXdNUzYwWXdoZTh1NEVNMll1d2JhZGhhZXliUFMzT2U5WWNxbHQyYjdlTFpvM2JjVU9KbXNtUEE2Tk0tMi1sSXgyLXZSTW1uNkU5VkNQUHdMMGtYc1Q4NzMzWkt5aUpva0dVVUpWZ1I1UThTUUk0YmZsWQ?oc=5
2026-07-30T08:03:00+00:00,Google News: Crude Oil,True,False,"Augusta University AD Brent McMillian has bright vision for Jags' future - The Augusta Chronicle",https://news.google.com/rss/articles/CBMi4AFBVV95cUxQNzZ2ZzFsVWx6eFpCRVl4NEgxYTg5ZEhCdFZiWTZLbHNyTGZ2dWlBVEt2blRYMklxazhQdGtZZkxGamg0NnQ2a1VvMmdXc1pPOHp1dnlZRjNrTlhHYU1HSG5nc1h6MkVwWmdPRjItZU1EU2NHeGcybnppSGt0ckl1V0dfN1NlbGhFdU9rVklOeTFmQ1VHZ2F2dEdPTkhkalYwUFRxOEk5SUhlbGNmREI1UDRoSzFzeVExM2VtcFBlamNRTWt0d3U5N3hXbXFNV2g5R0g4RjZzb2oxaWJieTNidg?oc=5
2026-07-30T15:13:00+00:00,Google News: Crude Oil,True,False,"TekSynap Appoints Brent Newman as Vice President of Talent Acquisition - Yahoo Finance Singapore",https://news.google.com/rss/articles/CBMijAFBVV95cUxQc3JBdFdScGZwRnUyckhYemlHVlZmbnZndzNNZ3hpS3RGS01XakVsN3hyaFEtQnhUZG4zNm5ITzBjWXNsWVZVbTctdkpWenFSZlk5V0FtYXB0SHZaUElHQnRlVkJKNzFWaGRaZjEtWFpSUXdhdlRvNEgwQW40RWlpNGNkLUJCZDctQXBlWQ?oc=5
2026-07-30T10:29:08+00:00,Google News: Crude Oil,True,False,"Africa’s largest refinery will consume 2.5% of the world’s traded crude oil; Dangote says - Business Insider Africa",https://news.google.com/rss/articles/CBMi2AFBVV95cUxQaXY5MFY1MG03ekl3eFROZWFySlFLbzhWZWpJQWtnd2V1OE10bllmc3RTOGFhanZJNzZRZVpoV1U2Q2NlM0MwaUx1bXVFb2FvOXpLaGxiMUFRb3FlZGpMLW5DbzFFY1V3Mjc0RkhfM2RwbFBmOFQwWHJ1TDhNTS1Zc3JOZy1oTWVqV08xRTd3bHlDcU93VEVmVGNzSmZHNVdfQlh0dDYzdThPTmdvYTFtUFpLTzhqb3dvVmZ1Zk9wUzA0MncwMjJwZUNIUGpYdmE1dXIzR1l6T1E?oc=5
2026-07-30T14:05:00+00:00,Google News: Crude Oil,True,False,"Crude Oil Price Analysis – Brent and WTI Squeeze Between Key EMAs - FXEmpire",https://news.google.com/rss/articles/CBMitAFBVV95cUxOOGY1eDFzWGs3amo5WDRPQzA0cXU4UUVmS2pJblMyY3EtZ2hqTmR3LXVuZjBHTVJHdGpKRFFEYmduaUNFYzdkcjlBN1h3THBhcXl4c0tHZzBsT09vRDlXaEJTSG5YQ1hJclo0M1FvZnpIWnRWMktza2JMTWJ5bHRsQ2c2cl95M0hyWmxNM0NkaGlXOEYyVTVObXRsb0hweWZ0Z3V4Qno5ZnAyTnJWa2lPb3N5aXU?oc=5
2026-07-30T11:35:38+00:00,Google News: Crude Oil,True,False,"Crude Oil Analysis: WTI Technical Setup & Price Trends - Barchart.com",https://news.google.com/rss/articles/CBMimwFBVV95cUxPSmFuenNkOUJwaUtnVnd0VmFUMkI4akJETThETzJaanR6VlBLcFktVW55RHFDMHM4VF9VelNDa3p3Y1NFS0xrODBIQkgyWUJpdG9zRnlYNHlGYy1rVVFxLVlrM0FuVTBnRXowakY0VkozVHB4RklYRnE2ZTFmaFEzZDh0aDZOa3Q4YjAzTVllNVlia192enh2LWREUQ?oc=5
2026-07-30T15:32:00+00:00,Google News: Crude Oil,True,False,"WTI Consolidates After Geopolitical Rally As Inventory Draw Strengthens Supply Outlook - Seeking Alpha",https://news.google.com/rss/articles/CBMixgFBVV95cUxOU2hWRWdPWnJnZzVVR0Y3TkZ5UDhwX3l1S2FYX1JOUVRZb0lJZnZVZHl2Wnp3MWRCbTJTRExtczJ3cVdYRFNLczljUHV2MXVha0l4N0RQaDJ3MFU3RThUR2RKZFVMZE9hY2VLTndqUW8yZ0NWWW1yQUwyTm1VckpqbkFUVWtROWpqNm9wUjVZUWJRbGRQVzBOc3R0dUJQT1U4N2F1Wl8zY2pLcnFsSlF6Mk9pNTBTa0J3UklCR2MzWGh3U3pZbnc?oc=5
2026-07-30T10:31:29+00:00,Google News: Crude Oil,True,False,"Brent climbs as US-Iran reignite fighting - engine.online",https://news.google.com/rss/articles/CBMigwFBVV95cUxNd2ctYnRIblczb2cyNWh6WEpUbEJVN3ZjbEtVUXQxRFRDc3BxdzNBNmV3aXNwOENBbndXYllYUzYzazl3M0szcWdlUUc4bGxyODFteFJPSTNFOVFabFhiN2JwRXhnMW9rdU1BYUFQclczV3V6WGRrTHFvNzBxWjFaRGVxMA?oc=5
2026-07-30T08:06:14+00:00,Google News: Crude Oil,True,False,"US crude oil inventories down 1.7% in week ending July 24 - aa.com.tr",https://news.google.com/rss/articles/CBMingFBVV95cUxNdmNxSlBoQ2NFaXNzREpYbEQ2RVlOVV9qbEVBT0FobjVnQ00xQmFROFVjWjg1WWJKNFBBSFFXb2dRVS0yb1RITXNWLUpZX3ctMi1vRk11SkJYVkVtNWhwbFV5S2xzbnZoVkJfaGFzX1dvRjlOc3hnU2ZxQzI0TW9oQmxsMFRjeVpTa3kyb2VoaG9fUHFsUG5jcGFIaHVXZ9IBpgFBVV95cUxNcE1SS1dzVzhjX1FwRlBpeUNidWhobDhPQkN6MG94LWVwR05Zc3g0QjZHQlBiWGZMdEhQdElOaEdXZEw2TklFc28wRFdPZ0QtX2xDQWY2aXYtaHV4NDhIT3lHRDFUWVVzNGg5SUdyb2pVdEFCZWFPRjVZMWNSNEhlY3BVNmxEZ0thSE9mYVFaZ2F5Z1ItVUtUem81Z1Y2Z1N0TlJzYmxR?oc=5
2026-07-30T10:36:24+00:00,Google News: Crude Oil,True,False,"Brent Steadies After Thursday Rally - TradingView",https://news.google.com/rss/articles/CBMijwFBVV95cUxNSHJVSmp1SWZWSDVaTTBQbGVjNE95NWVXM3FlVFpLVHQzanJQRXpUMy0tc0RBT3Bxc1VmcjJYY1ZWOGlnQUNtZ0NGQkFwdnZrc1FDQjFSTlN0QjEyLXVnMkZ0U0JHZ29rNllCT1ZyN3dRbnBZRFBPUUQ3OF9KSFE4Nmc1YUdTR0NUZlFUdGU4dw?oc=5
2026-07-30T13:45:56+00:00,Google News: Crude Oil,True,False,"“Brent texted me when that was all stirred up; and he was like; ‘Dude; I can’t believe people think I punched you in the face!’”: Mastodon's Brann Dailor and Troy Sanders on their complicated relationship with the late Brent Hinds - MusicRadar",https://news.google.com/rss/articles/CBMimwFBVV95cUxQbTFreENnRDZ1QXVDcEVLcEZIQzRfeFctdjdjRGdYTWh4QmhLWXYxZ2hxWWVWeDBzMThxaUhOeDctZExjQmxkQmZJdk1JNkE0dUNRcEZYR0pvd2FoTnEwVUlXVHRoaU5nWHByeW11bmxrNFdtaDNoZnNUQWhHam9SRnVlc1FMYWo2cGFIX0xvcWVIVHQ2cGhoRmFGdw?oc=5
2026-07-30T13:01:09+00:00,Google News: Crude Oil,True,False,"Brent gains even as US Fed maintains interest rates - engine.online",https://news.google.com/rss/articles/CBMikAFBVV95cUxQaE5LeFhCR3czaGk5Q3llZFRMU2dCc2RuclFSWW1NWXk0NHFCN0xNNEVrWjFwaEk4TFFzTmlzSENWTGRLdVJrWHlSVk03by1oVmNIeENkeU91SW5RMUpsODFtX2dYcGxDQzd2STNMVnZKa2xEQXQyQzhTTjBzeG5zaWFjeUVMMjF2NFBGVjQzTXo?oc=5
2026-07-30T14:40:27+00:00,Google News: Crude Oil,True,False,"Crude oil prices hover near key EMAs amid Middle East tensions and market uncertainty. - pluang.com",https://news.google.com/rss/articles/CBMimgFBVV95cUxONUllNGVkQ2lhcjB3MFdnYk1XNTFibDk2TnpSUDNFcjNIUnJqSTVlOWxpZ3BqZ1hlenVSY1JsU0NyMk1xMzJrVFNJWmlUQktZUEIzaHJucWVycHZ4Wko3NkV5djI2UmxqaG04NHNSdHZpNjFsd1JldS1DN2gxd0ZLNmpneVR3S3M1NDhOQ0NCbkV5c184TTVmdUpn?oc=5
2026-07-30T06:22:44+00:00,Google News: Crude Oil,True,False,"Brent Esplin Obituary (2026) - Billings; MT - Billings Gazette - legacy.com",https://news.google.com/rss/articles/CBMimAFBVV95cUxNU2wzSTFnRzlHc0pHLVRkdVBraGdJZzc4Y1l5cGdhNWVlNEMtV24tSTRvU0c1TEhDSFhaRFJCSTRBay1Vc2xLcFpGUDBkSjI3MllvRjFaY0YtQ1JQbFlSenRwT2V5M2JFeVFaMU16Q1lPX0FHR0FCTzRmQXQwcTh0REtYUzJPa0JtY0x3M09ySzRYNkJHWFhIbg?oc=5
2026-07-29T14:39:39+00:00,Google News: Crude Oil,True,False,"Late Night with Rita Brent returns Aug. 1 - WJTV",https://news.google.com/rss/articles/CBMigwFBVV95cUxNekhSbXhxRXI4dVFGWDNBMGVZcEk4WW42M3h0M19TWV9SRVB6WEFMWGVteXM3VFRRQWxoUTdnMVp0cTRNa3BvczdqUVZ0MVBkUW5Id0NQTWtaN2xqdUQxMnlmcUEwRVZBeEZfY1hERDZJdVQ4bzNJOGNUelA1S0owelZyMA?oc=5
2026-07-30T11:04:31+00:00,Google News: Crude Oil,True,False,"Brent climbs above $90 a barrel as fresh US-Iran conflict raises risks for India - TradingView",https://news.google.com/rss/articles/CBMi0gFBVV95cUxNbHJnREFlVjFGdlU2M2wtSW9NT0thM3l2ZWVaSFR2bkJaeFJUOFRhWjYxbHdCdGZRNUJhaGVYVDRWRTBrX19lSkRTWV9KU0s0TFFzTklRMTZyWFpWWVZGZEVhU3R1LVRKOXhKVTZmZVRfXy1GOVF2SEF5MS11UlpJWXdVM0dqTjZPeTlQb1c0R05ESHZWOW9VMHRlYjhuTXRfUEVZdXQ2ZUhqN2haMGM2bmVsZGlQOHA2X3JGV3JTbjVDUkdzNmVqdGxrc25zeUJndHc?oc=5
2026-07-30T10:58:00+00:00,Google News: Crude Oil,True,False,"Forecast update for Brent -30-07-2026 - Economies.com",https://news.google.com/rss/articles/CBMiowFBVV95cUxQdTlmTHJ1YmFBSE9GbjhoR2ZnQnJHaFlXdmRFNFd3ZWRFSzhGeDV4eHJ4RDdGY1A4RmNMa0lxbWZsUnM0ZUhUSzVwZlRmbjZfc2pUWmFGY2c3NmVGY21MMHZNaFNRZVNyT04xSlI1WS13azNLRlFVR1ZDQlpxdTFaWGFrYWNKNXlHV3JqOHJ6Qm5obktPVHBWV1FZdkNHMVlQandJ?oc=5
2026-07-30T12:37:41+00:00,Google News: Crude Oil,True,False,"Kuwait Crude Oil Price Rises by USD 1.93 per Barrel - Fana News -",https://news.google.com/rss/articles/CBMikwFBVV95cUxOMzk3WG1UakFaTmpkWUppOFg3dlg3bzV6ZjlxUkRGcTltT0p5TzRzc2R0OUFJUWIzV0lzNmYzNml3V3JIQWpmVUJMaEh2YWZpX2ZObVJMMzNXRV9Va09HQkJMVjdMcEE2SDB6czJIZUZWa21ENk5HR3pOeTJpR3k2ZTA4YlZRTUhCSTVGV1l1UWtPS2c?oc=5
2026-07-30T10:53:00+00:00,Google News: Crude Oil,True,False,"Forecast update for crude oil -30-07-2026 - Economies.com",https://news.google.com/rss/articles/CBMioAFBVV95cUxPV2lkanBHY3FqMEVtd3ljOXZGS2ZHRFo0OHgxa28xOVo3V1lXT2NiZGIzanYxYnZWbEdfLVVRakxRUTlGYklQaV9neTR5MlRMV0x4WDJCNXNRYjNJX1RFSkVUUTRVZmd5NWQ0d25RSFBjeWhaaVlHNUxuU2dJeFgtd1UtV0FVX09qU01HN19KRTRMS0I2cHdnbjloLW51ekhh?oc=5
2026-07-30T10:22:44+00:00,Google News: Crude Oil,True,True,"WTI breaches $84 as US resumes strikes in Iran - Financial Mirror",https://news.google.com/rss/articles/CBMikwFBVV95cUxQdXdCUjdpaGNiS1o2X0g2VWt6c3dsUE9uY18teVB4R2dZdzJyWndmQmFabUtwRW1NTHk3cjV6ekhKdkxmMGlkSk1mMVJ0RjVUZTBmR2RIc09sUC15Sk5JWE0wckNvTGdwR1FNUVJiTWNkdUU5Unp5VlZ2cWxqbjQ1M3BramtsZzBFN1VkSnFtX2ZrVFU?oc=5
2026-07-30T11:17:50+00:00,Google News: Crude Oil,True,False,"Brent Oil – Recovery Faces Headwinds but Holds Grip for Now - Action Forex",https://news.google.com/rss/articles/CBMiwwFBVV95cUxNdW9JMmF2ZGViNTl1RnQ1cGsxTnVteFAxdWJfSTZ4ZDg0VXJPRnJZa1ZicnJudWxCLUlsandyazM2VFhGM0thX1ZtaTk3cWhhNHdqZEEtR0ZxcXhaN1hEdERRZnZiQTVFMWE5NVI5WGJURzBlT2ZXcjJLaEktdHVra1lWZDNYb3ZuYzVmeV92MnJWSkhwRmVWeXJfX19UNTlZdV8tVkdndFlMRXk3dDlxZTZEVDFvUDZtbXlFZDJEYjBva0k?oc=5
2026-07-30T08:48:20+00:00,Google News: OPEC,True,False,"OPEC+ considers oil production freeze through January 2027 as Global supply constraints persist - Africa Sustainability Matters",https://news.google.com/rss/articles/CBMi0AFBVV95cUxQeDRDYmdUbV9iY3Q2RTVtQ3hycUE2RU1jRE4tU2xTbU9mT3I4X3V3Q1VLeXczRTR0VERfT295ekdadzVZYktpaFM1S1BtUmVPcXRPQnNqcVEtUVc2c1NRbzl0YXJ1NjNVbnlLRVJVY2l1RlhIczI5MjRfeXlpX0tTd01iaDBZTXB6ZThNeFJkUmZqMUVUeVRidkVMNUNha2NaMTJueEYyajlVMnJvU1EyM0J6OW16aFVfTE92MTNPRXBRSDBhNmZnVExHUnZCNWlV?oc=5
2026-07-05T07:00:00+00:00,Google News: OPEC,True,False,"7 OPEC+ countries agree to expand monthly oil production modestly as prices slide - ottumwacourier.com",https://news.google.com/rss/articles/CBMijAJBVV95cUxQM01jWE5kRTBiR2EwV2J4M25vaXExVmJLaXU5NUEwTWdsUi1PNDJjRVgzdW1nZUdxdGY3eTNkeER2d05RcXJCaHIzOFE5Q3ItaEpZM1BmUjlfdWpnSTZTS3ZYdkUzb2JmVlZ6Q192SzAtV0dQeTdHVXlXb1BwSENkSTItSlRGOVdJMkJRNEpkRndsTFBTM3Y1TE1QN1I0emtKNnlOMFg5aVRkOUEyM0JXel80QXNTM3dQVzVmS2w4Y0pBQ1ZFU0ZMQUttcVdxMXdZdGwzYmc3TWRvTW5DZEpMMHl6RUxBWlVEZ2FjdlhLLThqV2NmX3FtNWhiYVRKZkN3REM3eXNGTVV0T25T?oc=5
2026-06-28T07:00:00+00:00,Google News: OPEC,True,False,"Iraq; OPEC Begin Gradual Restoration of Oil Production Quotas - Egypt Oil & Gas",https://news.google.com/rss/articles/CBMilgFBVV95cUxOOWdkV0dKLW40N0pjY1NOR0FZTWRuQ2R5Ukd6QmpralI0d2phNV9XMk9DRW5Ga2RmWldCMGowUWsxaGtEcHFhNmdfTTFodGJXdVI2WjdPcHg4Slp6TnhSMzFoWjF4X1R3Uk5qRkRjN3oxcFFRRURTX2hJajZnZFlsNUNQcE12TGlGU29pX2cyQkEtRE9hckE?oc=5
2026-07-30T13:38:50+00:00,BBC World,False,True,"Missile that left crater deep inside Poland was probably Russian - Polish PM",https://www.bbc.co.uk/news/articles/cwymkgenv2ro?at_medium=RSS&at_campaign=rss
2026-07-30T12:46:16+00:00,BBC World,False,False,"Thousands evacuated in Crete as wildfires threaten tourist resorts",https://www.bbc.co.uk/news/articles/c9w01781981o?at_medium=RSS&at_campaign=rss
2026-07-30T15:20:19+00:00,BBC World,False,True,"At least five members of same family killed in Russian missile attack; Zelensky says",https://www.bbc.co.uk/news/articles/cy8mk59l5jzo?at_medium=RSS&at_campaign=rss
2026-07-30T10:34:07+00:00,BBC World,False,False,"Nicaraguan leader proposes extending presidential term by another year",https://www.bbc.co.uk/news/articles/c0m78k3k31jo?at_medium=RSS&at_campaign=rss
2026-07-30T12:14:00+00:00,BBC World,False,False,"Cyanide in tomato pesticide killed 15 elephants; Kenyan officials suspect",https://www.bbc.co.uk/news/articles/cp9e0v5xmdyo?at_medium=RSS&at_campaign=rss
2026-07-29T22:23:08+00:00,BBC World,False,True,"Worth $5m? Visitors react to renovated Washington horse statues",https://www.bbc.co.uk/news/videos/cly8xzmwpvmo?at_medium=RSS&at_campaign=rss
2026-07-30T10:54:36+00:00,BBC World,False,False,"Watch: Giant iceberg turns over near  Greenland's coast",https://www.bbc.co.uk/news/videos/cdx7lg950gdo?at_medium=RSS&at_campaign=rss
2026-07-30T14:58:41+00:00,Al Jazeera,False,True,"Smoke rises over southern Iran after renewed US attacks",https://www.aljazeera.com/video/newsfeed/2026/7/30/smoke-rises-over-southern-iran-after-renewed-us-attacks?traffic_source=rss
2026-07-30T14:56:59+00:00,Al Jazeera,False,True,"War on Iran: Phase II: Day 19",https://www.aljazeera.com/video/newsfeed/2026/7/30/war-on-iran-phase-ii-day-19?traffic_source=rss
2026-07-30T14:22:02+00:00,Al Jazeera,False,False,"Police arrest dozens at London rally supporting Palestine Action",https://www.aljazeera.com/news/2026/7/30/police-arrest-dozens-at-london-rally-supporting-palestine-action?traffic_source=rss
2026-07-30T14:07:49+00:00,Al Jazeera,False,False,"El Salvador sentences gang members to 1;000 years in prison",https://www.aljazeera.com/video/newsfeed/2026/7/30/el-salvador-sentences-gang-members-to-1000-years-in-prison?traffic_source=rss
2026-07-30T13:51:52+00:00,Al Jazeera,False,False,"‘Go back to your own country’: NZ foreign minister faces backlash",https://www.aljazeera.com/video/newsfeed/2026/7/30/go-back-to-your-own-country-nz-foreign-minister-faces-backlash?traffic_source=rss
2026-07-30T13:35:29+00:00,Al Jazeera,False,False,"Islamabad residents rally in solidarity with Kashmir protests",https://www.aljazeera.com/video/newsfeed/2026/7/30/islamabad-residents-rally-in-solidarity-with-kashmir-protests?traffic_source=rss
2026-07-30T13:26:26+00:00,Al Jazeera,False,False,"Sudan’s RSF vows to return to Khartoum",https://www.aljazeera.com/video/newsfeed/2026/7/30/sudans-rsf-vows-to-return-to-khartoum?traffic_source=rss
2026-07-30T13:15:23+00:00,Al Jazeera,False,False,"World Cup: What has FIFA charged Argentina with; what could punishment be?",https://www.aljazeera.com/sports/2026/7/30/world-cup-what-have-fifa-charged-argentina-with-what-could-punishment-be?traffic_source=rss
2026-07-30T12:44:40+00:00,Al Jazeera,False,False,"Detained Ugandan opposition leader Besigye in intensive care; wife says",https://www.aljazeera.com/news/2026/7/30/detained-ugandan-opposition-leader-besigye-in-intensive-care-wife-says?traffic_source=rss
2026-07-30T11:51:07+00:00,Al Jazeera,False,False,"England appoint Root and Fleming as Test cricket captain and coach",https://www.aljazeera.com/sports/2026/7/30/england-appoint-root-and-fleming-as-test-cricket-captain-and-coach?traffic_source=rss
2026-07-30T11:34:57+00:00,Al Jazeera,False,False,"How does a safe zone in Lebanon become a target three times?",https://www.aljazeera.com/video/by-the-numbers-3/2026/7/30/how-does-a-safe-zone-in-lebanon-become-a-target-three-times?traffic_source=rss
2026-07-30T11:32:30+00:00,Al Jazeera,False,True,"Israeli strikes kill at least four; including children; across Gaza Strip",https://www.aljazeera.com/news/2026/7/30/israeli-strikes-kill-at-least-four-including-children-across-gaza-strip?traffic_source=rss
2026-07-30T10:35:52+00:00,Al Jazeera,False,False,"AFC president doubles down on FIFA; calling World Cup plan ‘unacceptable’",https://www.aljazeera.com/sports/2026/7/30/afc-president-doubles-down-on-fifa-calling-world-cup-plan-unacceptable?traffic_source=rss
2026-07-30T10:21:53+00:00,Al Jazeera,False,True,"Israeli raids and settler attacks intensify across the occupied West Bank",https://www.aljazeera.com/video/newsfeed/2026/7/30/israeli-raids-and-settler-attacks-intensify-across-the-occupied-west-bank?traffic_source=rss
2026-07-30T10:21:02+00:00,Al Jazeera,False,True,"Attack on northwest Pakistan police post kills 11 officers",https://www.aljazeera.com/news/2026/7/30/attack-on-northwest-pakistan-police-post-kills-11-officers?traffic_source=rss
2026-07-30T10:20:19+00:00,Al Jazeera,False,True,"Several children killed and wounded in Israeli attacks across Gaza",https://www.aljazeera.com/video/newsfeed/2026/7/30/several-children-killed-and-wounded-in-israeli-attacks-across-gaza?traffic_source=rss
2026-07-30T10:18:53+00:00,Al Jazeera,False,True,"Why is Saudi Arabia forming a coalition to protect the Red Sea?",https://www.aljazeera.com/news/2026/7/30/why-is-saudi-arabia-forming-a-coalition-to-protect-the-red-sea?traffic_source=rss
2026-07-30T10:13:52+00:00,Al Jazeera,False,True,"Poland says Russian missile breaches NATO airspace",https://www.aljazeera.com/video/newsfeed/2026/7/30/30-07-sv-lublin-air-sirens-pl?traffic_source=rss
2026-07-30T10:12:17+00:00,Al Jazeera,False,False,"Howe exits Newcastle on Premier League season eve; with Al-Ahli boss touted",https://www.aljazeera.com/sports/2026/7/30/howe-exits-newcastle-on-premier-league-season-eve-with-al-ahli-boss-touted?traffic_source=rss
2026-07-30T09:49:29+00:00,Al Jazeera,False,True,"US hits multiple targets in Iran as IRGC pledges retaliation: What we know",https://www.aljazeera.com/news/2026/7/30/us-hits-multiple-targets-in-iran-as-irgc-pledges-retaliation-what-we-know?traffic_source=rss
2026-07-30T09:43:50+00:00,Al Jazeera,False,False,"From Toronto to Damascus: Syrians return home aiming to rebuild country",https://www.aljazeera.com/news/2026/7/30/from-toronto-damascus-syria-return-home?traffic_source=rss
2026-07-30T09:24:32+00:00,Al Jazeera,False,False,"Apartheid wealth cannot buy silence on Gaza",https://www.aljazeera.com/opinions/2026/7/30/apartheid-wealth-cannot-buy-silence-on-gaza?traffic_source=rss
2026-07-30T09:17:06+00:00,Al Jazeera,False,True,"Man who stabbed author Salman Rushdie convicted of ‘terrorism’ charges",https://www.aljazeera.com/news/2026/7/30/man-who-stabbed-author-salman-rushdie-convicted-of-terrorism-charges?traffic_source=rss
2026-07-30T09:12:51+00:00,Al Jazeera,False,False,"South Africa’s le Clos breaks Commonwealth Games medal record",https://www.aljazeera.com/sports/2026/7/30/south-africas-le-clos-breaks-commonwealth-games-medal-record?traffic_source=rss
2026-07-30T09:10:07+00:00,Al Jazeera,False,True,"Photos: Zelenskyy urges ‘protection of life’ amid deadly Russian attacks",https://www.aljazeera.com/gallery/2026/7/30/photos-zelenskyy-urges-protection-of-life-amid-deadly-russian-attacks?traffic_source=rss
2026-07-30T15:04:43+00:00,CNBC World,False,False,"U.S. economy slowed to 1.5% growth rate in Q2; June core inflation at 3.3%",https://www.cnbc.com/2026/07/30/us-economy-slowed-to-1point5percent-growth-rate-in-q2-june-core-inflation-at-3point3percent.html
2026-07-30T14:45:24+00:00,CNBC World,False,False,"Meta tanks 9%; continuing record losing streak; while Microsoft jumps 15% as AI trade splits",https://www.cnbc.com/2026/07/30/microsoft-msft-meta-stock-today-earnings.html
2026-07-30T14:55:31+00:00,CNBC World,False,False,"AI investor Leopold Aschenbrenner forced to unwind all public stock positions after steep losses; sources say",https://www.cnbc.com/2026/07/30/leopold-aschenbrenners-hedge-fund-is-facing-steep-ai-losses.html
2026-07-30T15:11:30+00:00,CNBC World,False,False,"Apple and Amazon report after the bell. Here's what the options market is saying",https://www.cnbc.com/2026/07/30/apple-and-amazon-report-after-the-bell-heres-what-the-options-market-is-saying.html
2026-07-30T14:09:36+00:00,CNBC World,False,False,"New details in the OpenAI Hugging Face hack show how far agents will go: 'It's now remarkably easy'",https://www.cnbc.com/2026/07/30/open-ai-hugging-face-hack-latest.html
2026-07-30T14:22:24+00:00,CNBC World,False,False,"Ferrari CEO says he 'would not change anything' about polarizing Luce EV debut",https://www.cnbc.com/2026/07/30/ferrari-ceo-luce-ev-debut.html
2026-07-30T14:58:40+00:00,CNBC World,False,False,"The oil majors are about to report booming profits. These smaller stocks may be better buys",https://www.cnbc.com/2026/07/30/the-oil-majors-are-about-to-report-booming-profits-these-smaller-stocks-may-be-better-buys.html
2026-07-30T12:45:54+00:00,CNBC World,False,True,"Egypt says drone hit two ships at Mediterranean port as attacks on energy infrastructure widen",https://www.cnbc.com/2026/07/30/egypt-drone-gas-ship-damietta-port-iran-war.html
2026-07-30T15:14:14+00:00,CNBC World,False,False,"Ferrari raises 2026 guidance after Q2 earnings beat",https://www.cnbc.com/2026/07/30/ferrari-race-earnings-q2-2026.html
2026-07-30T15:07:29+00:00,CNBC World,False,False,"Bank of England holds UK interest rate steady at 3.75% — but policymakers see upside inflation risk",https://www.cnbc.com/2026/07/30/interest-rates-inflation-bank-of-england.html
2026-07-30T14:00:18+00:00,CNBC World,True,True,"Oil prices fall despite escalating fighting between U.S. and Iran",https://www.cnbc.com/2026/07/30/oil-prices-us-iran-war.html
2026-07-30T13:59:32+00:00,Guardian World,False,False,"US government map of Africa mislabels every country at global conference",https://www.theguardian.com/us-news/2026/jul/30/government-map-mislabels-african-countries
2026-07-30T12:46:50+00:00,Guardian World,False,False,"Fifteen elephant deaths at Kenya park may be due to cyanide poisoning",https://www.theguardian.com/environment/2026/jul/30/elephant-deaths-kenya-park-cyanide-poisoning-wildlife
2026-07-30T12:36:02+00:00,Guardian World,False,False,"Fifty-three days and counting: 93-year-old leader’s record absence fuels health speculation",https://www.theguardian.com/world/2026/jul/30/record-absence-paul-biya-cameroon-president-health-speculation
2026-07-30T15:00:19+00:00,Guardian World,False,True,"Governor general warns of ‘growing catastrophe’ that threatens to undermine democracy in Australia",https://www.theguardian.com/australia-news/2026/jul/31/governor-general-warns-of-growing-catastrophe-that-threatens-to-undermine-democracy-in-australia-ntwnfb
2026-07-30T15:00:17+00:00,Guardian World,False,False,"Icac revelations have left Angus Taylor’s colleagues anxious – and his factional enemies angry",https://www.theguardian.com/australia-news/2026/jul/31/icac-revelations-have-left-angus-taylors-colleagues-anxious-and-his-factional-enemies-angry
2026-07-30T10:59:19+00:00,Guardian World,False,False,"Book returned to Australian library – 150 years overdue",https://www.theguardian.com/australia-news/2026/jul/30/book-returned-to-australian-library-150-years-overdue
2026-07-30T15:02:12+00:00,Guardian World,False,False,"Firefighters race to extinguish blazes across EU as fire weather breaks records",https://www.theguardian.com/world/2026/jul/30/fire-weather-eu-wildfires-data
2026-07-30T13:10:55+00:00,Guardian World,False,True,"‘It was a big shock’: new border rules left couple stuck in Kraków after living in UK for 80 years",https://www.theguardian.com/politics/2026/jul/30/how-couple-lived-in-uk-80-years-got-stuck-in-krakow
2026-07-30T13:00:15+00:00,Guardian World,False,False,"Europe burns: a visual guide to the wildfires",https://www.theguardian.com/world/2026/jul/30/europe-burns-france-spain-visual-guide-wildfires
2026-07-30T15:24:31+00:00,Guardian World,False,True,"Iran’s war with the US is not its only conflict as internal crises mount",https://www.theguardian.com/world/2026/jul/30/iran-war-us-conflict-internal-crises-economy-dissent
2026-07-30T15:29:30+00:00,Guardian World,False,False,"Burnham says he told Trump he would be ‘pragmatic’ on drilling for oil in North Sea – politics live",https://www.theguardian.com/politics/live/2026/jul/30/reform-nigel-farage-robert-jenrick-labour-prisons-andy-burnham-latest-news-updates
2026-07-30T15:18:34+00:00,Guardian World,False,False,"Labour asks Electoral Commission to investigate Reform UK over donations",https://www.theguardian.com/politics/2026/jul/30/electoral-commission-reform-uk-donations-george-cottrell
2026-07-30T15:03:21+00:00,Guardian World,False,False,"Supreme court says Palestine Action co-founder can challenge ban on group",https://www.theguardian.com/uk-news/2026/jul/30/supreme-court-says-palestine-action-co-founder-can-challenge-ban-on-group
2026-07-30T15:01:10+00:00,Guardian World,False,False,"Child pedestrian deaths are almost five times higher in England’s worst-off areas",https://www.theguardian.com/world/2026/jul/30/child-pedestrian-deaths-five-times-higher-england-worst-off-areas
2026-07-30T14:11:46+00:00,Guardian World,False,True,"Staff at V&A site in London vote to strike over toilet and water breaks",https://www.theguardian.com/artanddesign/2026/jul/29/v-and-a-museum-storehouse-london-vote-strike
2026-07-30T15:26:33+00:00,Guardian World,False,False,"Uncertainty shrouds Blanche’s nomination to be Trump’s next attorney general as key Republicans postpone vote – live",https://www.theguardian.com/us-news/live/2026/jul/30/donald-trump-todd-blanche-irs-justice-immigration-iran-latest-news-updates
2026-07-30T14:58:38+00:00,Guardian World,False,True,"Democrats demand answers over treatment of wounded US troops after Iran strike",https://www.theguardian.com/us-news/2026/jul/30/iran-strike-democrats-troops-wounded
2026-07-30T14:51:33+00:00,Guardian World,False,False,"Pope Leo invokes immigrant and slavery roots in call for US to honour founding ideals",https://www.theguardian.com/world/2026/jul/30/pope-leo-immigrant-and-enslaved-roots-us-founding-ideals
2026-07-30T14:46:03+00:00,Guardian World,False,False,"Three-quarters of Americans think Trump isn’t focusing on top US issues – poll",https://www.theguardian.com/us-news/2026/jul/30/trump-approval-rating-poll-midterm-elections
2026-07-30T14:37:08+00:00,Guardian World,False,False,"Father of boy rescued from California surf ‘forever grateful’ to teen lifeguard",https://www.theguardian.com/us-news/2026/jul/30/boy-rescued-california-surf-video
2026-07-30T11:45:46+00:00,NPR News,False,False,"Sen. Paul threatens to hold Fauci in contempt. And; a new rule undercuts U.S. asylum",https://www.npr.org/2026/07/30/g-s1-136285/up-first-newsletter-anthony-fauci-covid-asylum-rule-medicare-drug-plan
2026-07-30T09:53:10+00:00,NPR News,False,True,"Russian strikes across Ukraine kill at least 8 civilians and wound dozens",https://www.npr.org/2026/07/30/g-s1-136276/russia-ukraine-war
2026-07-30T08:55:53+00:00,NPR News,False,True,"The U.S. retaliates against a 'surprise attack' by Iran in Jordan",https://www.npr.org/2026/07/30/nx-s1-5913077/us-iran-updates
2026-07-30T11:01:36+00:00,Reuters (via Google News),True,True,"Kazakhstan's oil export gateway shut again by Ukrainian drone attacks in Black Sea - Reuters",https://news.google.com/rss/articles/CBMiygFBVV95cUxPRlpEU2UtMWthZ09weEJWRVo1TkJjWWFCdlVMdklvZzlfUmhUS2w5STlhTkpsOFB0R0FUSXhrWW8zRmMzYnVOT0c3NHpwZmZBVF9fQTNKdjR3alZSZE16YjBZdlZUVjhRMWEtQVVoTTZwT01pNV9JX2RFWk4tS19EZHpOQ0tLNkx6bzJsLXZuSm9VYTJleHlSa3ZWNk5WNThkcHhnc2hZTXRBME1IQTQ1aWlxZG10ZzdEZzk2c2RLeU10Q3FKTF9vaEh3?oc=5
2026-07-30T06:01:00+00:00,Reuters (via Google News),False,False,"Mideast oil faces bleak new order as Iran’s grip on Hormuz tightens - Reuters",https://news.google.com/rss/articles/CBMi0gFBVV95cUxQdks1c003LWVheEJ4Tzd5LWdTekZPUEtmallwYloxMWJCQTJvY1ZUQVpPNk0yT3FiQXloSVFGb19WZDBaZ3ZSdzBCU3hDTVZpRzcwLVdsbFpYVmhFVTQ3TUVOSUV4XzdEbG91QnJIZnRlZkNXdGJ5cFVEZmVCdWZwbHM1dmlDaXY5bjNrZDh0d1puOFAwdmxTdVE3aWNtQUI1V2VpYlM2TWdjd215N1BWTnFxQXFFMi1XTDRKU3BPeFduTlRjSm1xdllXZnVfOHpDckE?oc=5
2026-07-30T02:38:00+00:00,Reuters (via Google News),False,False,"Autos lead rise in Indian shares; Fed; oil cap gains - Reuters",https://news.google.com/rss/articles/CBMilwFBVV95cUxOSXY3cW5ibmJJM1M3bmQ5SFZoc1VNaVhBQ0lxUFdnQUVLb1c3eTV5dzJoM3k1UUFkam5rZW80QkJncmdJZFNfNnJiNENnZnVZOFRDQXg4bVBPdjV0b1dRRGVLS3VaQWk1OEJtZnFwN19UVVZ3NTd4TVR1azNXZHEyTEJONktiWC1nb3VhTUlrTnI0bE1kb1Fz?oc=5
2026-07-30T06:24:00+00:00,Reuters (via Google News),False,True,"Shell profit more than doubles to $9.8 billion; second-highest on record; as Iran war lifts prices - Reuters",https://news.google.com/rss/articles/CBMirwFBVV95cUxPOVlEVkZ5c0ZFc3F3cjhHdllWWFNMNlAzR3VKVGR3cTFGQU11UUFJbWNzemJBLTIwX0lwWHBydVBySkUzS2dQQXJlZGpFRTNEdGljNENnaXNZQmQ0blUzejRLU3dsRlpLeExXZkJHdUlBcGlqZ3EyeFRIS2toSUdsbmpmTzh1eHJyODF4M2VtZi02ZHR3N2F5Sjd6Rk9nbXl1TmVrZWk1UXkwUHAxZjVZ?oc=5
2026-07-30T10:03:49+00:00,Reuters (via Google News),True,False,"South Korea refiners considering imports of Venezuelan crude; association says - Reuters",https://news.google.com/rss/articles/CBMixAFBVV95cUxPQkNVZVFheklZQ19SNGNUUEM0aTd5SllSS1FkN2d2c1hYOEp4bXJKbWtBb1pLWTFlQ3U0dXE1MGhOLTV2amFvd1ZQTnpHRXBrenNMaWpRMVEweEMxc3RxMEh5NmtDQk44ZFFsaVk3ZC1RaWlLbFRLQlJmVENTZEV6NTZnSWpzY0dWcS1tOWFDSnJjY28wV3lqX29CZ20tZ1ZQb3ZXRUxYY25YMTYxcHhxbU5DRlp0b3FmM25rd29Kek5xUUZl?oc=5
2026-07-17T07:00:00+00:00,Reuters (via Google News),True,True,"China's oil imports have plunged during the Iran war. How much will they recover? - Reuters",https://news.google.com/rss/articles/CBMixAFBVV95cUxOLTI1OFgyZ3BIUU40N1NsczgyREZuR211NVlMQXAtdTVmOWduRF9YOEJPVHd1QkJsV0xhek9aenVtY2gyMWNPc2JyMzBvRnZIUC1mY0QzSFdqbkQyWThzTnJ6VDRVcUdHTWJfXzE5ZER3WHpTay12RlJQOTlpdUpXRmh2Q3ZVSDRzTEl3UE80WG0xSVc3eTN2LTNlbmxBbGpuQ1RVWkE5Q1JDNEMwdlhzUHdvWFJnc3JxX3RYd2l0QWYzWF9V?oc=5
2026-07-30T12:52:10+00:00,Reuters (via Google News),False,True,"Egypt confirms drone caused fire on two gas vessels at Damietta - Reuters",https://news.google.com/rss/articles/CBMisAFBVV95cUxOYjF1aWhGTmZFRVNLcWFNN2JqX2FUUkZMY3ZLeldiNEJUZE0zLWFqa0xQQXVIdWxIQ3JidXJaS2ltNWF1MU1TVlZzZVFTUVhnTTl2djhtaUxDemp5Rkl1al9ZdHFfSmo0RjgwZGJGYmN0NU04V1ZROEpheFJfX2pzN0tELUVPVVYtVGE5UGJsNUt3ZEtCbFREX1hBNGQ5cTlpTFljQU10X2tTSkhGd09XdQ?oc=5
2026-07-30T13:52:52+00:00,Reuters (via Google News),False,False,"BP to cut 700 jobs as it simplifies company; internal email shows - Reuters",https://news.google.com/rss/articles/CBMinwFBVV95cUxPRWxTNkdVLTRIQS16YTBScFBMQm1ndlRmaHdUQWYzTXVuYWk1QnNodEl5dHo0RUhqNUs5eHg3cGs2YnAwMFBQN1Jpck83d291bDlCckhLZVMzZ0lpQjhKdGVJdzFraW5HbE95MUZfMHZWNUVLdmRCODV3UE9temFldmY1dXhVZVlHX092ZnBCRmF4LXE5WlUxZUNvQk1IcTg?oc=5
2026-07-30T10:31:14+00:00,Reuters (via Google News),True,True,"Drone strike on Lukoil refinery causes fire; damages distillation unit; sources say - Reuters",https://news.google.com/rss/articles/CBMiygFBVV95cUxORjZiejg4dnBxaVNhWHpyc2lHc2dZSkJKUjBPNUEzMVFiLTliQU93VFpJRXpsTWhXeS1kMFNLanNFeXk4aEwydHJ0ZUN2SUU2a1VHaE1LWDBON3BjRjVzdEx2UXZsdHhFeTZCQkZuTnQxbVd5WFI0b1R5YXZBUmFqMkMwUkFISkZJUVdHTzVTNWFUTjhmNXJxMnR4YjEybHBOR2xoUVplX1M5SXlRWmZHaGpyYWxjZk8zekJaRHBWcjRPcHp5ajdETTBR?oc=5
2026-07-27T16:09:48+00:00,Reuters (via Google News),False,False,"Energy Watch: Fool me once - Reuters",https://news.google.com/rss/articles/CBMimgFBVV95cUxPTWJuNXBBT0M0Q1BZc05MNEhHanE2UjdLaS1qR0NGdFJHM2Z4OUtQRVF2QU96czBYSXA0YUhLZjdZWWtfdHVVUVpCU1R1UGw4eE1aRnlQeDZaVDNxdFN2dVFxZWlCem9RYWttYms5ZERON294dFFuTVNmNU43ZTZ6RGxGUm4wd01qQ0NoMlBISDZDczNiNkc2M09R?oc=5
2026-07-30T19:00:00+00:00,OilPrice.com,True,True,"Gulf Oil Exports Struggle to Recover Despite Higher Hormuz Traffic",https://oilprice.com/Energy/Energy-General/Gulf-Oil-Exports-Struggle-to-Recover-Despite-Higher-Hormuz-Traffic.html
2026-07-30T18:00:00+00:00,OilPrice.com,True,False,"China’s Trade With Central Asia Surges 6.5%",https://oilprice.com/Geopolitics/Asia/Chinas-Trade-With-Central-Asia-Surges-65.html
2026-07-30T17:30:00+00:00,OilPrice.com,True,False,"Desperate for Fuel; Russia Looks to Kazakhstan for Refining Capacity",https://oilprice.com/Latest-Energy-News/World-News/Desperate-for-Fuel-Russia-Looks-to-Kazakhstan-for-Refining-Capacity.html
2026-07-30T17:00:00+00:00,OilPrice.com,True,True,"Record U.S. Refinery Runs Fail to Ease Global Fuel Crunch",https://oilprice.com/Energy/Crude-Oil/Record-US-Refinery-Runs-Fail-to-Ease-Global-Fuel-Crunch.html
2026-07-30T17:00:00+00:00,OilPrice.com,True,False,"U.S. GDP Growth Slows to 1.5% in Second Quarter; Missing Forecasts",https://oilprice.com/Finance/the-Economy/US-GDP-Growth-Slows-to-15-in-Second-Quarter-Missing-Forecasts.html
2026-07-30T16:30:00+00:00,OilPrice.com,True,True,"Russia Extends Diesel and Gasoline Export Bans Into 2027",https://oilprice.com/Latest-Energy-News/World-News/Russia-Extends-Diesel-and-Gasoline-Export-Bans-Into-2027.html
2026-07-30T16:00:00+00:00,OilPrice.com,True,True,"Iraq Leader’s Successful Visit to Washington Shows New Path Forward with U.S.",https://oilprice.com/Geopolitics/Middle-East/Iraq-Leaders-Successful-Visit-to-Washington-Shows-New-Path-Forward-with-US.html
2026-07-30T15:16:11+00:00,Rigzone,True,False,"BP Starts Up US Gulf Expansion Project",https://www.rigzone.com/news/bp_starts_up_us_gulf_expansion_project-30-jul-2026-184258-article/?rss=true
2026-07-30T19:25:00+00:00,Google News: Crude Oil,True,False,"How you can get around Brent Spence Bridge construction for weekend events - WLWT",https://news.google.com/rss/articles/CBMimAFBVV95cUxQcW1tQ0tVRnJtZk8zU2E2OU5lOE5ma01ZQkJHUnV4Vmhrc2tvVEdZOC1QSGQ3V3dZVTVrSTVlWDV3ZlBhTWZ5bG5KU05rbnVJNFhHMk15aElvalZnUVdMTjZKMkVBd2FHR1ZtM1l0QVc2TVdxWTFva2NjaE9WVkl4OHFaMDZNOEs2VVU3SzB4ZUhZOFd3NW93SA?oc=5
2026-07-30T15:33:14+00:00,Google News: Crude Oil,True,False,"Cushing crude oil stocks dropped more to critically dangerous levels - Oklahoma Energy Today",https://news.google.com/rss/articles/CBMipgFBVV95cUxPVThpZFJsWEhtbFJzeGtBeGJBZDktS0Rwa2pHZzFnRDVBVXVydGpTMVpkNjliVi1TdlV0Y0tBZkxWWVBjMmR1bVhMSE1JaXBPUGlWLUdGV0ZHNnRoZkhLVVoxM0FQcmdvZWh0WktOM1VRX1UyVmpfM1lKWmZpTTRmYmpGUTlfd0F5ZW1NRHA3MUZoYXJOd3Vzd3Vod1kxWjMxRFBJSUpB?oc=5
2026-07-28T07:00:00+00:00,Google News: Crude Oil,True,True,"Tribute Wall | Brent A. Warren - Young Colonial Chapel Funeral Home; Inc.",https://news.google.com/rss/articles/CBMiZkFVX3lxTE9KS05FZVBVU0VIT1c2bzkwMFhvM1RPTUNtVFVrSVJaVWV1b1NzUE9VaHZ3X2NESk4yaEkxOTBySzNWWFZGRDRrRy03Q1BBN0dGMjUyWW9sQ2ZwSzRfUnZIUjh3eFNSZw?oc=5
2026-07-30T18:00:37+00:00,Google News: Crude Oil,True,False,"Brent; WTI Crude Prices; Jul. 30; 2026 - Energy Intelligence",https://news.google.com/rss/articles/CBMickFVX3lxTFBvUmdUU3A3NDA2NTlfdjRfazctNkd6RVdqWGhlRDRLZDBFTjVIaHNwLUxmRnB4U1RvY3UyOGUtUGd2YnUwbzV2TXltRUpxZzAwcDc2X0cxWkhRalRac2p5WUpxWHdVQUxMYV96bG9iZGRaZw?oc=5
2026-07-30T15:44:12+00:00,Google News: Crude Oil,True,False,"Crude Oil Prices Slip on Ongoing US-Iran Negotiations - Barchart.com",https://news.google.com/rss/articles/CBMingFBVV95cUxQU1QyNFJ3eHJVbmZMYTlvd1p4OV9fRHRGbTdJUUJaX0RSU1FsZklEQ2EyWkdXejhfc0t5c0YwaVlMZ1JHYW1fVlJFclJSTzVob1BtX3ZXM3k2RWE4S01IOGVsSkQ1WFBwNGk4b0l6NnBnNlB3blpPeWplaWtRWVFpRWZ1TlBYWWl5eW9DQlM3cG9PaTM5OHYyYXZ2Zmp1dw?oc=5
2026-07-30T15:25:11+00:00,Google News: Crude Oil,True,False,"Oil futures: Brent dips below $90/b; Mideast tensions remain elevated - Quantum Commodity Intelligence",https://news.google.com/rss/articles/CBMirgFBVV95cUxOaEJYNm8zUUYybzJOSzFSVzk1aHlhQVlqZEdXbVVObnBiN0JRVV91c1NGS2xQNHlrTUhXSlFKemc4Y0JMak1fYjNSRmhDbURVZmZNcjZQVFpfc0tHc0E0Rmh4WldTVmRMTlo0NXJNS0drb3FBUmJqNlZRaGx3aFRjS3hDX2FNSl9SdVJJbUZCVXpiRE4zVUN3amZicVU0S0RFSHliYktKOHBjS2RrMVE?oc=5
2026-07-30T19:14:09+00:00,Google News: Crude Oil,True,True,"Crude Oil Prices Drop on Increased Traffic Through Strait of Hormuz - Barchart.com",https://news.google.com/rss/articles/CBMisAFBVV95cUxNRWZlRVBYem5mV2VqbGhtOGRTWE1FbHZwb3V1UXpDYXhaTzhWQUtsMW1IV194ZzdsWkRGbmlWSDVuOWRxTTc3cmhVMy1JV2VYYWJseVF0ODIxbUV1TXpDOGlMRWc1MHFaOWNjclk4TjNReS16amZPc2tqblYxR01DNkd0dXF1VGNzUVlvdi1LWlhFQ2NxQ205bUxlek1QWmZyQkpVVjRuY19vY1N1VzhZag?oc=5
2026-07-30T14:51:57+00:00,Google News: Crude Oil,True,False,"Microsoft is one of the most balanced AI stories; says Jefferies’ Brent Thill - CNBC",https://news.google.com/rss/articles/CBMitAFBVV95cUxNTlRyWWN6RnJkcE9FREhiQUFFSkNKNjUtZUpNQ1QxeC1sN1JNSVRVZWU1c3hWTTc3VnoxbWpfelEzbGZEZXRjWjF5MDVRVW5jWEZ2LUhLd1F1LW9DNTJJUVpBYnoyX0RqTXpRbU5rUVFEd0dEZWNkRm5fd29LcTgxTzB4OU9iSjYyeXNqVElrcWFYV1ZsQ1ZURmtKbFdzWHJubjVLM1pFZlFpZnJPOTJFdXJfMGQ?oc=5
2026-07-30T15:13:00+00:00,Google News: Crude Oil,True,False,"TekSynap Appoints Brent Newman as Vice President of Talent Acquisition - Business Wire",https://news.google.com/rss/articles/CBMixgFBVV95cUxNYmhSZXZLOVloVlJvVmVlNjRaaW53UnFTUHk4U2Z2MnhES3B5WTNtbDFxa29MNmJOT296T0RsemZUbTB0cEh5Z0o3R0ZNVHV0Q0E0dU9LWXpUZW5YQzdyS014Q3ZXcTNfM212MG9IY1YzdVkyS20yLWZ4YXZyckVSU1JlOUJNX2htTWVKcGh2RlBaWnRVbDdWRTFGekhVVWY2Nk1yb0pmaGY3ZW52ZkFjZWIxdGEyNW8yR2xQMEIxRTUxU1NPb3c?oc=5
2026-07-30T18:48:31+00:00,Google News: Crude Oil,True,False,"Crude Oil is pricing a Hormuz deal; not a peace deal - FXStreet",https://news.google.com/rss/articles/CBMimgFBVV95cUxQdVdiZllBRE16S2k4VVhnc1dOY01LZy01cHNhRXA3T3d0TE05R3dXWEdWbkFWTUNoUE1aODJJM0laZmtpZDFISWFhdC1yYjJYZlMzeTh2bmVfT3h6M0dxOHZUMGtVWU00MlJ1T3l6ZTVpQkV1OHNXZHlMYU5fNjNHaXk4UDhVS08yT1dGUGNiSGFuTU1ZcVBYSWRR?oc=5
2026-07-30T15:39:14+00:00,Google News: Crude Oil,True,False,"Brent Falls After Thursday Rally - tradingview.com",https://news.google.com/rss/articles/CBMiiwFBVV95cUxNQ3JHZDRqa1RvcEZXTkxGNzBsdWVPVk9xWnRBNWhENG5UdV9PclJOMW5GZDRWVDlnVkhCYjMxVlVHYXdFQzExaG5mMlUyd1ZwMEpxZHJIMmtZZlVEN0d6RERsM1poU1MzZEx0eVJzbmRzTFpDYXA5Q0U3anpXdGl5YUNnaDhwOUViNDRV?oc=5
2026-07-30T18:41:31+00:00,Google News: Crude Oil,True,False,"Chambers House exhibit explores "Learning Through Play" - Beaumont Enterprise",https://news.google.com/rss/articles/CBMirAFBVV95cUxQN013a0FPWVdjNjBkNW9jU3NDdEtwdm5jMG9qN2RfUkVEeExncDRReFZwNDE0NDRVRjNlb3J4RjU3ekVlTVIzZmV4ejZNUzlESXdzMWhfWmRybzE3VzdXRm8xb3FOVWJLRElZZG5aeld5dGFQZlhrM3hxSHNOTWh6S0FMWGI5Tkt3c05mZS1RR2VKRnBCbTBURzFhU1RYMkx0NUpoZThlTmE0bkdr?oc=5
2026-07-30T20:18:34+00:00,Google News: Crude Oil,True,False,"TekSynap Names Brent Newman Vice President of Talent Acquisition - citybiz",https://news.google.com/rss/articles/CBMipgFBVV95cUxPUnI2Ymt3TDBuSzk1cHFfenI5YVVkRnNvT3FaMnpzUm1zQUJWejVpZjg1aTA2RHlMcWJLdDUyX1dzLXpSNmpOdjVNZ3hyXy16cDQxZ0JQMGFYQkVFV3F0R0tIclRYVHVMUVhObDZzaTNPWVhZazJlSVZiZHlGN1B2RDg0alpFa3E1TENTX3JXeFFzdXBSZmM0YUxzVEphcm5vSnhpQy1B?oc=5
2026-07-30T16:47:22+00:00,Google News: Crude Oil,True,False,"Markarian Founder Alexandra O’Neill Designed 4 Custom Dresses for Her New York City Wedding Weekend - Vogue",https://news.google.com/rss/articles/CBMiggFBVV95cUxObVE1d3pKeFFOV3JaNkZrRTlhQXBKX2ZmZ2Y3LU5CbEttSXloSlBycllhWWJBS01HQjM2ZmsxUTBEOTlNOU1CajNKS2ZaVmNJS0RFNjhZZGxtalo2U1ZjRGJEbVZrWHExNFFqTHFLZEdCNlR0LXQtOUJtSnZrd0Y5aEVR?oc=5
2026-07-30T18:54:00+00:00,Google News: Crude Oil,True,False,"Natural Gas; WTI Oil; Brent Oil Forecasts – Oil Markets Move Lower Amid Profit-Taking - FXEmpire",https://news.google.com/rss/articles/CBMizAFBVV95cUxPOGdKamY2UXBOVWl3R3AxOVU3MFZ3TTRNdUFIVDFtbW1kb3dTaTRsR0hjLXVVY2FZSXBxWEhBLXlYNEdtVW0yaTh6U1RRbGFuVXZGeXVvU05sNmZmZjhVYVVEMXdjZzJ1RGhKYldUVHFvWDJXbEkxY1huUHZLV0FYSWFYbzBRaUl2SVctMC1uWXh3T21mWUxFOUM2NVhsancyS3k1S0t2S0ZtNkdHYVV2RmVDOGd3Z0pTbVJwbE9iWFJUMVBjRVhoWXJHdzI?oc=5
2026-07-30T14:00:40+00:00,Google News: Crude Oil,True,False,"Tune In Alert: A Never-Before-Heard Interview and Acoustic Set with Mack; Myers & Moore - Featuring Pierre Robert - 93.3 WMMR",https://news.google.com/rss/articles/CBMi0gFBVV95cUxPb0RCbERFTHRYT2daV0hKX3pBNzlCZ1BhNGRuUTdDNFdVQzJWeUFDZEtWUWowLVFQeU5WdUkyLWszREhwNGh1MVhEbDdRWUx2eUtTZ3pnZGotc2dFdExLUWhfYnJaMWVLYUZXTG1PVWNEdnFnS2dzVFJXX190eVU4OV9YY0paMFdtWDlWTkFMMXN3cnlSWERxSDE0OUZfZU01RzlqLVNqOUhFbTkxcnRfbEMwZTFSdGsxc3FmSXNCRE5lY0lYRTZWaHlkOGJoc2w3QXc?oc=5
2026-07-30T16:11:05+00:00,Google News: Crude Oil,True,False,"WTI - Buy trade idea [Video] - FXStreet",https://news.google.com/rss/articles/CBMie0FVX3lxTE9sRmhFWnB0all6VnB0NS1hamx2WFAxXzdJbUwwNmtjV0FvNHlMWGFwb0FBTi1Idk9QNEYtY2tWTUNQbUZSZDN6MkhCdklkelMxWHM5ZnEyX0lBMVJlM1ZiVUZURUZfdlZnTTlpOE5CRjBSUWZjTU8zNTdtYw?oc=5
2026-07-27T14:08:09+00:00,Google News: Crude Oil,True,False,"Headrick an unsung hero for '26 Yanks: 'He doesn’t get the credit he deserves' - MLB.com",https://news.google.com/rss/articles/CBMiiAFBVV95cUxQMnY2UE9sRTcxd01fc1FOc3JwakhyRDBFYVdEU2todE9HYmJGWWFEU19ialJZQ2RHeFd4WjZadzN6eFd1Y3J1aDNNWmkxdmdXajJoS0pQX1VaU1dEYU1LRTVOYjExYWI1Zm41Vzk1T09QbHRhMWcxMU9sNmcwYnAxTnU5ZWN0b2Fq?oc=5
2026-07-30T18:13:00+00:00,Google News: Crude Oil,True,False,"TekSynap Appoints Brent Newman as Vice President of Talent Acquisition - 01net",https://news.google.com/rss/articles/CBMilwFBVV95cUxQNGo5bWRpVUZpY0ZLcy1nMjlxZnpKWmhSRUxBRUg3QTgxX3VXRFRKU2tFa0hwSWxYSFRBY0lGbEJUdHhDbF9iMVREVGNPVjM5cTBpaUoyXzJkU3UybXpEemxyblN5X1ladGFKdl85akQtT3hURUc3d1JmNVRBWUl3Yll1UTVFVE9WeFFxSXNQbVBpZFZTa0Y0?oc=5
2026-07-30T06:45:06+00:00,Google News: Crude Oil,True,False,"Oil Declines; Brent Crude at $89.45 pb - Fana News -",https://news.google.com/rss/articles/CBMif0FVX3lxTE81R1Vfb29ldG5YdXRVU3Z0SUxWUGd3TGJTdEpvWGRoWGh2Q1JPeG1CM25XWUxUODVRdGRlbkFFVDNSeVg5YUVIMWo1ZndUZGx0OXM5MElSbURCS01FcE93QV8zUDdUS3htcG5pSF9QM1pmZkxRVFdDdzd2YVhrVFk?oc=5
2026-07-30T16:28:00+00:00,Google News: Crude Oil,True,False,"Evening update for crude oil -30-07-2026 - Economies.com",https://news.google.com/rss/articles/CBMinwFBVV95cUxNU3kxZ0p0Q2JoM3VERDY3cHB2ZjREcFgyOUVpSXE4anB4eE5SVTZOM2cyYTVSV01uQ2NxTEV5azE5VkQxSnJVbXVIcGpBZ0libjBKU09LRTVrLVlQeDlRYzFWNU9ZQWJWWkZIZEJ5SjAxZFlwWmVrdXhkMEkyQnltWDFVVzk5cFh3RHhuRWdLdTY1LXBCVXh4NDRqUmRPWjQ?oc=5
2026-07-13T07:00:00+00:00,Google News: OPEC,True,False,"OPEC Cuts Demand Forecast Again as the Oil Market Starts Looking Past Hormuz - Crude Oil Prices Today | OilPrice.com",https://news.google.com/rss/articles/CBMizAFBVV95cUxNTWlkQjgxaWhiTnhfYmcyeXFvakF0QnJxX0NLaFZLLVIxTk42R0ZmRnJudklCMEpQVnI1RnF1TmZfWElaRVhFV1VKbmw4WGJiMWw0THBidG9BSUxQYzZiMzUxa2hCeDYyMWNYaTB1MkRvMTdLdzFDZWFVUzVQbThoVUs5NFJ4VWlna0ZZT0JyaXhBVDFQV0Z3b1dKOVN0YkZ3MGZ4c3pMYUxtYlY2T3JiYUE2bTdfTFE2cGlvWGY3NXVNYl90RHhjZGVCZGjSAdIBQVVfeXFMUGh4N1VxZ1FsRnlBWE95aEZ0X2xueXpveGZfaEdGejRpUVVkN29aVDRvNGRmZjlTcmhKTmRvRTItRjA1MGp4N3N2TmIxTnE1LVBSNmJnZ2NJUHFRblVTYXZfa3lTR2k0d0tVTDA4eU1Jb29LU0JEVk5kMU1NMmZIRVFHemtsbzVrbnFHQWNibmZ0WGNfTGFBZm1VclZDZ291cjZNZnNMelFNc0FIV2c3eFExVnc3Y2l1T1pRUHdwRmNqUjJfRlVJVDQ3N3o5SDNEckl3?oc=5
2026-07-30T16:47:40+00:00,BBC World,False,False,"Uefa to boycott World Cups if Fifa plans approved",https://www.bbc.co.uk/sport/football/articles/c5y67zrrdddo?at_medium=RSS&at_campaign=rss
2026-07-30T17:26:01+00:00,BBC World,False,True,"Why limited war with the US may suit Iran better than peace",https://www.bbc.co.uk/news/articles/c78gnyq3wvdo?at_medium=RSS&at_campaign=rss
2026-07-30T17:19:27+00:00,BBC World,False,False,"Hundreds of migrants swim from Morocco to Spanish enclave of Ceuta",https://www.bbc.co.uk/news/articles/cg4drwzkrkxo?at_medium=RSS&at_campaign=rss
2026-07-30T17:55:24+00:00,BBC World,False,False,"Danube's record low levels force shutdown of Hungary's only nuclear plant",https://www.bbc.co.uk/news/articles/cn0nqv05g0do?at_medium=RSS&at_campaign=rss
2026-07-30T17:33:41+00:00,BBC World,False,True,"Father of teen school shooter sentenced to 15 years in prison",https://www.bbc.co.uk/news/articles/c78g4y18rxgo?at_medium=RSS&at_campaign=rss
2026-07-30T19:16:18+00:00,BBC World,False,False,"Migrants seen swimming around border fence of Spanish enclave Ceuta",https://www.bbc.co.uk/news/videos/cnvnml1pen6o?at_medium=RSS&at_campaign=rss
2026-07-30T13:44:23+00:00,BBC World,False,False,"Dashcam captures tornado toppling power lines onto car",https://www.bbc.co.uk/news/videos/cj631p14gpjo?at_medium=RSS&at_campaign=rss
2026-07-30T15:47:09+00:00,BBC World,False,False,"Man impaled by a hiking pole treks 10 miles down mountain",https://www.bbc.co.uk/news/videos/cvg0nlkmzewo?at_medium=RSS&at_campaign=rss
2026-07-30T19:57:43+00:00,Al Jazeera,False,False,"Saudi Arabia announces maritime defence alliance to secure vital waterways",https://www.aljazeera.com/news/2026/7/30/saudi-arabia-announces-maritime-defence-alliance-to-secure-vital-waterways?traffic_source=rss
2026-07-30T19:02:57+00:00,Al Jazeera,False,False,"Congo’s Ebola death toll passes 1;500 as it struggles to halt spread",https://www.aljazeera.com/news/2026/7/30/congos-ebola-death-toll-passes-1500-as-it-struggles-to-halt-spread?traffic_source=rss
2026-07-30T18:52:34+00:00,Al Jazeera,False,False,"UN demands end of Ugandan clampdown on dissent",https://www.aljazeera.com/news/2026/7/30/un-demands-end-of-ugandan-clampdown-on-dissent?traffic_source=rss
2026-07-30T18:51:35+00:00,Al Jazeera,False,False,"ABC News says FCC is carrying out intimidation campaign to shape coverage",https://www.aljazeera.com/news/2026/7/30/abc-news-says-fcc-is-carrying-out-intimidation-campaign-to-shape-coverage?traffic_source=rss
2026-07-30T18:27:54+00:00,Al Jazeera,False,False,"Spain’s Ceuta declares emergency over surge in migrant arrivals",https://www.aljazeera.com/video/newsfeed/2026/7/30/spains-ceuta-declares-emergency-over-surge-in-migrant-arrivals?traffic_source=rss
2026-07-30T18:15:11+00:00,Al Jazeera,False,False,"Turtle rescued from rubble a month after Venezuela earthquake",https://www.aljazeera.com/video/newsfeed/2026/7/30/turtle-rescued-from-rubble-a-month-after-venezuela-earthquake?traffic_source=rss
2026-07-30T18:12:02+00:00,Al Jazeera,False,False,"Viral cricket scandal sees ‘Clicky Ponting’ suspended from UK team",https://www.aljazeera.com/video/newsfeed/2026/7/30/amateur-cricketer-accused-of-faking-an-edge-with-a-finger-snap?traffic_source=rss
2026-07-30T17:58:14+00:00,Al Jazeera,False,False,"Europe’s heating climate sparks ‘major intensification’ of fires: Report",https://www.aljazeera.com/news/2026/7/30/europes-heating-climate-sparks-major-intensification-of-fires-report?traffic_source=rss
2026-07-30T17:23:21+00:00,Al Jazeera,False,False,"Rights report reconstructs fatal shooting of Palestinian man",https://www.aljazeera.com/video/newsfeed/2026/7/30/rights-report-reconstructs-fatal-shooting-of-palestinian-man?traffic_source=rss
2026-07-30T16:34:12+00:00,Al Jazeera,False,True,"‘To play God’: Cuba’s healthcare system collapses under US pressure",https://www.aljazeera.com/news/longform/2026/7/30/to-play-god-cubas-healthcare-system-collapses-under-us-pressure?traffic_source=rss
2026-07-30T16:30:00+00:00,Al Jazeera,False,False,"In Their Own Hands: Ghana’s Drug Vigilantes",https://www.aljazeera.com/video/people-power/2026/7/30/in-their-own-hands-ghanas-drug-vigilantes?traffic_source=rss
2026-07-30T16:28:51+00:00,Al Jazeera,False,True,"NATO jets scramble as Russian missile detonates in Poland",https://www.aljazeera.com/news/2026/7/30/nato-jets-scramble-as-russian-missile-detonates-in-poland?traffic_source=rss
2026-07-30T16:06:08+00:00,Al Jazeera,False,True,"IRGC video of retaliatory strikes on US targets in Jordan",https://www.aljazeera.com/video/newsfeed/2026/7/30/irgc-video-of-retaliatory-strikes-on-us-targets-in-jordan?traffic_source=rss
2026-07-30T15:52:47+00:00,Al Jazeera,False,False,"US GDP growth dips as inflation and trade deficits pressure economy",https://www.aljazeera.com/economy/2026/7/30/us-gdp-growth-dips-as-inflation-and-trade-deficits-pressure-economy?traffic_source=rss
2026-07-30T15:36:56+00:00,Al Jazeera,False,False,"Spain’s enclave Ceuta raises alarm as thousands cross border from Morocco",https://www.aljazeera.com/news/2026/7/30/spanish-enclave-of-ceuta-raises-alarm-as-thousands-cross-morocco-border?traffic_source=rss
2026-07-30T15:36:35+00:00,Al Jazeera,False,False,"Republicans delay vote on Trump’s US attorney general pick amid concerns",https://www.aljazeera.com/news/2026/7/30/republicans-delay-vote-on-trumps-us-attorney-general-pick-amid-concerns?traffic_source=rss
2026-07-30T15:30:40+00:00,Al Jazeera,False,False,"UEFA members vote to boycott FIFA if Infantino’s World Cup plans pursued",https://www.aljazeera.com/sports/2026/7/30/uefa-members-agree-fifa-boycott-if-world-cup-plans-pursued?traffic_source=rss
2026-07-30T15:08:58+00:00,Al Jazeera,False,False,"Is Pakistan ‘using India’s playbook’ in Kashmir?",https://www.aljazeera.com/video/newsfeed/2026/7/30/is-pakistan-using-indias-playbook-in-kashmir?traffic_source=rss
2026-07-30T19:59:12+00:00,CNBC World,False,False,"UEFA threatens World Cup boycott over FIFA private equity investment plan",https://www.cnbc.com/2026/07/30/uefa-threatens-world-cup-boycott-over-fifa-investment-plan.html
2026-07-30T18:51:42+00:00,CNBC World,False,False,"China’s open-weight model lead exposes America’s AI blind spot",https://www.cnbc.com/2026/07/30/china-open-source-trump-ai.html
2026-07-30T17:27:49+00:00,CNBC World,False,False,"OpenAI cuts prices for two of its GPT-5.6 AI models as companies grow sensitive to costs",https://www.cnbc.com/2026/07/30/open-ai-price-cut-gpt.html
2026-07-30T20:08:13+00:00,CNBC World,False,False,"Retailer Reformation closes flat in NYSE debut as CEO says company is 'ready to scale'",https://www.cnbc.com/2026/07/30/reformation-ipo-public-nyse-listing.html
2026-07-30T20:21:40+00:00,CNBC World,False,False,"Amazon soars 9% after posting revenue beat; accelerating cloud growth",https://www.cnbc.com/2026/07/30/amazon-amzn-q2-earnings-report-2026.html
2026-07-30T20:05:37+00:00,CNBC World,False,False,"30-year yield hovers near 2007 high as traders weigh Fed decision to holds rates steady",https://www.cnbc.com/2026/07/30/us-treasury-yields-divided-fed-interest-rates-hold-steady-.html
2026-07-30T19:20:16+00:00,Guardian World,False,True,"French riot police used teargas on people trying to board small boat; charity claims",https://www.theguardian.com/world/2026/jul/30/small-boat-deaths-channel-crossing-attempt
2026-07-30T17:40:29+00:00,Guardian World,False,True,"Russian missile destroys US firm’s Kyiv drone factory",https://www.theguardian.com/world/2026/jul/30/us-firm-drone-factory-terminal-autonomy-ukraine-russia
2026-07-30T17:50:21+00:00,Guardian World,True,True,"Saudi Arabia prepares sea and possible land offensive against Houthis",https://www.theguardian.com/world/2026/jul/30/saudi-forces-planning-major-offensive-against-houthis-central-yemen
2026-07-30T16:31:07+00:00,Guardian World,False,False,"More prisoners in England and Wales are recalled than released for first time",https://www.theguardian.com/society/2026/jul/30/more-prisoners-england-and-wales-recalled-than-released
2026-07-30T19:37:20+00:00,Guardian World,False,True,"Netflix sued for $105m over stolen Nicolas Cage war thriller",https://www.theguardian.com/film/2026/jul/30/netflix-sued-nicolas-cage-war-thriller
2026-07-30T19:29:15+00:00,Guardian World,False,True,"US Senate rejects bid to rein in Trump’s authority over Iran war",https://www.theguardian.com/us-news/2026/jul/30/donald-trump-senate-iran-war-power
2026-07-30T18:14:19+00:00,Guardian World,False,False,"Ex-White House counsel says Epstein accuser’s testimony ‘lacked inherent credibility’",https://www.theguardian.com/us-news/2026/jul/30/kathryn-ruemmler-epstein-files-virginia-giuffre
2026-07-30T17:45:26+00:00,Guardian World,False,False,"Republican congressman Max Miller faces backlash over domestic abuse allegations",https://www.theguardian.com/us-news/2026/jul/30/max-miller-ohio-representative-domestic-abuse-allegations
2026-07-30T17:38:38+00:00,NPR News,False,False,"European soccer leaders to boycott  the World Cup in an unprecedented step",https://www.npr.org/2026/07/30/nx-s1-5913664/world-cup-fifa-uefa-gianni-infantino
2026-07-30T08:41:31+00:00,NPR News,False,False,"Javier Bardem shares how he became villain Max Cady in Apple TV's 'Cape Fear'",https://www.npr.org/2026/07/30/nx-s1-5699398/javier-bardem-max-cady-cape-fear
2026-07-30T13:43:43+00:00,Reuters (via Google News),True,False,"Kazakhstan in talks to process Russian crude amid Russia fuel shortages - Reuters",https://news.google.com/rss/articles/CBMiuAFBVV95cUxPRmIzVmxEUHQxSEg2dUlGcFNfS2dTQ211QUR6ckhHMmVVbXZwRFNMQjZxcXAxOE1pSk1KWHVEbFNsTExUR2R6S0VDbS1nV1ZfM29Sc2NZZGNaRzJ6cEVZa1ZOZmFaS05GN2R2RUVkQkxyY0JzeWM2QUdMMDZhNUgtaVBERzlHbGZiMjNzcDNXRmh0cFpkSFl1Q3h6Qm00YVd3a0h0dnNfamd3VktVZzVEU1ZlQURYMjhn?oc=5
2026-07-30T14:38:01+00:00,Reuters (via Google News),False,False,"Russia extends diesel; gasoline export bans until end of January 2027 - Reuters",https://news.google.com/rss/articles/CBMiuAFBVV95cUxNQVoyaUItQ0V0d2VRQjJBNmtlSkZfSTJBUEhSQnF0Z1N3a0wwWllYSy16UW43SURSbllodzFwbU9XTVRhc2pzcUFfLUptWkxEU2pGLXZBVmx3OGdkZHNoM0VYaWlrVkU1V09xY2xpRWdjUWtoQ1Z1NDBsMlhvMEdJYVA2WUdJMlRVRUNWRngweEMtSmJjdE80aGxsXzdhemNaZXJyTm5wVElsSkdJUHZIZ0wyanBBdWV5?oc=5
2026-07-30T06:30:00+00:00,Reuters (via Google News),False,True,"Drone strike near Suez Canal in Egypt raises new security threat in widening war - Reuters",https://news.google.com/rss/articles/CBMipgFBVV95cUxNUjlxdTM1SnYtZ3Bzei1qLUpRXzlYanVpb1MwNnRuQjY2NmkzZHNTeEl5cGljWGE5VDQ5ZHF0djVzVnV5OEprZWdlWUpPMV9fanYyN1N5cHdhbkxBZC1fZTlHWmpRMG8zdlRZV0hLSW9nTHU0S3JDZU44WWVHbnhWZVhRTVJ1Z0RaM25nR09fTFNTMUR2SVNkVXdlVHpDZHRmMXlJdDN3?oc=5
2026-07-30T10:11:43+00:00,Reuters (via Google News),True,False,"Argentina's growth paradox: Shale riches grow as jobs disappear elsewhere - Reuters",https://news.google.com/rss/articles/CBMivAFBVV95cUxNSlRzZnV5eUF6WFRRb2hGOUc4ZUFBWi1WZHZaLWdvbFNreC1INHAwazBuVzJpeHhuUXR1UHc3Z3dHLVFtZ3F4MGNJOHlZU2l2S2xtWmVNNnlyZEI5blZMczdtZ1VXVDBUa1MyaFd1b0p1b1ozVHhpRkdKeFdtbzVLOG1TTjB4N1ZGOU5WREdIYldCTFgyczFDU0hGdVFzamYtckhlMEhqR2xuYVdGd01wTi1qRTdKeW1qMTRpMQ?oc=5
2026-07-29T15:02:30+00:00,Reuters (via Google News),False,False,"Bunge posts Q2 earnings beat on strong crush margins; raises 2026 outlook - Reuters",https://news.google.com/rss/articles/CBMipwFBVV95cUxOZnVuanlrc09DOXVLVXhCS2lsN0hPTHgyekdNQ0Z1Y2FlR2RBSEw2aUVSVGlJY2JuS3ZPUXo1NENWbDY3aUJhRDJTNF9IdnZSYkxyOFNPUkZwbF85amszUTAwekhPZG9zVlFjV25VelFrby1pSVpTc2NIb3d5RGU2eHRXTXRWTC1BNThUc2tEXzlQSEVacVlrallGTjdKQWpQZ2VOYTNUMA?oc=5
2026-07-29T21:50:31+00:00,Reuters (via Google News),False,False,"EPA weighs RFS deadline extension amid high renewable credit costs; sources say - Reuters",https://news.google.com/rss/articles/CBMiywFBVV95cUxPNlREZlAtUzU4cTlYYmZoSDV3NHNYdG5aUzR6UmoyQ0kxQW43cnh1RE9WenJUX1ZaaHVZczRzTndFZDVqMmx4RFFMaHNSMXh6cm1iSG9PdEhHTlM3MHpteVNuc25ySEN0Z1JFRUxOTkYyUjRqcUZ5eUl4SS1YM01aQlRUWGsyaGoyamktUFYtYUMzRWRpNHdGZ3dKbmFOSERlbEVBREVjd2JzaVM2ZThscm43NFR1UGdQaVRWakxNMTl2VElfcDVSeFBHNA?oc=5
2026-07-29T14:31:41+00:00,Reuters (via Google News),False,False,"India's Asian Paints maintains FY27 growth target; sees no immediate price hikes - Reuters",https://news.google.com/rss/articles/CBMiwAFBVV95cUxQTGI1cEpxOV90OUIzSzJhUG96WU02OFJPZlZMT2FMNGxXMzFYd0ZfOU9HRGZtOVJMN3RreGRNbUZwbDRibm1DcUx3c3ktZVBWa2l2YUI0RG4xc05odDRYdUZJWHluYXlDTTh1TV9aY0x5VHdEeURvU2F2UjdBUTZGUkllQ1hmbjFodnZBem1xYlJxYzIzNE1WTHJKS0tjTFpibHlIbmZPcnJOajk0V3FOQ052Y2tvSDk4SWZZVWVsTzM?oc=5
2026-07-30T13:23:33+00:00,Reuters (via Google News),False,False,"US inflation slows in June; but reversal likely amid Middle East conflict - Reuters",https://news.google.com/rss/articles/CBMisgFBVV95cUxOYVptdEFhQmZRMW9rZFg3MWpGMml5R0ZTYlVoNktaMnRXcldHSE9qWEQ4VzNOZVhzOGlSN0xYR095ekpET20zaVVHYWJaSnY5TFY3N1JILThyS1ZSY1JRSU9GUWFtY09pY05PYzF6clRLSWlScUZkVklsandWaGwxY1RaZDcySjhRamZtbElBRVR4dHRyUWtTa0VoNnVWbkxsUGhCWHYzOEhYZzlnUlFJcEVB?oc=5
2026-07-30T14:00:12+00:00,Reuters (via Google News),False,True,"Ukrainian drones damage Russian grain export terminal on Kerch Strait; source says - Reuters",https://news.google.com/rss/articles/CBMivgFBVV95cUxQVTBVdDhQZ1lNandQTmN1ZmN0eE1FRERJMzNyZEtPWkN1a2JJWkVmcV92Y29WVkdyTDVNUUw5SGNWM0p0TllrMGtZcEVXejctcndiYm15YzJVUHg1X3NrNnNMRUFubzVYc1VaUllXZ3RzYVhrNnZUTXpHdEljY3hJZUlKeDRVdGFqQmNCMjBraHFkNFI4YzBQOW53ZmEtLUtRWmdGazFkY3lfZHVNTXVzMmRzVnlVQUNzTFFrT2ln?oc=5
2026-07-30T23:00:00+00:00,OilPrice.com,True,True,"How China Became the Ultimate Swing Oil Buyer",https://oilprice.com/Energy/Crude-Oil/How-China-Became-the-Ultimate-Swing-Oil-Buyer.html
2026-07-30T22:00:00+00:00,OilPrice.com,True,False,"Middle East Oil Shock Could Hand Upstream Sector a $495 Billion Windfall",https://oilprice.com/Energy/Energy-General/Middle-East-Oil-Shock-Could-Hand-Upstream-Sector-a-495-Billion-Windfall.html
2026-07-30T21:00:00+00:00,OilPrice.com,True,False,"John Kerry: Europe's Energy Crisis Is a Bigger Threat Than Any Weapon",https://oilprice.com/Energy/Energy-General/John-Kerry-Europes-Energy-Crisis-Is-a-Bigger-Threat-Than-Any-Weapon.html
2026-07-30T20:30:00+00:00,OilPrice.com,True,True,"War Sends Saudi Oil Output Down and Revenue Up",https://oilprice.com/Latest-Energy-News/World-News/War-Sends-Saudi-Oil-Output-Down-and-Revenue-Up.html
2026-07-30T21:00:00+00:00,Rigzone,True,False,"Saudi Gulf Oil Loadings Still Subdued",https://www.rigzone.com/news/wire/saudi_gulf_oil_loadings_still_subdued-30-jul-2026-184256-article/?rss=true
2026-07-30T19:47:12+00:00,Rigzone,True,True,"Oil Drops Amid Mixed Supply Signals",https://www.rigzone.com/news/wire/oil_drops_amid_mixed_supply_signals-30-jul-2026-184259-article/?rss=true
2026-07-30T19:21:00+00:00,Google News: Crude Oil,True,False,"Oil Futures Give Back Some Gains - WSJ",https://news.google.com/rss/articles/CBMisgFBVV95cUxQcVZ2QXN1d2pqZTVETmpWYzJoOWxreTdBbTRqbHMyb0pqUGlBNHF0TTBTaDM4eE9oREdscl9QQzJhMEZIbXlqblBoNmVQUzVtTS1hMXlRWUFHOThUem0tRUROOTE1dTQ3WkxVNkxJMTdFOXVCUjY2NGtlNmphM24ydEhwalVPRlZack5PSWlKLVF3SVpXYVVhU0hlZHB3bzVJUzJ5NlljRnFIQUZJM25qWXhB?oc=5
2026-07-30T17:20:27+00:00,Google News: Crude Oil,True,False,"Brent Roberts Betteridge - walkermemorials.com",https://news.google.com/rss/articles/CBMib0FVX3lxTE55MHE0VXZsSTVvX3BXcWZlMUVRWWpfbWVHamg1RW53b0RWS3M4aUN2RjRfS2ZUcW5nY3RQcU9XMzFlTHYtT2F6OWNvZDkzNTFXejZsTDVQY1BRbVVvLXYwUDVoSUpsbWFPZlFHYUdFVQ?oc=5
2026-07-30T23:05:54+00:00,Google News: Crude Oil,True,False,"Montana State 2026 media day – Brent Vigen opening address - Skyline Sports",https://news.google.com/rss/articles/CBMijgFBVV95cUxObE1aamdxeFZjSHNOZDJkdURVMGFJSWVJMTdHUXYyYXREN18tN2Z0WTN4LUdBaFEyMnRST2RIQmpxZEswb2xZcWt5ejlxS2ZTbmdmUS13cWUzeENiR200QkJuUHJPTXJhSGt0UjNLNzF4VHVfNEE4UnJSN2tnbUxjMlpUODNQM0hSX1JOVUl3?oc=5
2026-07-30T15:44:12+00:00,Google News: Crude Oil,True,False,"Crude Oil Prices Slip on Ongoing US-Iran Negotiations - Yahoo Finance",https://news.google.com/rss/articles/CBMijwFBVV95cUxQaWNXSkh0bzZMN1RwV3FyTmlneFdXaEtqc2hPR3M4MzlfdUtJblZIc2VhZXllWnAzYVczZmk4UFQxWFNKbXlHZUFnRjNPdVpuTE82YWtMZzRtZkp2SGhPVlEwR01XSXYxWkNfSFdUTXJXZDBTTDVIMTBwWEl4Z1ZIdVFrOFVKM2xiWHdqTWl2QQ?oc=5
2026-07-30T20:56:00+00:00,Google News: Crude Oil,True,False,"Crude Oil Price Forecast: Bullish Momentum Builds Inside Triangle - FXEmpire",https://news.google.com/rss/articles/CBMitgFBVV95cUxNNlIzamthN052UUVOZnNPT1o0THVQcWhsRUhuNHA2V2p3cDZOaEIzNmNvNmUxUG9yTmVQbU1YdHZycnNvVV9teU1Ma1hTc3FUaDFEbk1JVWFCcVIyMC1uZjN5NVJlX0NCOVpHczc1Q1EtYmRVOWVwOWU1cW91MF9leDVMaXg2a2d5bURqM0VpdUM2dWQxUVVBMWtsM2NFWFB1RjVPQlEtLWNrTGdvcTl2Wkh4N1QtZw?oc=5
2026-07-30T20:01:31+00:00,Google News: Crude Oil,True,False,"Brent Near $89 - TradingView",https://news.google.com/rss/articles/CBMickFVX3lxTE5YS1lhNFRscS1oZ3kxX01iRlRqQ29oYnp1S1VlSHJaa0EwZUxib0RqQnlvOExKbDVpblN4eDJvRWgtN0VwekxSZEhjbG91U2ltU2ljZ2xac19nVVFHRWtuclBFY0tHcUNCb3lzbGwtTE1OQQ?oc=5
2026-07-30T21:08:47+00:00,Google News: Crude Oil,True,False,"Darrel Brent Gubler Obituary (2026) - Saint George; UT - Spilsbury Mortuary & Cremation Service - St. George - Legacy obituary",https://news.google.com/rss/articles/CBMiggFBVV95cUxQOC1URjl0YW5XQk5NUVhMM3Q2dVViZTk2TTg0NEhQUTdSQ2NLcUlTNGhhUnU3YTZ5YklqWVhMSE5LWjFTOWlVenBxY2Vudi1jVl9ZVTZNWmVQNDYtRVp2TnZwbHpfUFU4eEZkLWlobWp3cVpwbWFtc3Z5QUxpQ0NvREFB?oc=5
2026-07-30T17:01:25+00:00,Google News: Crude Oil,True,False,"Brenton Allen Beach | 1985 - 2026 | Obituary - lairdfh.com",https://news.google.com/rss/articles/CBMiYkFVX3lxTE5pcXVwODJMdjMwVGtOQ2JmVzFHZVNCSWRPaFFtY19uNEtQUGNaY21obGkyTVh2ZW8ta09RdFdjQ2h3RVZQTHprdFBkYlJZc096Z053UWh4UDNOYjcycWNQakRR?oc=5
2026-07-30T23:00:00+00:00,Google News: Crude Oil,True,False,"How China Became the Ultimate Swing Oil Buyer - Crude Oil Prices Today | OilPrice.com",https://news.google.com/rss/articles/CBMikgFBVV95cUxQZ3lEU050YmhuTWtnRWlLQ005SmVnOS1nX2lORk8xQzI3Y01ORl9JRFJ4SHhlaWZJY0N0QjVhUU5lSVdwaExMN2lNeTBNeWZmZXdGMlREZWM0Q3hjbFlZdncyNFdYLU1xMWhvQ2ZFczBKNTl4c2h6SkRXZ0NGWFJpLXg1cjRnVF9jR3pPRmFsTzhJUdIBlwFBVV95cUxQU3Z3eU1TQ1dVQmc0UWVjcEZybDhQU19MTGxtYkZ2UUpRaExZSDl1YjBDcU4zRmZtcVM3UG5rbENOdnR3dEV0UkZZSzMzZ0F6bS1LaFhRWmNld1JGbTJhUEI4RUZGODd3cUFVLWsxMmpxcm9GODhJN3hERkNzNUZ5ZzdiX2NWT053Z0VQaG9uc1JYcUMyQjg0?oc=5
2026-07-30T21:29:51+00:00,Google News: Crude Oil,True,False,"U.S. equity markets rebounded sharply on the 30th; supported by lower crude oil prices and a recovery in the technology sector. - Moomoo",https://news.google.com/rss/articles/CBMipAFBVV95cUxQeDV2a1pVYUlDYXBRWUhiSEVET2taT0tyVVRiZXZqOEZ3Vjgwa2tVT2JMVmI1RHRVMHBZT09sa3Y5Q0J6VTA1OEtTRVVFOFA3b0lBcEMzeENaaXpxbkw2REp4dTk4VUJmekFuMDNKZm5VQVhrTmZ1aXNvN0lHckg0RnZlNjNJU3pxMlBheTdFWkktU2d3N2kyLWJEblotbTZMQ2Rfeg?oc=5
2026-07-30T20:55:00+00:00,Google News: Crude Oil,True,False,"Crude Oil Falls on Profit-Taking; But Middle East Risks Remain Firm; Gold Surges on Weaker Dollar - finance.biggo.com",https://news.google.com/rss/articles/CBMidkFVX3lxTE1TLUc5QjU4enB3ekRXVEhPeFh6bFlDcXV3SjNXWjk3M2FhUnp6Z09EUnhJbHZmeFhpQW5TM2RKSkk2dmloVUFwa1JTc0pnbkhVdDRESmNpbWRkVzF6WGRlMGt2ZUtOTEJTX1RjTUpSaFJ2Z0ZXTUE?oc=5
2026-07-14T07:00:00+00:00,Google News: Crude Oil,True,True,"Oil little changed after U.S. reimposes naval blockade on Iran; launches more airstrikes - CNBC",https://news.google.com/rss/articles/CBMihgFBVV95cUxQZHl4cGl1NE5DVVlMa005ODB6alhBQ3JzZFlKRnNJNUt5X3c3bEJSWWMzUHUxWTVUTUpRRDZTM3NGdm9UT3ZBSFdoVzRBdFVaVmNVOVpyNkxmbHRBS3pKcGZzNS04Wk5KMHFveHl0U0RLNmd6RlVKdHg0SHlxeGVuWGdkUXUzd9IBiwFBVV95cUxNLWRpZDZLVXZnZXB2QWE4SlpZbEZXMDFDR1hJOUJFc29HQUstQWNRVmhCaGlyaWpFZzJJa2NUc0t5VWpzUTdkUWpxNzN0dV9qM2dnMzE2VUNwRXBZeU92NndiZlNIbXg0TTcxaGw0TEFiX0QwNXVGQUIzZ1pIN0JVckpyMkhHdWUtQkNZ?oc=5
2026-07-30T15:13:27+00:00,Google News: Crude Oil,True,False,"TekSynap Appoints Brent Newman as Vice President of Talent Acquisition - Eagle-Tribune",https://news.google.com/rss/articles/CBMi7AFBVV95cUxQNWpfOEg4MmQ4RFd2dVdRQ01hVWZSS0UzU2tleXRaNUdKcEVXMXc1cVM5ZHJoLWwxUDQxOC1hSWxSSWM4ckZQUUVFQVNOaE1WbUN0NGN6ZktkWUdwd0N6TWNKRkxWNkdFd2JlYnAzTnBoVHpGOEc4a285QmVmUHRHN3FWcVlJSTBZN3V4cFA4VzlvNThud3VGZnFfV0RNV2dxNDJOaHJ4VmdubWhCSmZ4V0VlQTZVeHhpTFlnU0lfWDJUTnRUd3VLdmY4VW4xcW54VV95b3d4akM2WUNxMUYxQVF1QUpCeDFuamRoNQ?oc=5
2026-07-30T23:30:41+00:00,BBC World,False,False,"Trump says Board of Peace has reached agreement for disarmament of Hamas",https://www.bbc.co.uk/news/articles/cj03m512r4go?at_medium=RSS&at_campaign=rss
2026-07-30T23:29:09+00:00,Al Jazeera,False,False,"UK left-wing MP Diane Abbott reinstated by Labour Party after suspension",https://www.aljazeera.com/news/2026/7/30/uk-left-wing-mp-diane-abbott-reinstated-by-labour-party-after-suspension?traffic_source=rss
2026-07-30T23:25:48+00:00,Al Jazeera,False,False,"Pathirage challenges Chopra-Nadeem javelin rivalry in Commonwealth final",https://www.aljazeera.com/sports/2026/7/30/pathirage-challenges-chopra-nadeem-javelin-rivalry-in-commonwealth-final?traffic_source=rss
2026-07-30T23:24:10+00:00,Al Jazeera,False,False,"US appeals court rejects Trump expansion of mandatory migrant detention",https://www.aljazeera.com/news/2026/7/30/us-appeals-court-rejects-trump-expansion-of-mandatory-migrant-detention?traffic_source=rss
2026-07-30T23:14:28+00:00,Al Jazeera,False,False,"Trump administration appeals to never-before-used court for deportation",https://www.aljazeera.com/news/2026/7/30/trump-administration-appeals-to-never-before-used-court-for-deportation?traffic_source=rss
2026-07-30T22:34:19+00:00,Al Jazeera,False,False,"Trump says Board of Peace reaches agreement on disarmament of Hamas in Gaza",https://www.aljazeera.com/news/2026/7/30/trump-says-board-of-peace-reaches-agreement-on-disarmament-of-hamas-in-gaza?traffic_source=rss
2026-07-30T22:14:12+00:00,Al Jazeera,False,False,"Amazon’s Zoox secures US federal approval for steering-wheel-free robotaxis",https://www.aljazeera.com/economy/2026/7/30/amazons-zoox-secures-us-federal-approval-for-steering-wheel-free-robotaxis?traffic_source=rss
2026-07-30T21:39:37+00:00,Al Jazeera,True,False,"Why is US GDP growth slowing; and how can it be reversed?",https://www.aljazeera.com/economy/2026/7/30/why-is-us-gdp-growth-slowing-and-how-can-it-be-reversed?traffic_source=rss
2026-07-30T21:34:39+00:00,Al Jazeera,False,False,"French teen fined in Singapore over ‘straw licking’ stunt",https://www.aljazeera.com/video/newsfeed/2026/7/30/french-teen-fined-in-singapore-over-straw-licking-stunt?traffic_source=rss
2026-07-30T21:34:11+00:00,Al Jazeera,False,False,"Argentina’s Milei seeks to deport foreigners that spread ‘hate’ of country",https://www.aljazeera.com/news/2026/7/30/argentinas-milei-seeks-to-deport-foreigners-that-spread-hate-of-country?traffic_source=rss
2026-07-30T21:00:28+00:00,Al Jazeera,False,True,"Will Saudi Arabia be dragged further into the war in Iran?",https://www.aljazeera.com/video/inside-story/2026/7/30/will-saudi-arabia-be-dragged-further-into-the-war-in-iran?traffic_source=rss
2026-07-30T21:00:11+00:00,Al Jazeera,False,False,"Prague Zoo keeps polar bears cool with ice amid heatwave",https://www.aljazeera.com/video/newsfeed/2026/7/30/prague-zoo-keeps-polar-bears-cool-with-ice-amid-heatwave?traffic_source=rss
2026-07-30T20:54:48+00:00,Al Jazeera,False,False,"UN launches hunt for next chief amid rising challenges",https://www.aljazeera.com/news/2026/7/30/un-launches-hunt-for-next-chief-amid-rising-challenges?traffic_source=rss
2026-07-30T20:39:38+00:00,Al Jazeera,False,True,"Security camera shows ‘Russian missile’ exploding in Poland",https://www.aljazeera.com/video/newsfeed/2026/7/30/security-camera-shows-russian-missile-exploding-in-poland?traffic_source=rss
2026-07-30T20:35:18+00:00,Al Jazeera,False,False,"Father of Georgia Apalachee school shooter sentenced to 15 years in prison",https://www.aljazeera.com/news/2026/7/30/father-of-georgia-apalachee-school-shooter-sentenced-to-15-years-in-prison?traffic_source=rss
2026-07-30T20:32:13+00:00,Al Jazeera,False,True,"US authorities probe cyberattack on water systems in Minnesota",https://www.aljazeera.com/news/2026/7/30/us-authorities-probe-cyberattack-on-water-systems-in-minnesota?traffic_source=rss
2026-07-30T20:11:07+00:00,Al Jazeera,False,False,"Palestine Action co-founder wins UK Supreme Court appeal bid",https://www.aljazeera.com/video/newsfeed/2026/7/30/palestine-action-co-founder-wins-uk-supreme-court-appeal-bid?traffic_source=rss
2026-07-30T20:07:56+00:00,Al Jazeera,False,True,"Pakistan coal mine explosion kills at least 32 miners",https://www.aljazeera.com/news/2026/7/30/pakistan-coal-mine-explosion-kills-at-least-11-traps-dozens?traffic_source=rss
2026-07-30T22:50:12+00:00,CNBC World,False,False,"Indonesian state telecom said to weigh sale of venture arm managing $830 million",https://www.cnbc.com/2026/07/31/indonesia-venture-capital-corruption-danantara-mdi-ventures-tanihub.html
2026-07-30T23:27:36+00:00,CNBC World,False,False,"Anthropic says its Claude models 'gained unauthorized access' to other organizations' systems",https://www.cnbc.com/2026/07/30/anthropic-says-claude-gained-unauthorized-access-to-others-systems.html
2026-07-30T23:30:34+00:00,CNBC World,False,False,"Fast-fashion retailer Shein’s 3-year IPO odyssey cost it the ‘golden time’ to go public",https://www.cnbc.com/2026/07/31/shein-ipo-hong-kong-ftc-investigation-tariffs-fast-fashion-.html
2026-07-30T22:28:38+00:00,CNBC World,False,False,"Reddit shares sink 11% on 'choppy' search referrals even as results blow past estimates",https://www.cnbc.com/2026/07/30/reddit-rddt-q2-2026-earnings-report.html
2026-07-30T21:19:16+00:00,CNBC World,False,False,"Rivian reduces 2026 spending plans; narrows earnings guidance",https://www.cnbc.com/2026/07/30/rivian-rivn-q2-2026-earnings.html
2026-07-30T21:50:17+00:00,CNBC World,False,False,"Nexus Data Centers in advanced talks to secure $15B for Google-backed Anthropic data center",https://www.cnbc.com/2026/07/30/nexus-data-centers-in-advanced-talks-to-secure-15b-for-google-backed-anthropic-data-center.html
2026-07-30T23:29:31+00:00,Guardian World,False,False,"Australia news live: Australia sends firefighters to France as blazes rage; leaders gather for Garma festival",https://www.theguardian.com/australia-news/live/2026/jul/31/australia-news-live-working-with-children-check-garma-festival-anthony-albanese-labor-angus-taylor-coalition-one-nation-pauline-hanson-ntwnfb
2026-07-30T22:54:36+00:00,Guardian World,False,False,"Diane Abbott and Joani Reid readmitted as Labour MPs",https://www.theguardian.com/politics/2026/jul/30/diane-abbott-and-joani-reid-readmitted-as-labour-mps
2026-07-30T21:30:55+00:00,Guardian World,False,False,"Burnham to free mayors from ‘Treasury death grip’ with new devolved powers",https://www.theguardian.com/politics/2026/jul/30/burnham-mayors-income-tax-business-rates-devolution
2026-07-30T23:02:21+00:00,Guardian World,False,False,"Seattle police chief resigns after deadly food festival shooting",https://www.theguardian.com/us-news/2026/jul/30/seattle-police-chief-food-festival-shooting
2026-07-30T22:45:28+00:00,Guardian World,False,False,"Mandela Barnes drops out of high-stakes Wisconsin governor’s race",https://www.theguardian.com/us-news/2026/jul/30/mandela-barnes-wisconsin-governor-race
2026-07-30T20:33:15+00:00,Guardian World,False,False,"Trump’s tax immunity scheme hoists president by his own petard on Blanche AG nomination",https://www.theguardian.com/us-news/2026/jul/30/trump-refuses-to-narrow-tax-immunity-deal
2026-07-30T20:08:12+00:00,Reuters (via Google News),True,True,"Drone strike in Egypt sparks security concerns about Suez oil exports - reuters.com",https://news.google.com/rss/articles/CBMiugFBVV95cUxNY19zWlhiQmx4WmRhRHRLMUdTbjhwdEdVcHpaUmMtWndRMlB1MFNiZ2pJMzJZcFJQWEJSTzdfSGl6R0FXV016c2JUODlSV0Y3ZzBEbWRFeUVkRDQxQ2p5S0VPRWoyc0lZS3pobjVGR0l5YTV1V1FEbmE2N1BscGlFZWlLTjl6Qmp4TDJmalFTX1ZYVUJEYkV2NjBCWVhuNmRsdC1UZzBCVm1GQ2djejdiWUo1UnBfT1UzNmc?oc=5
2026-07-30T20:14:16+00:00,Reuters (via Google News),False,False,"Oil companies signing agreements in Venezuela; but delays persist - reuters.com",https://news.google.com/rss/articles/CBMirgFBVV95cUxQMDFxVFdqZGc2aV9wQVFZX3d4ajBTWUNZLUhfSzhpaFliZjFVaVVEMFUxcWRYV2xweFVXd0ZsdXYtaWVTQkxHbU9uX2dCZjBIRWNGSnhyVUVHSElBSG9QM1lQUDYwTXA3MzlnSm51MjRmR2c2aXVxcUx1ZUlZUFJuTm82UTl2MmNLQjNuRkM4SHFjaU05d1ZlQ1pDMnlnOUFNNkl6SldmSjJfbC1OTHc?oc=5
2026-07-29T19:16:07+00:00,Reuters (via Google News),True,True,"NEWSLETTER: China's crude calculus in Iran war - reuters.com",https://news.google.com/rss/articles/CBMijAFBVV95cUxOajdzdGZ3NnVUd0Y2TkNrLW1IbjBNYXVzaU9kWU1ETUhrclh2dEIweWVqUktXbDZzUG5nTlVPMzFla0Y2bWdobVEyRXUwYXFnbEZsOVM4MHJLcGZYT29PcmJZckZRNG9MbDBfWGl2U09ROG9kb1laWnB2T2NOVnlmYzU4dWtlU2tEdDdaSQ?oc=5
2026-07-31T09:45:00+00:00,OilPrice.com,True,True,"ADNOC Buys Five Supertankers as Hormuz Crisis Tightens Shipping",https://oilprice.com/Latest-Energy-News/World-News/ADNOC-Buys-Five-Supertankers-as-Hormuz-Crisis-Tightens-Shipping.html
2026-07-31T08:40:00+00:00,OilPrice.com,True,False,"BP Puts Its North Sea Oil Business Up for Sale",https://oilprice.com/Latest-Energy-News/World-News/BP-Puts-Its-North-Sea-Oil-Business-Up-for-Sale.html
2026-07-31T07:35:00+00:00,OilPrice.com,True,False,"Japan Has Enough LNG to Avoid Summer Power Shortages",https://oilprice.com/Latest-Energy-News/World-News/Japan-Has-Enough-LNG-to-Avoid-Summer-Power-Shortages.html
2026-07-31T06:20:00+00:00,OilPrice.com,True,True,"Caspian Oil Pipeline Shuts Down Again After Black Sea Drone Attack",https://oilprice.com/Latest-Energy-News/World-News/Caspian-Oil-Pipeline-Shuts-Down-Again-After-Black-Sea-Drone-Attack.html
2026-07-31T04:56:58+00:00,OilPrice.com,True,True,"Oil Prices Head for 20% Monthly Surge Despite Recent Pullback",https://oilprice.com/Latest-Energy-News/World-News/Oil-Prices-Head-for-20-Monthly-Surge-Despite-Recent-Pullback.html
2026-07-31T00:00:00+00:00,OilPrice.com,True,True,"The U.S. Just Took A Big Step to Break China's Magnet Dominance",https://oilprice.com/Energy/Energy-General/The-US-Just-Took-A-Big-Step-to-Break-Chinas-Magnet-Dominance.html
2026-07-31T07:37:00+00:00,Rigzone,True,True,"Saudis Propose to Lead Maritime Security Alliance",https://www.rigzone.com/news/wire/saudis_propose_to_lead_maritime_security_alliance-31-jul-2026-184260-article/?rss=true
2026-07-31T10:02:35.715098+00:00,Investing.com Commodities,True,False,"Bitcoin steady near $64k with Fed uncertainty; Iran tensions in focus",https://www.investing.com/news/cryptocurrency-news/bitcoin-steady-near-64k-with-fed-uncertainty-iran-tensions-in-focus-4826791
2026-07-31T05:00:00+00:00,Google News: Crude Oil,True,False,"Go With The Flow – Major Changes Disrupting Global Crude Oil and Refined Product Flows - RBN Energy",https://news.google.com/rss/articles/CBMiqgFBVV95cUxQZUdQLW5KWjRNdzlOUEh4TXFLcnVQOFRRX1hzNVhSaFJKeHhYUlQ3S29jTHh3a1ZUQjZNWWJfUm12d1ozaVdQVkkzWjdWdG1PdFh2WnM5VG5lV0M2Z1RLNzNKQ3lRekZMRmdmUDFpQm5OZHc5cHZKa1ZMa1JoNzdJMFRlUnVNUVFQVDdPU2NhbUdYZ0NBM2RrYy1iQlBPa1puekpEcHB6S0VCUQ?oc=5
2026-07-31T04:03:42+00:00,Google News: Crude Oil,True,False,"Larry Brent Snapp Obituary (1958 - 2026) - Aurora; CO - Denver Gazette",https://news.google.com/rss/articles/CBMingFBVV95cUxOZEIwQXdUbjc1ckpLNGVtY1BEenV6OUF2U2twT3d0VTJGckpCWkNuYW1vWDJ6bkU5TXpOZlpKT0R4cjMxWElSSE5kMGJQVnUtbU5hamhvejhJU084QzBLR2JqRnZWaGc4dW5BdlVQSEJ4MFJwaldZeVRrWWo3NzhmQnhoTW1DU3VDM29DX3pnNlVvYUJmOGtpVWhpamVudw?oc=5
2026-07-30T20:36:17+00:00,Google News: Crude Oil,True,False,"Darrel Brent Gubler - theMemories.com",https://news.google.com/rss/articles/CBMib0FVX3lxTFBlU1dob2hUZklyUTlJWC16STRfWDN1eG81SW5hTTkyTnBISEp1MmZPekxOVWlZWEZ5QlRxcUFURU9rQTVDQksweXZKX3BwOG5fMHJieFFNQXVWVWRiMUpkbXFkOUdtdVBuZGxya3dUSQ?oc=5
2026-07-31T04:10:00+00:00,Google News: Crude Oil,True,False,"Brent Crews in tight battle for Chase spot in 2026 O'Reilly season - Yahoo Sports",https://news.google.com/rss/articles/CBMihgFBVV95cUxNZXNTT194cUEzOVBhV042TDRXOTh1WkJvTXZEMkFBaHhwMU1PWVc3NFFHcHdiQVNKNTNCSzdYbU9DMFVURjVIVmR4YXZKS0ZrMkcyb3lyRWctdHJpbWNONlZUOHE2S3dXbjN4cG94V0pRM0xrY3BKaG5SZXhaalVmWHZRVnN2dw?oc=5
2026-07-31T01:04:52+00:00,Google News: Crude Oil,True,False,"OPED-OPEC-HERITAGE-COMMENTARY-FILEPIC-GET - Fairbanks Daily News-Miner",https://news.google.com/rss/articles/CBMitgFBVV95cUxNY29nQzNMeWY1RkUzZTlRWG5Yc0xLRzVMSWZqZ3JUMHpIZllXcGJ2cjFWSHNPMVVSR2dSRERPWk1rWDlLWURkd0Z2TEIwMmd1TncwcXpoVzdEYVNPSFltVl9SZGdQWEZvUHUzd3M2c1lXTFE0MldZNk01VFY3YWVuSEV0X3E4VHU5LTlqNnd5R05aYS11eU4yTXA1c2QxS2NCZFVMNkxYOGpkR1NHOW5URmp6Tk85dw?oc=5
2026-07-30T18:31:34+00:00,Google News: Crude Oil,True,True,"Commentary: Will the Iran war kill OPEC? - Itemlive",https://news.google.com/rss/articles/CBMie0FVX3lxTFBVSlpPYW8xWE9xdGFuZDEtMjd4RDFEbGozUmtXNzVadUt1MG03Y0trQXl6WjhrbDRVaHBVYklTVlppLTg2RGF6NWhTRExRcC1QT0xKc1lRQXlwd1JGNFJEQ3ZkZTdoYXJacUthZWE5V2M4VTBJd3ZVU24zMA?oc=5
2026-07-31T04:10:47+00:00,Google News: Crude Oil,True,True,"Oil prices ease as recovering Hormuz Strait traffic tempers war premium - CNBC",https://news.google.com/rss/articles/CBMiigFBVV95cUxPQ0l6N3lHU1dIT0dUQk9NYlJoVzY4c2lUcHlCa1l6eVNpeF9wakZUbWpKQ3pPZE1tb1NDT0pkZ2oyMmJDSTR3UUpmQ09KUWMwU0h5SHRSTFlhcHRGcGtvOHVKeTRmdGQ5aUtMYmYtQjVMRjBneFJ1Y0JXbkwxdTlHNkhESk91T0kyQ3fSAY8BQVVfeXFMTWd0U2pVRmhJNTNYVEFOaE4yTUU2enFTQWowRkY5aUlodkhtX2RfeTlYd3RVVFkxWnFqY1huYUxGQlcxZWFwcHRXSzg4QjA3czNibzFFalBMWU9aSVN6Q2tfV0kwWXctb3FvVnFvUGZsTzVGSHdpYTNPdUlZc3VpbExUUlBiblJBdDFWSzFjTUU?oc=5
2026-07-31T09:45:00+00:00,Google News: Crude Oil,True,False,"From the Desk of Senator Brent Jackson - Neuse News",https://news.google.com/rss/articles/CBMiowFBVV95cUxQalNyaWVtUDZGQXc0MUhNOERhS0ZKRHZFUjdlQlhRVGZSdDNlQWNXYW9WV0NhbXFJdGVxRXdOcE8tbGQ1aXBJQjdyUjl0ekVxUzcyOTlzOEg2ZXphclFMV0I3RFpVUC10cFRiVFRoNjg2YTRXWVlyRGZiY3hfMjNZVGRRN0JZQXkyN2U4VnozbU9tbFF3ME5POWd0SkRUWk9vT2Vz?oc=5
2026-07-31T08:38:38+00:00,Google News: Crude Oil,True,False,"Brent Slips Below $90 as Distillate Supply Tightens - TradingPedia",https://news.google.com/rss/articles/CBMilgFBVV95cUxPWlJGOGhVSklzS2Jhb1dfQ1dfN1ViV0haZmhLYkgtTDlkS3hDcEROYmpaMm1nMWdocXhENE9FWXp1ZGkzczY4ZjVLTjZiNjBiZUw4SnVVZ1d6Wm1hX2lJNXNGOGZRRHVxSG5Ya0E4ZnN4Rnh4UktmdVdvTlFoN1c1NzRkMEswOWE2Zzh0elNhWmJNTVlQWVE?oc=5
2026-07-31T09:45:00+00:00,Google News: Crude Oil,True,False,"OPEC Owes Its Existence To The Texas Railroad Commission - Jalopnik",https://news.google.com/rss/articles/CBMihgFBVV95cUxPc3VDMVBPUDNRNmNkUFltMC1JaWFBdDN6VHBKaS1jaG8tdkc2SEw4LW5vOXdhanVJcWlLZkRTeEt6em1uQ29teXBlNjBfTFpoNTZPMzRSdHBiX3YxaTRyOW00d3g3NHNNM2tDZXB0eDUyWUt6dlZ5ZU1DUDZ4RXExZks2UDVwUQ?oc=5
2026-07-31T08:41:09+00:00,Google News: Crude Oil,True,False,"WTI Oil drifts closer to $80.00 amid a mild increase in traffic through Hormuz - FXStreet",https://news.google.com/rss/articles/CBMiuwFBVV95cUxNME9OMzFSZWt0czFGQS1NTkFYWnE0Z29IRlhhaEFhS1JwZHlsZ0Y1Z21qZlhjSXFCblJTUFV5Rjlhc0pHMG9URFdqSEFCQnlwRDlQVEMybUFobkpwdEFXRjdOWTBhYm9nZFlfVmNvRngxenBsN3hOU2loc1FOM0ZybVVhZlRnZ2k1N1JkMkwwTnNPa0Z1WjNnVTVvNlpIWEMxdXdsSVg0Um9EZG9mOW9iLVJDZXdldllQNG1V?oc=5
2026-07-31T06:54:10+00:00,Google News: Crude Oil,True,False,"WTI Slips as Profit-Taking Hits After Hormuz Recovery - TradingPedia",https://news.google.com/rss/articles/CBMimgFBVV95cUxObnh4cS16OXBRaEpyOVhWelk2NzRtZHZmbm1pR1UzN1NrQjY0X0hORnh4MXNiSEVxdGh4eUZTN3hsckxCTjZBcUFNcWtUZnVDLS1vUVVpQk56aHM2MlNxTVBUdE9KTnpySkU0OTVNTTJzZjhLNkVMUjA4MHpuS3JEZEYyTGJhSmpnRHl4M0V3YzNKbkRyZUNKSm5R?oc=5
2026-07-31T02:07:06+00:00,Google News: Crude Oil,True,False,"Crude Oil Trading Alert: Anticipated U.S.-Iran Talks Ease Supply Concerns; WTI Prices Continue Range-Bound Trading - Moomoo",https://news.google.com/rss/articles/CBMipgFBVV95cUxPX3BYeVQ3RDhxbFB5bkdhRGRaQU4tVEtUb3ZPZnNsMTRucHNfV3R3SC1Ic280Nk1LdEJDaHhsQ3ZUcklJenVWNVBlMm1CNG5CZG9fQmJWUWJHUnZfUnRvLXJxOUNxenBhY0RpdmRLcEMzME5uTFFmang2MFJuWkhlbEQyVWVqNDE0Q0YtZURMb1RnVzhENG4wa1o2WFVIWVEzSUZveUpn?oc=5
2026-07-31T05:18:11+00:00,Google News: Crude Oil,True,True,"Houthi Militia Attacks Red Sea Tankers Push Brent Above $100 Per Barrel: how 76 outlets framed it - NewsCord",https://news.google.com/rss/articles/CBMi3AFBVV95cUxNejc1cmM4Q1QxQlMzcmdvcF9QUVhyc1U4MFFzTFowZWE5MnlCS3dCUWRkZmx0LTFjRU1GOFdqd3B0WmdtQnJUcU9xNkhDSHpzMGJqd2x4cE5iRGlUaG13ZFpFaUtnSkE3UEEydkdUWHYyTGo3MU41MUNETzdMdjZza19OdmFBamVHbmY2Mk9jTFZPY3hUbHJWNXNwTnRkTWNKYTVjSHhxVzlmQS1tbk9vcVpmSDJSMkpoYTctU1ZWelJLVy00T0tieWx1cXlBRnBIeDJQdFZGdDJJS01k?oc=5
2026-07-31T06:00:00+00:00,Google News: Crude Oil,True,False,"Nigeria is home to the world's largest single-train crude oil refinery—but there's a problem - Business Insider Africa",https://news.google.com/rss/articles/CBMi0gFBVV95cUxPcVJSeXdvRkNjSzk5ekVzNHZQUk15aVFJNmZzVng4WFU2Vy1yTE43OEE4djhLQlFOWDM5YWhfT0o0dktaVlBzN1VKdUpUMjJ1UFU1UUhOYW5QNm5VQ1RwbDlOWHlCT3dpYXY5SUFLeTZOc05USjB4UWlWckRvQVh1MmFSMERURDlmbHIzeU96U1Vyb0ZzNlhFREV0SHA4N1BCZk1HSy1KX0pMTTBTNW5PcDkxUkhSaUxxc0ZwZUZjY3drZ0sxWUJNNS1QbWFZWGhrN2c?oc=5
2026-07-31T01:36:42+00:00,Google News: Crude Oil,True,False,"Middle East Geopolitics: Trading Roadmap for Micro WTI for NYMEX:MCL1! by JimHuangChicago - TradingView",https://news.google.com/rss/articles/CBMipgFBVV95cUxQc0JINlhfY3FRM0RHVXhjdjVQeUhUNHkxN2VNQUdKT2M4RUJ2Wi1zNzU3Sk1yX3dUc2tPaDkzZkhPV01FMTh2dWYzRWtKX3NjNy03QThjeUl6SXhkdlJrWHFkWmF2OHEzM0VHVzNqNGhVTGNvWkFMLXBCdzVEMWFYbDJNbXktdF9HY05pbV9fWkJzVWh3QXRQVFg0LWFLMjRJemJVOWR3?oc=5
2026-07-30T23:55:08+00:00,Google News: Crude Oil,True,False,"Crude oil turns lower as traders take profits but on track for biggest monthly gain since March - Seeking Alpha",https://news.google.com/rss/articles/CBMizgFBVV95cUxOdzFraUVIWmxmUDktOERJSzhUQlZxcko2M05KT1RhV2R0b00wS3lGTExiY014RkRzWThkRnM3SEd4VFEzc2IyaExMWDF6Mmt1blZSVHRBZkJWLWdSTUV4VTQ0WFJ5Znk2QzVnamZ1ZG12aUxSaDI0RVZZSEo4X2ZtenpRU2dJWDVrbUVJRlV6T0tqR2V2cmY3bGhSYkIwYlBrNEVvb0hPUTFQYnUtWFFZZzh5cVNNUTQ3R1YxLWpRVXRHLUFSYk1fTUdBTVRUdw?oc=5
2026-07-31T05:16:08+00:00,Google News: Crude Oil,True,False,"Why is the WTI falls despite Middle East tensions? - FXStreet",https://news.google.com/rss/articles/CBMiwwFBVV95cUxPUmR3Y3hTY2NuOXQ5MFlNbzMxbXZxb29kZjVUbklaQnQ2Tm5ONnoyaHhmVENpdlFMVFliQnlfbUlVNy15OVZJeVJyendqMlJVejZMVFV6OWJ1dFJWRzZIZDhYT3ZGVTVsclNxZ183YnpOeFFJT2xQMDR6dldmREVRSHhjWlpHLTVEZktwcXFOUGtCTUxBVkF6Mk1sMXhqMG0weGMxSUM0U1ZVejVYc1BrXzNqZHdLYzhRdkhZOUV6Sml3c1U?oc=5
2026-07-30T17:40:12+00:00,Google News: Crude Oil,True,False,"Crude oil surpasses corn and soy to become Argentina’s top export - Buenos Aires Herald",https://news.google.com/rss/articles/CBMirwFBVV95cUxQNng3YVNmQ2JPcWk3TU10RXduMnZTYTA5MXBpVy1BU1ZrbHVPQTBrd2hBbW9Hek53U2pxaU16OVRoejh0RDBURWFheUhfellSRllPS2R6aVRqdXlINlpJRHJFTXRseFV3bUUwSmxsQmFrNkF2ZU5ncWpFY25PdW5uajNKY1ZHS2xtTjB2QXA5N2RXMkFkSWh5a1oxdXpBMjFIUmI5V0NmWkN2Vk5seFdZ?oc=5
2026-07-31T05:52:27+00:00,Google News: Crude Oil,True,False,"WTI tests physical demand as growth expectations lose momentum - FXStreet",https://news.google.com/rss/articles/CBMirgFBVV95cUxOaGVFam9aQlNLMjdWV0ktRmdXazlLMjBoNi04RUV0cC1HSmphTTRjb0d4c1g5NGQtUUQ0eW9wdWhtWkZ4MlYxNE1fREFhRGN5MEk4NF9FUVB6U2dvM3h0NGFhYlh5TWNZWWROeXpvaTBCQ0l4c0FhZVg3RXlaaDk1dGxJT1ZuOU43WDZ0RjNHaktSZjFiSXlNTTNheV9fQU9jcFlvR3Q2c05haGg1SHc?oc=5
2026-07-31T06:16:00+00:00,Google News: Crude Oil,True,False,"Natural Gas and Oil Forecast: WTI and Brent Retreat as Traders Monitor Middle East Supply Risks - FXEmpire",https://news.google.com/rss/articles/CBMi3gFBVV95cUxPRzB6b2hrUDh3MEFUTVhSV2dleHVxX2JRNFlHaFktcWsxSmljVFF3VGxMN2R6VHZxNDJhcklOUUVmaWRQT2RnVlR1enNucF9GRE82WXJvV2hJeVhzWFJtSGFGd2NIWFQ2dmVHMVNfdUxGWGFNSzQ3MjFkVVR2anVqbDhaN1pOSTNxb1p6Znc0QmRuSmlnSXlnOE5iM2FkcmZ3LUpwTjBXLVpEbm9zdlNiZndjWWlxeVRqSnhjVWZfVTNUcUJvVnhUVG9aMW9XMlJMLXJ1QXVxNWo2bzZWUkE?oc=5
2026-07-31T00:54:16+00:00,Google News: Crude Oil,True,False,"WTI holds losses around $82.50 on renewed US-Iran diplomatic hopes - FXStreet",https://news.google.com/rss/articles/CBMiqwFBVV95cUxOeTdIcFpwX1huYVVNc29NNHhFZjhlSkhoOFBoa1V2MzhFX2NhWXRlaU9TUmpPOGxHWERqSjB3NmphMTNtWXRLWjkzZDhUdTl4ZUN6a2VaOTZJdDlscFlvaEtRdWVWLVJvSkpES2hhMjdwQVNwZVJlMTRmRW83d0NoV0pINmFrV3dWYmdCUFFmMEJCMUdyQlRMbldISjdIS3g5UlhOaU9tel9HSDQ?oc=5
2026-07-31T04:56:58+00:00,Google News: Crude Oil,True,False,"Oil Prices Head for 20% Monthly Surge Despite Recent Pullback - Crude Oil Prices Today | OilPrice.com",https://news.google.com/rss/articles/CBMitwFBVV95cUxOMUpCOHFaTGctUGhrcGhsVWp5b1p5MkE2S1hMQU1ndjBaYU9ZVUpybHh0d0E5S3g3MkNWeHEwbV9OSVk5a2lRcl9sNWR3YTdmWnZuc1ZNSmpESEZhSXJneGVCdHVCd2c2TXBQMmRoczhyd0dwZ2REQWFmdi03b2ZNNXJJSUNieVpuRDBWYzNyaElCSDhhUU4yS3JuRVp4X2dpclE0VUhOOTBKazlidWUyWHZnNmRoWW_SAbwBQVVfeXFMUGhDUmVmbTl1b1hsN0VTRGFITjUzRl9FV2JlbFhIVUdwMDVidVBXNjNHMmhJVkNNRElqZHBsLVI0VU40bXpwbmk2YlotdHp3Y3VkTkdoWTdleU9iMHdKMlA3VGxrbE9MOS0xVjEtNTA1cEc2QjBwT3NCZGFPLUZBcGNvN0trX0tjZ284Rk1CNmp1VE9hUF9wdlFGRWo0b1hGcFhTbUxRejQweGlrT0FrQ2dRbm92LUVhTmVGWTg?oc=5
2026-07-31T03:00:00+00:00,Google News: Crude Oil,True,False,"Oil falls on slightly improved flows through Gulf; set for monthly gain - Reuters",https://news.google.com/rss/articles/CBMiqwFBVV95cUxNTWtnbUQ2S2JIalNxeXVETFdYcU95VDBtOHpPdlAxWDkzd1B0VVBPNnNpMW8xTGVRbkJ1NTFqbmJ0Ui1ucUUtSVhZeXZwRTQ4eE5FTWRkdzBlZEVJUzZHR0tKdnZTeXFoQlFPSHpGX0pqaEVVU3RhWFJqR2xNZnVJeDdOaG9ONUEtaThtRXhXakladzRkT2JvR1hxSEREVmxkRGRjQWw5ZTNoeTQ?oc=5
2026-07-31T01:21:43+00:00,Google News: Crude Oil,True,False,"Oil Stocks To Watch As Brent Nears $93 and Shell Profit Lifts Sector Focus - simplywall.st",https://news.google.com/rss/articles/CBMivwFBVV95cUxNaC1uUHVfbkJFemRybl94WGxiMlR5UkRWcXBFV25HRWJEVlVHd1BIanBMZjVxNmh5ZUM2dmI1MDBGYUxucXp5dWxJSzBJZmZtMVJGSndIRXM2aVg0ZlF1bmluUEFTZU5RS05SeEV0MUFZM2JLT2xBY2trZTI0SmcxRzA5WWJ2eUJWNUlhUzJpZllNczNUTTFvdmRLQWo4cUdMMnktNUJPM3c4RkUxTC1lU2ZoNG5FaFJYWWlnaDNUZ9IBxAFBVV95cUxPV3pUcV9sSk5fakdDLXlwYldjaFV2eFQ4OUNHMGpQcFpWaDBtSC0xUXVlLXN5amRKb1hlVmY5UDUtSXJCZFZnT001WGtKV3JMOWl2UXBFbTB6MGFoQThURWtVYWJaY2JoeTBGWFB2WVRoY1phUW9PV2dkS0t6Q3B2ZzY5X2gwSl9MblgzcEhaRUhJTnVyakZKN0haT0p5cFFQVkNPdTVXdUlCMXpib2w5QThTTnVqUlZOTEp5UXVneWRMYWVf?oc=5
2026-07-31T03:13:15+00:00,Google News: Crude Oil,True,False,"Two injured in Escambia County motorcycle crash on I-110; south of Brent Lane - WEAR-TV",https://news.google.com/rss/articles/CBMiqgFBVV95cUxQX3ZMZEQyMmt6elJvR1VocHBSZm9tZUFYUUFrQXV0VGdSZlA2NWtxSk9JN0xYaFN5M3VtZjM3Q3ZrYVQ4V0txbkVBRjNtRGhIcEtpTmh4SUYxdlo3ZlRxa3ZJaTFTZDRmejdYc0MwU1ZfRUxia1kxNmxIcmZkNUtHaGJDYmNwTlBWT245bkhyTFJHb1Vpb2ZhVG4wTmFlQlFTaTQ2cjdoV1E5UQ?oc=5
2026-07-31T01:38:00+00:00,Google News: Crude Oil,True,False,"Brent oil may fall into $85.15-$86.72 range - TradingView",https://news.google.com/rss/articles/CBMisAFBVV95cUxQR2hlaDhSSlM2WjNySmdkMXM0YXkyT0txZENlSzhSVmM1MngyaTFHVjd0el8wUHYtT0RMLURibG1IeDRvSnM4ZjZLZzlENGlYU3p4aDdwbmg0Mzdtekx0R2VaMmxJeEhsYUFCeGRKYmtJcU1jY3RxUXBFMGh2bFdxZmgtY0RVT1V6aFowWVlqWnNHWVc5dWc3UzZFNkNzUnlva1pLTEZwTUY0STlST1dxRg?oc=5
2026-07-31T04:00:15+00:00,Google News: Crude Oil,True,False,"WTI (USOIL) Volatility Intensified on Jul 31: What to Watch - TradingKey",https://news.google.com/rss/articles/CBMijAFBVV95cUxOOWRkVnEzN2hmb2lxVmZfaHdrVW5iYThWbnUybFFNSmxXck8tZjh5by1ubVJnVGRJOG5TUWVlS0FDSm9nd1hyY3dqb25nZjBRSElveWp1UktfSGRpbC1BcG80alo2dGV3TGNTaDYzSjZQTkRGcXJuNG05bXdQMEhWQUNwZkI2VS05d3dzVg?oc=5
2026-07-30T23:27:37+00:00,Google News: Crude Oil,True,False,"Brent Heads for Strong Monthly Advance - TradingView",https://news.google.com/rss/articles/CBMikwFBVV95cUxPSkdwVjFkYzYwR2JoaG1salJ2MHB4VmFqQXFFS200a2NLV2NkQ3JSUVByYThucHNULU9HZjFyM0plYzhiYkdUODZCWklBamFRSFUtTmhOQmFGUEY1QzQ2Wjc1Zkl0Rkk0dGROak5MWktHaWFmdzQ5bjV3SlY4VENyQTNGbkQ4azkzVzlvMkM5Rzk2NjQ?oc=5
2026-07-31T04:45:14+00:00,Google News: Crude Oil,True,False,"Brent Futures (UKOIL-F) Drops on Jul 31: Key Factors to Watch - TradingKey",https://news.google.com/rss/articles/CBMijwFBVV95cUxPcUdLZmR0RHE2N2xmN1d6QXZyU2Z2d1V2cmQwckNVcFB3bHBEeVlhcUNmQkwxZEhNLU80TlpKR05Xcl8ybzE5dE1LSkNmV2lkRUc4UDlmUmc3ZTdXejdqRGNpc0QxWHBXX3F3SXZ2Um9uVGpBTUdrVGxaSTBTTG1FLVVSRkZwVzNFbXBpYUszWQ?oc=5
2026-07-31T04:25:19+00:00,Google News: Crude Oil,True,False,"Brent (UKOIL) Drops on Jul 31: What Lie behind the Move? - TradingKey",https://news.google.com/rss/articles/CBMijAFBVV95cUxPRU1NdVRtOXBKYmItMUJpNmdPNnhGZjI0dXBBREZKeWtPRWNla0pCajF4RU9CYnRvZklSUFJDNXozdVlMVzRXYU9RNF9qTXBHVG1hNnBqMWhaU2tfNVR2emtBdXFKcW91Q2hoclo1b1BqbVAtNy1GY21ZN00tanlRajdCOGRMTm1ueW80eQ?oc=5
2026-07-26T07:00:00+00:00,Google News: Crude Oil,True,False,"Obituary information for Darrel Brent Gubler - Spilsbury Mortuary",https://news.google.com/rss/articles/CBMihAFBVV95cUxPUWgwZkJZWmtUS1cwX3RQMFBWSDlKV0tYLUoyV1liMU9zLVRfbGpwZ2JKTnpOR1ZpbVFrV252eDZQUUdETEdnb0hLOXdZRmd2QzQ0eDAtWXZzdmhVTXoyUjZ4UjZPVFB5MkJKTGZYbmtlUzNPMzBOM3plV3NPYTBrOGtoZG0?oc=5
2026-07-31T03:02:22+00:00,Google News: Crude Oil,True,False,"WTI Crude Oil Price Falls 2% Below $81: What Traders Should Watch - MEXC",https://news.google.com/rss/articles/CBMinwFBVV95cUxQdThvUUhrUWxiSVl2V0pDcUVVa1dfY3lNVWVIdmFzbEwwWmNuQ2NtOW1ZOFRnSUFWZXFjcDRfdkwzWm5oNk9aU3hnUVpuWndjenhBZkhudzNQcFVsV0VUWFp3SFZpUlhKcjlBaDZmTFF2S2QyUktTLXoySng4dTlJS09Sci1tYV9RR09IT1V3MmhkbkR6dXJ3enFaRWtSaW8?oc=5
2026-07-31T08:00:22+00:00,Google News: Crude Oil,True,False,"Interview: Brent Rupard from Everette talks going solo; starting again & new music ahead of UK tour - Entertainment Focus",https://news.google.com/rss/articles/CBMi1gFBVV95cUxNenBFWGY4bHJRcUdaZENEOWQ2Z1B1dnBzR1pKblFxZ05yYU1hUkM3OG02Nlk2WG1OaUhzX0cxY05DTXowVmh2ek5salFTLS1wM1JWOWJwTlVPeHJJZHZDaGQ4TWdReUt6VDhtQ3J4RlhBNnhfeGI1VnJoZ1lYSkdtcG1IcUl5ZGxYeUEzNUI2RFdMM1hpNllxY0ZtNEhMd3BpZFU0S3JDNEMwczM4ekZOaTd5Mmpad0htZi16aEVucjZoTzB1T1QxZG9WZnhiLWdrM0hkNGFn?oc=5
2026-07-31T06:47:16+00:00,Google News: Crude Oil,True,False,"Crude oil futures drop 3% on easing supply concerns - Awaz The Voice",https://news.google.com/rss/articles/CBMinwFBVV95cUxQVll1MEZ4bUVRUmxITDFQMF9fMVp1T3JEcjFZQXJOVWxoZ21uSzR0NWQtQ0JtemRaLWd2QUlGY2ZIWnYxX1BzMzM2ODJIZUZkRmtRZFFfdjlmbXdhVFFpblNLWVRYUTE4WXBEM25kYkZmV3M5ZHo5WlVxTlJNN3NyeThwZ3ZEandjN2UzWHpDNExZQ2xTS0M4TzJ5NnBuMnc?oc=5
2026-07-31T03:46:43+00:00,Google News: Crude Oil,True,False,"Two injured in Escambia County motorcycle crash on I-110; south of Brent Lane - WEAR-TV",https://news.google.com/rss/articles/CBMitAFBVV95cUxQdmQ5R0xoTjVnZzBzR3VvcFNZSElyb3NqTFBSREpaVlBWQkJJWmstU1d4TWZFS2dVc3J4bzIwa0VrTXpKYVpLQmdQZUtBMi15VlBRMDRTS1EwTnlXWjdOSE4yb2Y1elhzOFFTcVp3cXBBeTJZR2JaZ1liWERxNUdYY0czRTlSZDlaT0p1M2FWV2Exd2R3OXV0MDlIa3pyUHdSMVg0Y3FXWVYxWDM3VF9STmFwNnk?oc=5
2026-07-31T04:10:16+00:00,Google News: Crude Oil,True,False,"WTI Futures (USOIL-F) Is down 2.22% on Jul 31: What You Need to Watch - TradingKey",https://news.google.com/rss/articles/CBMijwFBVV95cUxNV0k2X3ZONDJUNGFpMEh2ZUNSUXJwd05LZEh2NjhqWU1fMi11UUNBME1HUGhfdU1iMG8tZkw4WXJtQVNJNDVVSGFBbEtJZGN3T1N2ZlpMbUdlRjhJNkFURXZ5S0QxQ1VrT21jMHdQcHRhNTczRDd6MmdIdC1tSjBjVGV4SEZ3eUpwWEYyb1BkTQ?oc=5
2026-07-31T04:02:43+00:00,Google News: Crude Oil,True,False,"Crude oil fell; base metals mostly rose; SHFE tin and palladium rose nearly 2%; lithium carbonate and coking coal fell over 3% [SMM Midday Commentary] - Shanghai Metals Market",https://news.google.com/rss/articles/CBMi-wFBVV95cUxOWUJvR3d3b09hd1lQRVhtZ2I0NU1RSlpyaGFFZmRDZ1RXTFN4S0FBYzhNMHo3aEZSTklIbUhWYkNFNXVHNXVnQWNERDN0bDlhaU1CQk52SkhGQXZpWUduV283TTBheWhkQjFzcEpjdlJLVDRsZ1RPdVhFeWpFMjhiRV92RGdRcERESFNCd1IzTFJjZnJnZkRacVJ6QUJEajBic3AwUlVMb19TRzVuTURIdUw5QmNud0gyeDJocDBvNXp4aEo1ZWxhUTNYTFBJcEFYY3ZGNXBscjlYdFN2WmFRZ0N1YkRQaWpJa2paTlg0c2wyS3h6TFZ0ZFplYw?oc=5
2026-07-29T04:40:05+00:00,Google News: Crude Oil,True,False,"The Osprey Assault Support Cycle: WTI 2-26 in the Desert - SLDinfo.com",https://news.google.com/rss/articles/CBMijAFBVV95cUxNekFYS0xjdEQ1clhFeFJodkMyVHhkT0hSMktBNXU5QUZGS1FUcXVZTkxpLXVZOHZUN0JjTTdwTjYwRkZ2LWRfaE9TQkpnZzBEMi1tdzZrZUpWbUtuajRvdGJRRV9zS1ZiQ2JpcjdPOTVvZko5eS1HWFJzc0xaenBPNUVEaVQwQnNxbWpUVQ?oc=5
2026-07-31T01:17:02+00:00,Google News: Crude Oil,True,False,"Brent Crude Nears $90 As US-Iran Conflict Puts Oil On Track For Biggest Monthly Gain Since March - NDTV Profit",https://news.google.com/rss/articles/CBMi1gFBVV95cUxNU3F6NlhlMHVNeVdIS0F0bE41SV85TUV0bVpoazkwd3JScDRudDlQeXYwUGNGdHJfUG9KbTJackxFVkxlWWhfejZWVlQxbERqM2MtdTNXUHZfaGdCOWIzYWRMM1pEc1lsbFRQV2JSWU5DZ25fQ3pvbE1CSFZZLUg5WkZwQUUzS083OTlNeFZGa1hPbExyVmRuTFgySHVpRzVtS2RYckEyRUVWWkhOWXVKRmNFWEI0TUJldmFCY2N3VzR5SnB5WVVQYkR5RlJoc3FUVEtYNXFB0gHeAUFVX3lxTFBLT3NTcnlITkkyOFQwTHdncGw4ZVdlX1E2eGIwWFkxYndtRGdwdkpQWVp5YzI5ZDlMcERwSWdaYk1wZ0lWYVNUMlFTSFlwRGtwcUhxT0xzR0xKUDFhLXY2RTlKamJFNGV0Zjd5blcyREw5b0tUMFlZaFd3ZjZXQndfa2luRWpLTUpLNnI5N3JZLWd0cDZjaWJwWTFSTG1oZTRGOER3ZDRSTzdtbGY2a0JmRUlDY2tRQmNSbkNPVUItMGNQbnlvRGFXT2o4aWFfSGJNUTNacW12RDJhWldNdw?oc=5
2026-07-30T15:44:12+00:00,Google News: Crude Oil,True,False,"Crude Oil Prices Slip on Ongoing US-Iran Negotiations - TradingView",https://news.google.com/rss/articles/CBMisgFBVV95cUxPNEl6WjRJa3VsTDJmanBQb1B2b3JqY2g2QlRSNUtvWVFPWkwtZHNianRIMkdjcVJOaEdGV0dvalcxVnBCTUpLcWRoczgyM2s0eDJCOEdQcnM4QllZd3hucngtR1RhRWRJb1ZjaFlHZ3pRa0NHYUMwa21JZ3huaUl1REdGUVhzZXlab2lwQnpRbVkzT3dQMlZlQU1teWRNSWJQaVFkTE14dDcxYmZsZ2p6Zmxn?oc=5
2026-07-30T21:24:42+00:00,Google News: Crude Oil,True,False,"Oil Falls as Saudi-Led Red Sea Maritime Defense Coalition Plan Eases Supply Concerns; WTI Down 1% - bloomingbit",https://news.google.com/rss/articles/CBMiVEFVX3lxTE5UekRidlpyb1lUVy1FTV9qaTA1QVdIX1oxclM1WnBWUnNmY3Zzc3RFYXVZb2VtcE9ZYVFGUUN1V2Y3MDYyN2Q1dmY0UW9xQnhncmhvVA?oc=5
2026-07-31T04:25:49+00:00,BBC World,False,True,"If Hamas disarmament plan holds; it could mark first credible step to ending Gaza war",https://www.bbc.co.uk/news/articles/c9d8gd87d83o?at_medium=RSS&at_campaign=rss
2026-07-31T09:51:38+00:00,BBC World,False,False,"About 49;000 migrants enter Spanish territory of Ceuta; officials say",https://www.bbc.co.uk/news/articles/cx2kp639yx4o?at_medium=RSS&at_campaign=rss
2026-07-31T09:44:48+00:00,BBC World,False,False,"AC Milan and Italy great Baresi dies aged 66",https://www.bbc.co.uk/sport/football/articles/ckgvlz45l3eo?at_medium=RSS&at_campaign=rss
2026-07-31T05:21:18+00:00,BBC World,False,False,"UK rapper Yung Filly found not guilty of raping woman after Australian show",https://www.bbc.co.uk/news/articles/crrv7vk0knro?at_medium=RSS&at_campaign=rss
2026-07-31T08:21:37+00:00,BBC World,False,False,"Fifa says 'nobody selling football' as plan continues",https://www.bbc.co.uk/sport/football/articles/c79glnx1y55o?at_medium=RSS&at_campaign=rss
2026-07-31T09:03:37+00:00,BBC World,False,False,"Anthropic's Claude AI escapes to hack into three organisations",https://www.bbc.co.uk/news/articles/cz7dl7w8y7po?at_medium=RSS&at_campaign=rss
2026-07-30T22:04:09+00:00,BBC World,False,False,"India wants to join the strawberry superpowers",https://www.bbc.co.uk/news/articles/c8x274xxxpwo?at_medium=RSS&at_campaign=rss
2026-07-31T05:14:17+00:00,BBC World,False,False,"What could happen to Fifa if Uefa boycotts World Cup?",https://www.bbc.co.uk/sport/football/articles/c9984d9x1eyo?at_medium=RSS&at_campaign=rss
2026-07-31T09:33:37+00:00,Al Jazeera,False,False,"At least 11; including children; injured in Israeli raids near Nablus",https://www.aljazeera.com/news/2026/7/31/at-least-11-including-children-injured-in-israeli-raids-near-nablus?traffic_source=rss
2026-07-31T09:23:54+00:00,Al Jazeera,False,False,"Her mother said no to a phone. Then came the Gaza genocide",https://www.aljazeera.com/features/longform/2026/7/31/her-mother-said-no-to-a-phone-then-came-the-gaza-genocide?traffic_source=rss
2026-07-31T09:09:54+00:00,Al Jazeera,False,True,"IRGC strikes US targets in Kuwait a day after US hits Iran: Latest events",https://www.aljazeera.com/news/2026/7/31/irgc-strikes-us-targets-in-kuwait-a-day-after-us-hits-iran-latest-events?traffic_source=rss
2026-07-31T08:53:17+00:00,Al Jazeera,False,False,"Hamas agrees to phased disarmament in Gaza",https://www.aljazeera.com/video/newsfeed/2026/7/31/hamas-agrees-to-phased-disarmament-in-gaza?traffic_source=rss
2026-07-31T08:03:29+00:00,Al Jazeera,False,False,"Israeli forces blow up structures near Lebanon’s Beaufort Castle",https://www.aljazeera.com/news/2026/7/31/israeli-forces-blow-up-structures-near-lebanons-beaufort-castle?traffic_source=rss
2026-07-31T07:26:17+00:00,Al Jazeera,False,False,"Liberia burns 4.2 metric tonnes of cocaine after record drug seizure",https://www.aljazeera.com/video/newsfeed/2026/7/31/31-07-sv-liberia-cocaine-burning-lr?traffic_source=rss
2026-07-31T07:25:44+00:00,Al Jazeera,False,False,"FIFA defiant over World Cup investment plan; despite UEFA’s vote to boycott",https://www.aljazeera.com/sports/2026/7/31/fifa-defiant-over-world-cup-investment-plan-despite-uefas-vote-to-boycott?traffic_source=rss
2026-07-31T07:06:18+00:00,Al Jazeera,False,False,"US government mislabels countries on map of Africa at global conference",https://www.aljazeera.com/news/2026/7/31/us-government-mislabels-countries-on-map-of-africa-at-global-conference?traffic_source=rss
2026-07-31T07:04:20+00:00,Al Jazeera,False,False,"Latin America is becoming a laboratory for tech-supremacism",https://www.aljazeera.com/opinions/2026/7/31/latin-america-is-becoming-a-laboratory-for-tech-supremacism?traffic_source=rss
2026-07-31T07:03:02+00:00,Al Jazeera,False,False,"How Netanyahu lost America",https://www.aljazeera.com/opinions/2026/7/31/how-netanyahu-lost-america?traffic_source=rss
2026-07-31T06:50:52+00:00,Al Jazeera,False,True,"Pakistan’s attacks on Afghanistan are about more than the TTP",https://www.aljazeera.com/opinions/2026/7/31/pakistans-attacks-on-afghanistan-are-about-more-than-the-ttp?traffic_source=rss
2026-07-31T06:49:38+00:00,Al Jazeera,False,True,"Iran war live: IRGC claims ‘retaliatory attack’ on Kuwait",https://www.aljazeera.com/news/liveblog/2026/7/31/iran-war-live-irgc-claims-retaliatory-attack-on-kuwait?traffic_source=rss
2026-07-31T06:24:37+00:00,Al Jazeera,False,True,"How US Senate Russia sanctions could spell 100% tariffs for India; China",https://www.aljazeera.com/news/2026/7/31/how-us-senate-russia-sanctions-could-spell-100-tariffs-for-india-china?traffic_source=rss
2026-07-31T05:21:18+00:00,Al Jazeera,False,False,"Four bodies located after 10 climbers go missing on Pakistani peak",https://www.aljazeera.com/news/2026/7/31/nepali-climber-purja-9-others-missing-in-pakistan-after-avalanche?traffic_source=rss
2026-07-31T04:59:39+00:00,Al Jazeera,False,False,"Families sleep in cars after homes destroyed in Japan earthquake",https://www.aljazeera.com/video/newsfeed/2026/7/31/families-sleep-in-cars-after-homes-destroyed-in-japan-earthquake?traffic_source=rss
2026-07-31T04:35:01+00:00,Al Jazeera,False,False,"‘First somewhat optimistic day’ in France since fire outbreak says prefect",https://www.aljazeera.com/video/newsfeed/2026/7/31/first-somewhat-optimistic-day-in-france-since-fire-outbreak-says-prefect?traffic_source=rss
2026-07-31T04:34:04+00:00,Al Jazeera,False,True,"Iran holds funeral for Revolutionary Guard members reportedly killed in US",https://www.aljazeera.com/video/newsfeed/2026/7/31/iran-holds-funeral-for-revolutionary-guard-members-reportedly-killed-in-us?traffic_source=rss
2026-07-31T04:09:08+00:00,Al Jazeera,False,True,"Southern Lebanese towns near Beaufort Castle hit by Israeli strikes",https://www.aljazeera.com/video/newsfeed/2026/7/31/aje-onl-nf_south-lebanon-towns-beaufort-hit-by-israeli-strike-300726?traffic_source=rss
2026-07-31T04:03:10+00:00,Al Jazeera,False,False,"Death toll from Japan earthquake climbs to 34",https://www.aljazeera.com/news/2026/7/31/death-toll-from-japan-earthquake-climbs?traffic_source=rss
2026-07-31T04:02:03+00:00,Al Jazeera,False,True,"After OpenAI disclosure; Anthropic says Claude also hacked outside systems",https://www.aljazeera.com/news/2026/7/31/after-openai-disclosure-anthropic-claude-hacked-outside-systems?traffic_source=rss
2026-07-31T03:35:52+00:00,Al Jazeera,False,True,"Israeli blockades seal off village in the occupied West Bank",https://www.aljazeera.com/video/newsfeed/2026/7/31/israeli-blockades-seal-off-village-in-the-occupied-west-bank?traffic_source=rss
2026-07-31T03:27:44+00:00,Al Jazeera,False,False,"India to increase penalties for exam leaks after Cockroach party protests",https://www.aljazeera.com/news/2026/7/31/india-to-increase-penalties-for-exam-leaks-after-cockroach-party-protests?traffic_source=rss
2026-07-31T03:08:59+00:00,Al Jazeera,False,True,"Why a MAGA influencer’s shift to support Ukraine war is good for Trump",https://www.aljazeera.com/video/newsfeed/2026/7/31/why-a-maga-influencers-shift-to-support-ukraine-war-is-good-for-trump?traffic_source=rss
2026-07-31T02:31:33+00:00,Al Jazeera,False,False,"Trump says Morocco named Tiznit-Dakhla highway after him: Why it matters",https://www.aljazeera.com/news/2026/7/31/morocco-names-tiznit-dakhla-highway-after-trump-why-it-matters?traffic_source=rss
2026-07-31T02:26:21+00:00,Al Jazeera,False,False,"Clashes near Morocco’s border with Spain over beefed up migrant security",https://www.aljazeera.com/video/newsfeed/2026/7/31/clashes-near-moroccos-border-with-spain-over-beefed-up-migrant-security?traffic_source=rss
2026-07-31T06:44:06+00:00,CNBC World,False,True,"Iran targets strategic U.S. assets in Kuwait; Bahrain after Egypt drone attack",https://www.cnbc.com/2026/07/31/us-iran-war-trump-hormuz.html
2026-07-31T08:50:14+00:00,CNBC World,False,False,"Apple drops 7%; Amazon surges 12% as investors pick AI winners after earnings",https://www.cnbc.com/2026/07/31/apple-aapl-amazon-amzn-stock-today.html
2026-07-31T08:12:35+00:00,CNBC World,True,True,"Oil prices ease as recovering Hormuz Strait traffic tempers war premium",https://www.cnbc.com/2026/07/31/oil-prices-today-brent-wti-hormuz-trump-iran-.html
2026-07-31T07:13:23+00:00,CNBC World,False,False,"Deadly storms and a global supply squeeze are sending copper prices soaring",https://www.cnbc.com/2026/07/31/copper-prices-chile-storms-mines-ai.html
2026-07-31T09:37:53+00:00,CNBC World,False,False,"A portfolio manager says investors are looking overseas as Magnificent Seven worries grow. Here are the stocks and sectors he favors",https://www.cnbc.com/2026/07/31/janus-henderson-overseas-stocks.html
2026-07-31T03:47:31+00:00,CNBC World,False,False,"South Korea's 'bipolar' stock market: meltdowns; a record rally and what's to come",https://www.cnbc.com/2026/07/31/south-korea-kospi-samsung-sk-hynix-meltdown-record-rebound.html
2026-07-30T22:46:47+00:00,CNBC World,False,False,"Amazon got $600 million in Trump tariff refunds and will pass return along to some customers",https://www.cnbc.com/2026/07/30/amazon-trump-tariff-refunds.html
2026-07-31T06:20:14+00:00,CNBC World,False,False,"CXMT's blockbuster debut in Shanghai sets stage for next test against global memory giants",https://www.cnbc.com/2026/07/31/cxmts-sk-hynix-samsung-micron-memory-chip.html
2026-07-31T07:41:35+00:00,CNBC World,False,False,"SK Hynix; Samsung shares skyrocket to clock best days as AI rally roars back",https://www.cnbc.com/2026/07/31/sk-hynix-samsung-ai-rally-chipmakers.html
2026-07-31T06:56:36+00:00,CNBC World,False,True,"CNBC Daily Open: Iran-U.S. tensions; China's factory data and a steady Bank of Japan",https://www.cnbc.com/2026/07/31/-cnbc-daily-open-iran-us-tensions-chinas-factory-data-and-a-steady-bank-of-japan.html
2026-07-31T06:05:22+00:00,CNBC World,False,True,"BOJ holds rates at 1%; warns of core inflation exceeding 2% target",https://www.cnbc.com/2026/07/31/boj-rates-yen-intervention-inflation-japan.html
2026-07-31T03:49:55+00:00,CNBC World,False,False,"China's factory activity unexpectedly contracts in July on demand slump; typhoons",https://www.cnbc.com/2026/07/31/china-pmi-factory-activity-economic-growth-exports-.html
2026-07-30T22:01:01+00:00,CNBC World,False,False,"China’s U.S.-bound shipments fall in July after brief recovery; survey shows",https://www.cnbc.com/2026/07/30/china-us-exports-drop.html
2026-07-31T09:43:36+00:00,Guardian World,False,False,"At least 18 die as 49;000 people cross to Spanish enclave of Ceuta from Morocco",https://www.theguardian.com/world/2026/jul/31/ceuta-spain-morocco-border-deaths
2026-07-31T08:00:08+00:00,Guardian World,False,False,"Ebola outbreak in DRC the fastest growing in the history of the virus",https://www.theguardian.com/global-development/2026/jul/31/ebola-outbreak-in-drc-the-fastest-growing-in-the-history-of-the-virus
2026-07-31T09:53:36+00:00,Guardian World,False,True,"UK petrol prices expected to rise to highest this year as US attacks Iran – business live",https://www.theguardian.com/business/live/2026/jul/31/bp-sell-north-sea-ai-record-korea-kospi-stock-market-latest-news-updates
2026-07-31T07:36:24+00:00,Guardian World,False,False,"‘Rob has the bucks cash’: NSW Liberals used Reformers funds to pay for ‘personal expenditure’; Icac hears",https://www.theguardian.com/australia-news/2026/jul/31/icac-corruption-hearing-robert-assaf-nsw-liberals-reformers-funds-bucks-personal-ntwnfb
2026-07-31T07:19:40+00:00,Guardian World,True,False,"Gina Rinehart threatens ABC with legal action over Race Around the World program",https://www.theguardian.com/media/2026/jul/31/gina-rinehart-threatens-abc-with-legal-action-over-race-around-the-world-program-ntwnfb
2026-07-31T06:11:03+00:00,Guardian World,False,False,"Labour hire firm paid Mick Gatto more than $1m to secure work on Big Build; CFMEU inquiry told",https://www.theguardian.com/australia-news/2026/jul/31/geoffrey-watson-integrity-expert-cfmeu-corruption-inquiry-ntwnfb
2026-07-31T05:48:54+00:00,Guardian World,False,False,"Forced out of Australia’s military due to his sexuality; David says an apology is ‘long overdue’ for veterans like him",https://www.theguardian.com/australia-news/2026/jul/31/forced-out-of-adf-military-due-to-his-sexuality-david-says-an-apology-is-long-overdue-for-veterans-like-him-ntwnfb
2026-07-31T09:46:28+00:00,Guardian World,False,False,"AI labels to be compulsory on authentic-looking content under EU rules",https://www.theguardian.com/technology/2026/jul/31/ai-labels-to-be-compulsory-on-authentic-looking-content-under-eu-rules
2026-07-31T09:25:00+00:00,Guardian World,False,False,"France to step up border controls with Spain as estimated 49;000 migrants cross into Ceuta – Europe live",https://www.theguardian.com/world/live/2026/jul/31/cueta-spain-morocco-italy-migration-schengen-europe-latest-news-updates
2026-07-31T08:58:41+00:00,Guardian World,False,False,"British-Azerbaijani man arrested in Cyprus over alleged spying on UK airbase for Iran",https://www.theguardian.com/world/2026/jul/31/british-azerbaijani-man-arrested-cyprus-alleged-spying-uk-airbase-iran
2026-07-31T08:40:26+00:00,Guardian World,False,True,"Weather tracker: Wisconsin battered by rare tornado and meteotsunami",https://www.theguardian.com/environment/2026/jul/31/weather-tracker-wisconsin-rare-tornado-meteotsunami-heat-europe
2026-07-31T07:18:48+00:00,Guardian World,False,False,"BP puts North Sea oil and gas business up for sale",https://www.theguardian.com/business/2026/jul/31/bp-north-sea-oil-and-gas-business-up-for-sale
2026-07-31T09:41:31+00:00,Guardian World,False,True,"Middle East crisis live: Hamas will hand over weapons to new Gaza administration; says official; but deal depends on Israeli withdrawal",https://www.theguardian.com/world/live/2026/jul/31/us-iran-war-live-updates-trump-claims-gaza-hamas-deal-middle-east-crisis-latest-news
2026-07-31T02:11:06+00:00,Guardian World,False,True,"Trump claims agreement for ‘complete disarmament’ of Hamas in Gaza but support uncertain",https://www.theguardian.com/world/2026/jul/31/trump-hamas-disarmament-agreement-gaza-board-of-peace
2026-07-31T09:53:57+00:00,Guardian World,False,False,"Andy Burnham to set out devolution plan amid criticism it won’t benefit regions equally – UK politics live",https://www.theguardian.com/politics/live/2026/jul/31/andy-burnham-devolution-plan-labour-conservatives-kemi-bedenoch-uk-politics-live
2026-07-31T09:47:02+00:00,Guardian World,False,False,"Sainsbury’s to sell Argos to three retail veterans in £120m deal",https://www.theguardian.com/business/2026/jul/31/sainsburys-to-sell-argos-to-three-retail-veterans
2026-07-31T09:00:09+00:00,Guardian World,False,True,"New solar panels in Great Britain at 15-year high as fossil fuel costs soar",https://www.theguardian.com/environment/2026/jul/31/new-solar-panels-great-britain-15-year-high
2026-07-31T08:22:13+00:00,Guardian World,False,False,"Suffolk wildfire near Sizewell nuclear plant ‘stabilising’ after 24 hours",https://www.theguardian.com/uk-news/2026/jul/31/suffolk-wildfire-sizewell-nuclear-plant-dunwich-heath
2026-07-31T07:56:24+00:00,Guardian World,False,True,"UK house prices up 0.1% in July as buyers remain cautious on interest rates",https://www.theguardian.com/business/2026/jul/31/uk-house-prices-july-buyers-cautious-interest-rates
2026-07-31T05:00:04+00:00,Guardian World,False,True,"Drones offer alternative to balloons for weather research",https://www.theguardian.com/news/2026/jul/31/weatherwatch-drone-base-station-offers-alternative-weather-balloons
2026-07-31T04:00:04+00:00,Guardian World,False,False,"AOC 2028: Could the US elect its first female president? – podcast",https://www.theguardian.com/politics/audio/2026/jul/31/alexandria-ocasio-cortez-2028-could-us-elect-first-female-president-podcast
2026-07-31T00:22:16+00:00,Guardian World,False,False,"Anthropic’s AI Claude escaped testing environment and hacked organizations",https://www.theguardian.com/technology/2026/jul/30/anthropic-ai-claude-hack
2026-07-30T23:42:37+00:00,Guardian World,False,False,"Lindsay Clancy’s husband told police children were dead; court hears",https://www.theguardian.com/us-news/2026/jul/30/lindsay-clancy-trial-police-testimony
2026-07-31T06:02:00+00:00,NPR News,False,False,"At least 18 die after breach of border between Morocco and Spanish exclave of Ceuta",https://www.npr.org/2026/07/31/g-s1-136507/morocco-spain-migration
2026-07-31T05:40:16+00:00,NPR News,False,False,"Death toll from southwestern Japan quake climbs to 34",https://www.npr.org/2026/07/31/g-s1-136503/japan-quake-death-toll
2026-07-31T05:20:19+00:00,NPR News,False,True,"Trump announces a deal for Hamas to disarm; but many hurdles and uncertainty remain",https://www.npr.org/2026/07/31/g-s1-136500/trump-hamas-gaza
2026-07-31T06:20:00+00:00,Reuters (via Google News),False,False,"BP puts UK North Sea oil and gas assets up for sale as CEO pushes overhaul - Reuters",https://news.google.com/rss/articles/CBMirAFBVV95cUxPVEIwLXRTQzE2bTc1QXVUakRYaUI2c3JyVmttY0loM0ZFeDY1SkR0OThTRi11R2Z0MHpOdGhERV9DYU9pdjFfX19hZDYwdFRQZldObjQ2WmFWNTRhVEs1S0toTmNjR0tPeG1SSE9mOEVpWjkzSnc5cmtxRXV4cTJQaUxjSk8tMElMMmcyYUxNM2tmaDN5VGxQdTBhLTVWNVk5WkR5czhrb0c4S3Ft?oc=5
2026-07-31T06:14:00+00:00,Reuters (via Google News),False,False,"ADNOC buys tankers as Red Sea; Hormuz crisis reshape oil trade - Reuters",https://news.google.com/rss/articles/CBMirwFBVV95cUxPWjRybjFlbFozUUlRelN2dFVjQ0cyaEk4VEw2RzRYNTZ5MGlBOGNZcDE0bXNWNUJ4UnEtYmhzX2xoU0tHd1hfWXpNTHBmOVljRnpTekIwSUszck8wWGJDQkxoWWZyelg4YmJjQVFzZXJSaVRlM2d0NFYwQkpnYXlXNTYzT2hUUUN5dHJkcU4wVTFZeEZjWE11UkZQaVBrX3kwQ3RraHAyVW9PcG5uYWNr?oc=5
2026-07-30T10:41:38+00:00,Reuters (via Google News),False,False,"Two tankers carrying Saudi oil for India exit Red Sea by going 'dark' - Reuters",https://news.google.com/rss/articles/CBMirAFBVV95cUxNc1c5eUo4aHBKOEVJOU1KYTE0ZzhwdHBtUzNlbDJaaFhiTDJjY0xiSWN3Vm8yY2VzX2ZjUEFkR1k5ZkxKWVR5REZVUmZWUkZ0dEVBRDd3eDlIVDRLM0NBQjJES3JuTzRqYVFCMDFmZllzcDc3bFdBU3FNYVB3Wkd0c2k4WlplZEtxNV9zcF9QM3h0ZzdRNFFpWVZBWTF3Q1FKaHNXY2JyVEphSUFC?oc=5
2026-07-30T16:17:42+00:00,Reuters (via Google News),True,True,"Russia's Ryazan refinery has halted oil processing after drone attack; sources say - Reuters",https://news.google.com/rss/articles/CBMizAFBVV95cUxNeTcxMkh3bkRGdDFPZGJobVZWU1M4MTEyQWZYOFFiMldKRGl1ZlVWbVp5MjJhZS0wa3hRVVhJZXFMaWN0RU1QSHhEUlRtelNGNWtpT0RCNkhxNzRGNlV3WnplX2R3QkJfOVRoMl8tNmpYWUwwc0JuajlTU0o1ZVUyd2ljQXBKdTFVM2Q4ZGNuYW1GZlA0eHB6YzduNFVyYmtpaHkyTWo5NXl6bDBFRkRGYnVhaUV0SEdqWWtocy1fTGl2RF93eHZjcFNrb1k?oc=5
2026-07-31T02:47:00+00:00,Reuters (via Google News),False,False,"Rupee scales three-week high; lifted by state-run bank buying and oil; dollar retreat - Reuters",https://news.google.com/rss/articles/CBMitAFBVV95cUxQbDNTNzE5UHlKT0puY0d5bndZQktYb1JJeWc4S1lCLVJRdGJybjBtd3dnZllRckhnVDZKb0Z3clAwZ1Z4ZS0wR1B5TFp5STFSdTVWMHc2eWVFM05CdERicnNzQ0ZEVjNxVFZ1cmVnZWJlbWQzd3U4bktybXpQSndnRGJ1NTl1aWtjeHktQWRzYmo0OHoyd2JIcFpDTWVHM29QYXprZVB0eWxUQkRubFZkd3FnQjY?oc=5
2026-07-30T17:52:26+00:00,Reuters (via Google News),False,False,"Portugal approves 33% windfall tax on oil companies' excess profits - Reuters",https://news.google.com/rss/articles/CBMitAFBVV95cUxNRXNFQXNuaklrZThQTXpVUFFEdWVKTUpMRzBZRndUenJPdWh6eXlGeFU3R1RzZC1OcWZOcjlITWRKeE8wRDRYZGZHQ3BXaG5MNlN5RnB3SzRfX0VCSkUxSVhrSElKWm12MDlNeGpzSXMzV3lWQjlrdFNEOHdGOF9VSW1lUkgta2R0M3JTcjQyTE5WaHFSQ2s2M1lZQkJ0UzhOZk9LVzdiWDE4aF9UVzBjellvMEU?oc=5
2026-07-30T17:43:43+00:00,Reuters (via Google News),True,False,"Glencore wins processing contract for Germany's Wilhelmshaven oil refinery - Reuters",https://news.google.com/rss/articles/CBMivgFBVV95cUxQZkZKeFJSMkhzZ2xRV1dGNV85M090TXRCWHJhOHgwWjBRdmcwamExQWVETXFWcHpCTHpHOWNXZHctbTM2UDM3akpEV1FzMDN6ekRDSmV6eWZzRWcwOUdQNHNKWnJpMkRadW9reE0yNGhZQjNCMnNQREkzYlBEMXg3bzZ3YlkzbFhnRl9kMTRzLWVRb2R6cmg5aDdvWU1IamFrVC1pWnE5Y0xNU0VkRXJoNkF5RnhQQUpOU0R2R3Bn?oc=5
2026-07-31T06:00:00+00:00,Reuters (via Google News),False,False,"Europe makes trillion-euro bet to revive its battered industry - Reuters",https://news.google.com/rss/articles/CBMixwFBVV95cUxNVWdCLU5ySHhPVUdKWXBLakpaVVotQ2dHNE1TT29MRDhpZ0ExRFI3cjl2NFVfUlBCR2JtUmxaeUliaUVNb3FLeE15WW1ITDh2U2NBeWtsalpYc3FxS19rdjVHM3RmUHR5M3NBOU9Lc2wzWnJTcVR1ZzViSDVVd0FqalZYRmhxaDdtSU1SVC13NXpwemRURHVtTi1WM3JoTmc3ejh0TktSaFl2cDR2eVF5Z3B1TmdDSWs3WllKZUYxc1VKdE9kdVMw?oc=5
2026-07-31T16:15:56+00:00,OilPrice.com,True,True,"Saudis Push Maritime Coalition as Oil Finds Support",https://oilprice.com/Energy/Crude-Oil/Saudis-Push-Maritime-Coalition-as-Oil-Finds-Support.html
2026-07-31T16:00:00+00:00,OilPrice.com,True,True,"Ukraine Is Now Targeting Iranian Shipping in the Caspian Sea",https://oilprice.com/Geopolitics/Europe/Ukraine-Is-Now-Targeting-Iranian-Shipping-in-the-Caspian-Sea.html
2026-07-31T15:30:00+00:00,OilPrice.com,True,False,"China's Solar Capacity Set to Overtake Coal This Quarter",https://oilprice.com/Latest-Energy-News/World-News/Chinas-Solar-Capacity-Set-to-Overtake-Coal-This-Quarter.html
2026-07-31T14:52:16+00:00,OilPrice.com,True,False,"ADNOC Makes One of the Biggest Changes to Middle East Crude Pricing in Years",https://oilprice.com/Energy/Oil-Prices/ADNOC-Makes-One-of-the-Biggest-Changes-to-Middle-East-Crude-Pricing-in-Years.html
2026-07-31T14:30:00+00:00,OilPrice.com,True,False,"ADNOC Unveils New Crude Pricing Mechanism",https://oilprice.com/Latest-Energy-News/World-News/ADNOC-Overhauls-Crude-Pricing-Methodology.html
2026-07-31T14:00:00+00:00,OilPrice.com,True,False,"Global Coal Consumption Hits Record Even as Coal Power Declines",https://oilprice.com/Energy/Coal/Global-Coal-Consumption-Hits-Record-Even-as-Coal-Power-Declines.html
2026-07-31T13:30:00+00:00,OilPrice.com,True,False,"Shell Sells Cyprus Gas Stake to MOL for $720 Million",https://oilprice.com/Latest-Energy-News/World-News/Shell-Sells-Cyprus-Gas-Stake-to-MOL-for-720-Million.html
2026-07-31T12:30:00+00:00,OilPrice.com,True,True,"Oil Prices Inch Higher as Iran Strikes U.S. Bases in Kuwait and Bahrain",https://oilprice.com/Latest-Energy-News/World-News/Oil-Prices-Inch-Higher-as-Iran-Strikes-US-Bases-in-Kuwait-and-Bahrain.html
2026-07-31T12:00:00+00:00,OilPrice.com,True,True,"Hormuz Uncertainty Keeps Oil Markets on Edge",https://oilprice.com/Energy/Energy-General/Hormuz-Uncertainty-Keeps-Oil-Markets-on-Edge.html
2026-07-31T12:00:00+00:00,OilPrice.com,True,True,"The Drone Attack That Exposed Egypt’s Energy Defenses",https://oilprice.com/Energy/Energy-General/The-Drone-Attack-That-Exposed-Egypts-Energy-Defenses.html
2026-07-31T12:00:00+00:00,OilPrice.com,True,True,"Libya's Fragile Peace Faces a New Threat",https://oilprice.com/Energy/Energy-General/Libyas-Fragile-Peace-Faces-a-New-Threat.html
2026-07-31T11:30:00+00:00,OilPrice.com,True,True,"Six Saudi Oil Tankers Reroute Around Africa to Dodge Houthi Threat",https://oilprice.com/Latest-Energy-News/World-News/Six-Saudi-Oil-Tankers-Reroute-Around-Africa-to-Dodge-Houthi-Threat.html
2026-07-31T15:10:57+00:00,Rigzone,True,False,"Chevron Posts Record Profit",https://www.rigzone.com/news/wire/chevron_posts_record_profit-31-jul-2026-184266-article/?rss=true
2026-07-31T14:38:00+00:00,Rigzone,True,False,"USA Crude Oil Stocks Drop More Than 7MM Barrels WoW",https://www.rigzone.com/news/usa_crude_oil_stocks_drop_more_than_7mm_barrels_wow-31-jul-2026-184269-article/?rss=true
2026-07-31T14:18:23+00:00,Rigzone,True,False,"DOE; Private Partners Launch $100B Data Center Project in Kentucky",https://www.rigzone.com/news/doe_private_partners_launch_100b_data_center_project_in_kentucky-31-jul-2026-184268-article/?rss=true
2026-07-31T14:00:00+00:00,Rigzone,True,True,"Ukraine Says It Attacked Lukoil Refinery",https://www.rigzone.com/news/wire/ukraine_says_it_attacked_lukoil_refinery-31-jul-2026-184265-article/?rss=true
2026-07-31T11:28:28+00:00,Rigzone,True,False,"Industry Groups Welcome SENRC Approval of License to Drill Act",https://www.rigzone.com/news/industry_groups_welcome_senrc_approval_of_license_to_drill_act-31-jul-2026-184264-article/?rss=true
2026-07-31T11:25:54+00:00,Rigzone,True,False,"Shell Divests Aphrodite Stake to Hungary's MOL",https://www.rigzone.com/news/shell_divests_aphrodite_stake_to_hungarys_mol-31-jul-2026-184263-article/?rss=true
2026-07-31T10:13:51+00:00,Rigzone,True,False,"Oil Down; Still on Track for 20 Pct Monthly Gain",https://www.rigzone.com/news/oil_down_still_on_track_for_20_pct_monthly_gain-31-jul-2026-184262-article/?rss=true
2026-07-31T09:59:22+00:00,Rigzone,True,False,"BP Launches Sale of North Sea Business",https://www.rigzone.com/news/bp_launches_sale_of_north_sea_business-31-jul-2026-184261-article/?rss=true
2026-07-31T14:00:00+00:00,EIA Today in Energy,True,True,"China's crude oil imports fell in the second quarter",https://www.eia.gov/todayinenergy/detail.php?id=67905
2026-07-31T13:04:02+00:00,Google News: Crude Oil,True,False,"China’s crude oil imports fell in the second quarter - U.S. Energy Information Administration (EIA) (.gov)",https://news.google.com/rss/articles/CBMiY0FVX3lxTFBrT0dsR3pmcHBVRnBtVzExdFpfS096eU42RnhNSGstZ256SGx1T2RDTW50RkNkRS1yVm1NbUcwTDBVZ2hFV2ZBdk9DbGdVM0pCcnJ2NDRTMDFVbW9EcEFTYWNHQQ?oc=5
2026-07-31T15:17:00+00:00,Google News: Crude Oil,True,False,"U.A.E. Changes How It Prices Its Crude Oil Grades - WSJ",https://news.google.com/rss/articles/CBMingFBVV95cUxQendMMVVOclFQajdFYXB3RkF2enVLQlZxbXZDdHRPV2NRYVpiX3VfaE1YX3RXdDNGaURjS2xqaXBmT3FPZk1EaXNYQmZTXy1mVnN4LVRpa2dURDJ0MjBDbnhhUWgwQThyWmF6b1JaXzRieDBzYzlneldWMzFjbXhnc1RjS3JyR0ZTYUZwWlN6ck1hMC01U2pNY3NEQ2o2dw?oc=5
2026-07-31T14:32:24+00:00,Google News: Crude Oil,True,False,"UAE to overhaul how it prices all crude oil after big swings - Transport Topics",https://news.google.com/rss/articles/CBMibkFVX3lxTE1KYWxiQzk0QkdmNFYzbGxCNHRQMmNndm5ZYnVVYzlzOTV2dVRuOGNyT281ZDZMamlwWEdiX0kwSjB3UFdMd3l3OW5LQk1WUG1xdGs0eUh1cHhoai1WdTAyV29Bb29vdVl0aEFjb2pB?oc=5
2026-07-31T12:32:00+00:00,Google News: Crude Oil,True,False,"Tri-State faces busy weekend amid Brent Spence Bridge Corridor construction - FOX19 | Cincinnati",https://news.google.com/rss/articles/CBMirgFBVV95cUxOVWJiUkhYZS1SVEMzTGNlenpHZ2ZTaE83V0ZUOXJPa1EyVkZCS3gzX0pIZWM4MHF3NHBnTlQ1R2dhY3piOHBzWDZyRWExX0pITUd4RFJjM3NWQVVTamNGUjdReGlrNnB4N25HTTQ4TDN6YzIyZTJlMzhxd09lbGFOZUFhU3JFRm9rMVRCSzQ2c0RMbE0tNjZ6NGJCSTBnNjJRTTBGU05pcEk2SEM1ZFHSAcIBQVVfeXFMTWFVNlVLaDdGQU1qVU5CVjltazNHT1FoOFAwTXVfaW83bTQ4SEtnZkdCU2JzU25pNHRxQWR0QjNTQ1I0ZEMzdERoQnhzVVdJZDFUMmw0ZXFZcm9qSTA5bFoteGlZLXNjQkRfT2xnQ3R1QXJxNEZjT004dW5OSXJJMl8xQVd2WDR1LTJ3SnpxMlI0ZEs2YTkxLVN5N01jcUlnTjh0cE9IZzZFbkhZdkhzalhFUzdJM1psYjlNWlZ2SzZzdnc?oc=5
2026-07-31T15:44:00+00:00,Google News: Crude Oil,True,False,"Tips to avoid Brent Spence Bridge construction during weekend events - Cincinnati Enquirer",https://news.google.com/rss/articles/CBMiyAFBVV95cUxPY1JIY3B6NzZzNFJGODkyS0RRMzRaajR5bzZKZWdPTFF5YjUxdlY0MTFLWVE3Z3JmMGRtNmRVSTBKT3F4UnpwSnVkTVZDSDBpNmdQQU1KU0NFTTBwaVZmaWlBM0RkSVFjZW5VSFZmQ0ZxZ241Umh4TzJTTWVnZk1HbWloV09sbDFkWG1VcjBscE10WDNCTmttVzhxeW1jZDhJclBaXzdpdUlrUmh3Z24yUFdld0M3bUc1UHYwYzVTdWVWSzZhdFVCRw?oc=5
2026-07-31T15:55:40+00:00,Google News: Crude Oil,True,False,"UAE to Overhaul How It Prices All Crude Oil After Big Swings - Bloomberg.com",https://news.google.com/rss/articles/CBMisgFBVV95cUxPOHNNNXVieElDNGx3SWdXcTg0U3JZZjQ2NjlIaDBrTHhCR1kwSzVwT0hyeVVjakZRMVZZRDh0UncwUlRXb3U5OEpwU2JTZEttNk5lQ1ZnT0NuUl9VNWw4VFRaTjAwUG5qWVpKZGNjRTZ1bW4tU01yRzdUT2xlSDNwZHhKbzdFeFV0ZmQ1bzdJZmZQR3d5LVExbnRYQmcyckJEUVlYMTB0VVN1VUZLbWh3UVdn?oc=5
2026-07-31T10:02:00+00:00,Google News: Crude Oil,True,False,"Brent Venables labeled a 'fixer' ahead of 2026 season - Sooners Wire",https://news.google.com/rss/articles/CBMi0wFBVV95cUxPa1hFNk5qZjkyNk1STmJzTkp0QzYtR2t0d0xRU0tWS1VGMkV2dWJwS29jcEY3ZVJsZ2w0dGtmNEVxS1NYdnlkU3pncllIOEVqY3pRcWJndXhxZTBBZE5Gdms4TmMybTdBUGtUZkRXa0UzTTlQd004SlVDNU10cnZuVzk3Qkp5MGtOZWFVMFJnRTR6NjVNczJFd2Nxc1dSZ3pwVWxQNjdjc0ZYUGk2NUhNRmVULUxUS0tPOHBuUXNCa1BwSEtJcmNzZ3BWZ0hIOFFyVEVB?oc=5
2026-07-31T10:15:35+00:00,Google News: Crude Oil,True,False,"Kazakhstan in Talks to Refine Russian Crude Oil Amid Fuel Shortages - The Moscow Times",https://news.google.com/rss/articles/CBMitwFBVV95cUxONTlVZ1cwbC1jckZuaWpLSGxoeXFZb3d6aVcwZWNZYmJNVTU3YVY5S19HSU9YdmhjMmJpUW84ZlY4aUdUNkp2elNVdWpyYTdMWEdxbzhCdWZEMVQyTmR1Z1BIMjZvbVUxV0lfcEJfZmlXY2JmWmVycC1WT2pKZU13dFZTSGtpYmdZSF9UVVBMY0VLTUNmaHA5MkRualotcjllbjY5VGJrZ2dKMEtGZ21QUGRHakVCeE0?oc=5
2026-07-31T15:34:51+00:00,Google News: Crude Oil,True,False,"Crude Oil Spills From Shadow Fleet Tanker Off Oman - Marine News Magazine",https://news.google.com/rss/articles/CBMihgFBVV95cUxPOGFIS0ZYRTdmQUpFT2h0dkhIUlpiQWU2SnFNOTk4ZUtubjNxUjFXZFlwNGRQblZmUjZJUmxFQm02RjE0enhPRll1dnlyM1RNSWdiV3dLb09BXzdyX1lNTHZCNVJ1SmZWcVVuN0xWX1dKOGhvZDJTTjVsTktvZ2hCN0ZWVzdEUQ?oc=5
2026-07-31T13:58:57+00:00,Google News: Crude Oil,True,False,"Crude Oil Shrugs Off the Selloff as Barrels Vanish - FOREX.com",https://news.google.com/rss/articles/CBMingFBVV95cUxQeHlVVTJYVTNBeWdTeWlZOUZ4N1NzR3ZMN2hyc1NXcHNlVkxDWHZrTDV4bWExWVdhbXd4d1dzNm1XZV94N0twTnF4Q0ZFWEhEMzc3OGpqUjN2X1lpRHkwWE9uTDVXX2pvRGVBbUFZaEhWUHF0TzBiQ2tSU2FRbm95dmYzc2ZlNHF6ems3ZW1NTE55UkpXMmJvSHp0MHMxdw?oc=5
2026-07-31T12:56:55+00:00,Google News: Crude Oil,True,True,"🚨𝗕𝗥𝗘𝗔𝗞𝗜𝗡𝗚: Brent Crude Oil surges to $85 per barrel after Iran carries out a retaliatory strike on Kuwait. - Moomoo",https://news.google.com/rss/articles/CBMipwFBVV95cUxOYWJZVFcybjRleDhWR205TDJ6MU1fVk81QzA4d2dxckpEQzEtc2x2X2xYaGlHdVc3ZVJ5LVVhUjVHcHVxdzQ0ZEp0SVJzNldBcVVlY3hyWnNzVDJyM1BMaHZuUTJFY0hCV3JMVnhxdzFwT3FvZzZWTlpiRWF2TExoQ2Y5T3pUZzd6ak1kLTl6MWZLbC1vcVhOMVV6TFduQXVXMGRfMWlLYw?oc=5
2026-07-31T15:41:44+00:00,Google News: Crude Oil,True,False,"US oil output and demand fell in May; EIA says - Reuters",https://news.google.com/rss/articles/CBMilAFBVV95cUxNS01QWlo2bjFPN1lna0kxa050b1c2N0pHWnYzdWQ5ZTZ0WFZ1ajE4S242dHNxdU5jX3RGcGZtX09NazFlX3ZETjYtTzNFdzRuQzlIY0Rtbm9wSkVHX2hhR0hrWFNuZjNWaHUyZTRkbkxsb2ZTSzBGVDd4ejNMNzR0VmNXdlUzOVlLdmJVM2w1TjNUR29Y?oc=5
2026-07-31T16:00:00+00:00,Google News: Crude Oil,True,False,"SEC Network analyst believes Brent Venables saved his job last season - Sooners Wire",https://news.google.com/rss/articles/CBMi2AFBVV95cUxOdXlmRnFvQkpPQ1RSYzU5MzRRYVYxMG5aR09nZGlsdldVelFVRlgzc1I1ZEw1VVMyWmxMRTRfbEZSYkdmTjhCMWc5NUdBYTJScjhFdFlveHJkQzE1QVktX0o4WkUxWmZxeTRUUS02SEZmZHo1Q2ZUeUlKcklhTURFeXV3VGhWYWI0ODk5N1B6d1RFaW1YRjVrbjRVOFplempQUFZyQko5Sjc5YUZTS3htbXk2SXl4bFN0VV9kdU16SmJZc0M4TTVBX2hvaHFmT2NFbXFwdWRsTmE?oc=5
2026-07-31T16:11:28+00:00,Google News: Crude Oil,True,False,"WTI Oil rises as geopolitical risks keep supply concerns alive - FXStreet",https://news.google.com/rss/articles/CBMilAFBVV95cUxNNDU4Ylo1cThqT1l6M1RnWUZlRUFVQlJGTG5wb0szMVpCMXJXSHhNUUFnUFdPSW4zc29JSTVuM3dKaTBWaFJxdndWRmpvMm0wMC0yUU44clJZZFpGdnB2MnZHN2l5THFpZjlsR2xJTTZmb05ZTlU1NVRsa043SjJteGwzR1hPQ2JyQ2ZBSEYtSGdHSzdG?oc=5
2026-07-31T11:16:32+00:00,Google News: Crude Oil,True,True,"Commentary: Will the Iran war kill OPEC? - Indiana Gazette Online",https://news.google.com/rss/articles/CBMixgFBVV95cUxQVERKUmxYRkFhT21CeU5YM1NmaUs4X2N4cVZQZHFYTlVjeVdQeUg3R3oyTXVhenRVVzdzbHNGTGdSWlRpdUlDNTUwTG9aNWxpaTBOSlBGUkp1Q1lwS0JXRkJpLXJ4ZmpuT0J2Qkw2ajRzYmx6dVZqaERjdnRWQ2tBOTkwR1BoQjNwdzNHVkxyUmZBRHh5NWNoU0NoNTJ1anl5UHg2UndNcUNTQXFJZ3lPMmpZNTFaVmtxLU9ndzlYMUp6RHBNTlE?oc=5
2026-07-31T11:22:32+00:00,Google News: Crude Oil,True,False,"“Seeing Brent in his casket was so difficult to wrap our heads around; and it makes you want to feel f**king alive”: Mastodon’s Brann Dailor on how the band dealt with the death of Brent Hinds - Guitar.com",https://news.google.com/rss/articles/CBMiekFVX3lxTE0wRnpWc1U0YUFKdlNaeS1jbjlQUGMyYjI1ZDhDU0l4RlRVUlNsd0NiY2dOUkx6WEhUZVJ0ZjhCUjF3MlBRZUN2bGJTQ21BdFFiTXZEUzNjX3pIY1BpdW9FdmphaE94dUtMcUs5N3Y4NjB2blNwM19QUTlB?oc=5
2026-07-31T12:28:25+00:00,Google News: Crude Oil,True,False,"WTI Crude Oil: Elliott Wave Analysis and Forecast for 31.07.26–07.08.26 - LiteFinance",https://news.google.com/rss/articles/CBMi4gFBVV95cUxPZFcyOU84dzBvMjNJN3c3MG1ILWxuRUpQMlhNY2Vjb3kzeWJ4bHU0Qk5LLWpkUzQyWktrWjAyOW1LMjJBT3dBMWtRVFIyaXF4SUI5NUdLSGRESW9Zc3EzSzZfV0E3eWE2WVgxT09reWFpZjJUaFFGU00yUFduRHdCVUNuS1Y3MVVpamg5MzljUVdtakIzdjJYUVRKQjQtTnlmQjZIVFNMTVgteXk1dTZyOTdxRFo1YlRQaVpfZmUyVEJuQjVMRnNET2J3bjdrZENLVlhvelFTZGFPQzl4NmZSQlJn?oc=5
2026-07-31T12:47:36+00:00,Google News: Crude Oil,True,False,"WTI drifts lower to $80 amid gradual increase in Hormuz traffic - Financial Mirror",https://news.google.com/rss/articles/CBMiqgFBVV95cUxPVXRYeVVZcnRnc3ozTkprb3hYT1d5NkNOb19DS3FSU1RwTkVQN3A3RHZZTEZQc0tpQjlBd0pCempuTGZfSHdvek5MaWF2Y282azZPNDFLN1I0V3c0YVBWMlM5NnREZS1wc2FtR2NmZC1yMk9JV2tJbUx0RlpKRzJadkNDcHBpUnNxRnotVGQ5UHBOZHpXRTZteU1CbHFfVkszNkFMN1pnRmJqZw?oc=5
2026-07-31T14:08:01+00:00,Google News: Crude Oil,True,False,"Why the Price of Gasoline Has Deviated from Crude Oil - AGF Perspectives",https://news.google.com/rss/articles/CBMiiwFBVV95cUxPejA0TUxFLVVtYkQxdzU0akFYSzhWU09WZzZYdFpiRklSaHhXZ2ZHU0k0RV94Y2R4dVFxYUVIY2lDQ1lVNGlHbXZuSUxGNVVsdEgyd0tTR200c3M1ZU9QUEtUTmlRMEJUb0V4RHg2d2N4ODJ4NG1zYTNxaldobHRHZjFJVkotUFBpajFV?oc=5
2026-07-31T16:02:57+00:00,Google News: Crude Oil,True,False,"Crude Oil Gains 1%; Apple Shares Tumble After Q3 Results - Benzinga",https://news.google.com/rss/articles/CBMiuAFBVV95cUxNRXNWTURmOF9GdmNEYWlMcUFObWxXbElibmZrdXhVcElkY2Z5VFZKa2VZTnQ2cFBBdTZxWHJScVhlRVF0eEJ4Z01FanpYQkJhTFJaQ2lERFhpdEhZazZsbkFGZ2pKNzhmR29IanFhb2pPZVlHMUQwVGNZdW9PVF9PSEtoOXRrTEJrVXk2RmltSnZFem9YR1NEQW15bUhJeWxwS2g4cld2Q3B2aHV4Q3NJUjJOejJFa21u?oc=5
2026-07-31T11:45:38+00:00,Google News: Crude Oil,True,False,"Brent: Conflict risks keep prices elevated – Commerzbank - FXStreet",https://news.google.com/rss/articles/CBMinAFBVV95cUxPMDhHNGNuenlBMWgzbDkwSGltR3ByTGVkRDZwcElxZ2lHRzdBTU4yd3lySzN2LTQwV2Z4cnB5a2FBMFM4ZG9qS2lXWmpXVXh3NEtuSmJmQklnaWVsMURDazlURUlKckJvRUpqWkljRTZHUnlFNkZTTl9VY0kweVJPZ1pTUkVLclI2ZmozVjZwX1JMUU9CR2VOSWFLaXI?oc=5
2026-07-31T10:08:40+00:00,Google News: Crude Oil,True,False,"$Brent Last Day Financial Futures Current Contract (SEP6) (BZcurrent.US)$ - Moomoo",https://news.google.com/rss/articles/CBMivgFBVV95cUxNR01FRVRDa1RjSzVhQldSRVZDY25lUzc5WXpsR2EteGt5UnZQNkpFbVlGcXUwWlZSNlk5dW9wRXNBRmJnNTJ2ZldzTUx5X3FLejhOTkNrc0l4VXNZRmM4MW1LSHN5MnQ3QW1LbjcxVTFvSEFzdXRfaWM4SWkyVHhRek1pTnd4TnppbFBNTzJNeHJhY2Rnckh5dk42blV6UEsybDVIblNPRkJ4a2tzaDZMWUJwZUxCOHNoWWotRXdR?oc=5
2026-07-31T14:59:00+00:00,Google News: Crude Oil,True,False,"Crude Oil Forecasts – Middle East Risk Keeps Prices Choppy - FXEmpire",https://news.google.com/rss/articles/CBMiqwFBVV95cUxNZnlPSjZzajAwaEtHdUZPVnpldk9xWjZPZW15TVZKanExOU9NVXVYQlFRWk9rcG5ZSU85ODg3aXhxRXJpVURPOGFJblY1eHdWRzR5bVE3SWU5TDRRX3F5aU5RcDZlOGV3b2Y4RkNvek0yWjIzYmRzQWc5TllHaFhRZlQ5Q042T082TXlJWFdzTkpObDNfMXFVV0dLNE41UFpHNGVfN0pUZmsxTDg?oc=5
2026-07-31T11:14:14+00:00,Google News: Crude Oil,True,True,"Crude Oil Surges After U.S. Strikes on Iranian Targets - Briefs Finance",https://news.google.com/rss/articles/CBMikgFBVV95cUxNUGxfZWxhQVJfNUwzYWd6SThtVFBDb2txWVBwaGhac3NvSGtVTlJ5Q0tkVTNSOHJ4SDZETFhxSFF1ejdvUTJjQUNGOE5yamlPakZIN3cyallPcXhEdXZvZFlPTko3ZGRJV0s3U0I0LXBwTkNYWEo4Q1M1ZHBtb211U0Q3Z0ltV3Q4SDh6ZlhubkRXdw?oc=5
2026-07-31T01:09:00+00:00,Google News: Crude Oil,True,False,"Tri-State faces busy weekend amid Brent Spence Bridge Corridor construction - FOX19 | Cincinnati",https://news.google.com/rss/articles/CBMitgFBVV95cUxNVktJTklkMlMzbmpJZVhQYkZ1UFBVa0stSXJCTG9NekNmV0JQMF9GeXJIUmFrRWhjOVdwTUowalhxWlpNSFp6T0JaQWFrX1VaanhFTkRZX0I1ZG50c09YQWhjdU1UZzlDMXcydjNpOF9xaEoxM3JrY1h3VDcwSkR1ajJfTWZRWHR5dGh3Smlnb24xZUZzRkFOOEZ6QnVSaUV2SmtjV3UzeEdwUDRvUmVlWFFHY3RTZw?oc=5
2026-07-31T11:05:52+00:00,Google News: Crude Oil,True,False,"Bausch & Lomb CEO: the AI hysteria is nothing new - fortune.com",https://news.google.com/rss/articles/CBMikgFBVV95cUxORDNYZUJtWnZROG5qZ0U3Zm5BMlpocGpCY1hJckRwSHFkRm1LN3JpZGpGR2lLalpjSGVoaVFfczFRTE1xYTlkUU55Z0RuS0dONlBCTTZ1SzNRRFdhN19nTHowaGVDSC1TSjQwbnF5SldSOW5oYTVmRnZfMnpRQ3NMbl8ycGh2S09jVHVXMWt0ODVoZw?oc=5
2026-07-23T07:00:00+00:00,Google News: Crude Oil,True,False,"Brent crude tops $100 a barrel. How the next stop could be $120 - CNBC",https://news.google.com/rss/articles/CBMingFBVV95cUxOd2FQWjBmQTNqVE1LeGd2VjBSS0ZFUm0zb1EyOGxpLW1GYXV6emJVcDFyRFRnZWJRdldaM1ZkNnJzQy1hUGIzZS1IV0ljcEpHZDBFZmhXand6RmRDbVo4bkluMVhMSHVnc3RGUzM1N3ZMTnR0X09SeEFTRnlDVWJMeHlNVm1LT3FuTzRqQXI5R3ROaEFpaER4VkNiMUUzUQ?oc=5
2026-07-31T11:01:34+00:00,Google News: Crude Oil,True,False,"Brent eases despite US–Iran tensions remaining elevated - engine.online",https://news.google.com/rss/articles/CBMilgFBVV95cUxOMjVSd05fanlrT0E5R0RGRk1DUEthSnYtZFBadC1xLWc3UUFIc3RYMl9rX2hGUlRjeFJXYUVwZ0VzR0V6Z1A1bHRKcFFVeHBUZUV6cXBXVFoyWlFldDdTeFpqLW9VM3JVUHB3YjBkUE53NzNzQWM0akNmV0t4N2I1aV9qZUU2eFpNakNldUFQYUE4SlZDRnc?oc=5
2026-07-31T12:30:00+00:00,Google News: Crude Oil,True,True,"Oil Prices Inch Higher as Iran Strikes U.S. Bases in Kuwait and Bahrain - Crude Oil Prices Today | OilPrice.com",https://news.google.com/rss/articles/CBMiwwFBVV95cUxQNlRGbDZFYl96X1FjU3EyR19Qc2hPck9CYjFMU2cta3VyQzZnV1phZGh3TUljWVhLWm9Hd2Q3aFVLdmY5M0k4V1lTamRhcFVycHFIdll1cElScEs3REs5WG9GRG52TmZUZ0dMZ2hPVUZmQzBLLVRjcmhYMTIxVTFqanRkcmlKMnp6bDRQeHdCeVhTR2tYazNMMDc4UF85MXZCUWVVb3J3VjRIVUJpWXE0bGJvckJ5RDhfSEtFSElEVUVVbEXSAcgBQVVfeXFMUFRLR0tvY0lENEtfbnRkcnBwZlFWUFVkMzRfeTRHMXFobUZKRFJEU1YySjk2LTBSeXM5SFNOQW84MUZnNDJ0a3pHLUJFc3E2QzVTQmZobDIxSEtESVpwUjdjYUxmcklReU5KQWhSMDBqakFlSzZVTE1JQmZQSk9rWXFWd3dqWm1FY3JQMUJPeURSOW9RRVBhTzhfVmZPUkF5VGxpc2Z2NzEzN1k0YTRndGM2alBjZGYyUGN6dUJqRGZXWi1mWDQ5TFY?oc=5
2026-07-31T14:14:59+00:00,Google News: Crude Oil,True,False,"TekSynap Appoints Brent Newman as Vice President of Talent Acquisition - bastillepost.com",https://news.google.com/rss/articles/CBMivwFBVV95cUxPVmZiUG5JTGYzeEt5OWk5dGJqRDlfam1GY0RzSmhfaHZ5VXhQTUZqcWhlZEhwcVVwamdrNXRZWUh5Vmc3WG9qZ1RqWEFkdjhEemxabHpGMnI0b3lhM3FxaVJVRkRPSWNCOXRkanU3eVRqZHFReGRxOVZzc3I4cG56UExRWk9iZjlSUWNwNFprV0c3MWV1TFYwa3g4LXRiZy1VcC1sWThtVmF0TWpwc1NGbThFOVdfVXRmN20zZ2xxdw?oc=5
2026-07-31T11:40:00+00:00,Google News: Crude Oil,True,False,"Forecast update for Brent -31-07-2026 - Economies.com",https://news.google.com/rss/articles/CBMiowFBVV95cUxOWmtSU3FqZ2VQMFFkOEtQSGdEd1lMRVhNRWRKNVRlSE5BcUdWRnlSNkVyNkRTcmRCbkRaUU9zR3JDaGl6ejlDWXhRN3FsRkMtS0RJZHE1Ykk0blNtekhiNDRBS3puaDRwMkpfQ1lHTHdIZXNZMnlxX1diYXhVNUNQMURxRzQ5UDB0Y0dZMmRPVWVPTWtNQ1VqYTkyYVhDeEhMWjM0?oc=5
2026-07-31T15:01:36+00:00,Google News: Crude Oil,True,False,"Update: BISD's middle school STEM program not suspended - Beaumont Enterprise",https://news.google.com/rss/articles/CBMipAFBVV95cUxQUERXenphZE9STTA0ODBFQXNOZkNlV0lIVGFXT3ZOWUVBOHZ6Q1B1MjhkNlhHYjM1TjgycWdsdnhlYUxrWWthVENxUU9SeUYyYm5hODNGdWJsQ2JHSEprZzhjUmRIVWFQNGJHRDBMQUJvSk9wdk1TVzVDM3lhQ1AxcmFqOUFOOE1GUnVTdEQ5aHNRamk4b2Jfb25FWFoyZ3k3elRFMQ?oc=5
2026-07-31T14:14:56+00:00,Google News: Crude Oil,True,False,"TekSynap Appoints Brent Newman as Vice President of Talent Acquisition - Eagle-Tribune",https://news.google.com/rss/articles/CBMi7AFBVV95cUxNWURJRjU0NGl5SjRCUTRoNnNlOEp6Y0lMZDBaQzhjVHZ1VkZmQjJ0YmpzQkd2ZGtOZ19XaFk3T0JUQ2VwQkZiaVZhTzVXV2RrTUI2ZkZfSUg2MXp3SVVWb0VETHNpVjJKcV9xOVh2UGVQeC1EMWU2Zk1HNGxMNmVaUjRKbmNWRXFqY3VIa1RkLW9DajJqTUNSa0pIbURvdWtTZkJSd0ttLWF5dllSVVhKT3FCTDV4S2wtRk5GZ3ByWncxRlZnRnV0cXVjMVJGYWVhbmo4SDB0VldwUHl6ZDFkckpHWjl5MTh2M21jag?oc=5
2026-07-31T09:35:59+00:00,Google News: Crude Oil,True,True,"Caspian Pipeline Halts Operations Again After Drone Strikes Hit Tankers at Russian Port - pipeline-journal.net",https://news.google.com/rss/articles/CBMivwFBVV95cUxPWmVaRk9IV1N3QUNONHRRT1RNN1owUkhQUG1DWmNuSjBNcnUyZ1BXb0lGNjE3eEhHeWlBV09wZm51SjFXX1ZNV0N2d0loem9QeUV0bXNnb0d2a1pFcTUwTGt0SVJqYXlLQWFGVjJPMHJ3czNkTTNBQldBOFprVmhRT3JYdmxNbk1GaUdDRzY5SHM5WktPNFZMeEVoaU9RbmVEeVViekM3SXhrb0hHYlZJMkdmNVlEdTlNM0pnSTdSZw?oc=5
2026-07-31T11:26:01+00:00,Google News: Crude Oil,True,False,"Brent Surges Over 20% in July; Hormuz Concerns Widen Price Gap - TechStock²",https://news.google.com/rss/articles/CBMiiAFBVV95cUxQRWlvcHBWcFM5MERYVjRBSTdGLVNJY2F0TnMxZ0x4Z1JfOVVfNzZObjBzNk56ei1BMDFWdXI5QnYzQ2EyNzQ2ZjkyQzlzR3pySFN2ck0yQkpSdEJOOFc1MWpySC1FQTVhZzBGcllHeGpzUnFLbG1HcHJtZldZRnJHY1BjaVFGVzFS?oc=5
2026-07-31T14:32:33+00:00,Google News: Crude Oil,True,False,"Brent Kivi - Obituary - Superior North - SNNewsWatch.com",https://news.google.com/rss/articles/CBMiakFVX3lxTE5hVXREblp6Z0RMM0txMGpEN1ZjVEo0Rkx6bE40SE5idVJIT2dLd3phdTBYOE50c0dxd2E0R0lCcmszVTY5U1MwSmVJSWZqMUx3SkVjS25XaFlzT082VUVSaE04bnRaSk1jaEE?oc=5
2026-07-31T13:57:15+00:00,Google News: Crude Oil,True,False,"U.A.E. Changes How It Prices Its Crude Oil Grades - marketscreener.com",https://news.google.com/rss/articles/CBMiowFBVV95cUxOc1NXM1JIQWhLQTB6cXBtU1hUcU10Y1oxUl9reE9fNko4cXNReWlheS14azl5dlh1OGZaRHhNcllHOU45cjRMdWlzS1Z4NVBkUU9NdUR2SlZMd1FhTlc1aXhLQWRkYk9XczQ2cjgwa2haSlZNdUowczVYYkxHTHBiZGRuUnFtVHJ3US1pWmpwNFUtWFdLVUU4MTB2VXlrV0Q0WmNz?oc=5
2026-07-31T13:28:35+00:00,Google News: Crude Oil,True,False,"Why Is WTI Crude Oil Up Today? Trump Russia Deadline Keeps Oil Above $84 - FXLeaders",https://news.google.com/rss/articles/CBMiswFBVV95cUxPLXVsV1FVa2FFYWU5YURKejFWM3dydXBld0p6YS1kUjFiRENZOUd2b00wdk1RdndnTVVScUIwU3l3MUhaSllMVVFUREJjSklVMWl2MTQwMzR3YkNLM0l3dklEZXJ5MWtOMG9YaTBYclNKVV9MeC0wYTBIUU80NTZveEt1VDdjZnBuYTdJeEo3bXkyVW9Fa09YYVo1V2FpU2lrOTgwdEpTWlJheU5UX3UtM3ZVYw?oc=5
2026-07-31T11:32:00+00:00,Google News: Crude Oil,True,False,"Forecast update for crude oil -31-07-2026 - Economies.com",https://news.google.com/rss/articles/CBMioAFBVV95cUxNN28xa0FaVFR0dHBFY3RTeU1KdGxVdEFDS2JVSHFPdVB0U3RmUWxqZ3J6cW13SmJ3Sjl4eWJUUURhcEhRdjBOV3ZfMnhGOEtqT1M1ZFFmOUVzU1Zmbnc2TE1ZMW9mbHJNTU1Ubmg2NFVJMkhLbWV4YWhrWENReWp2dmhVbS12SDRVdGY5eFVPZmN1TDNyY2t3X01KcHlCcldC?oc=5
2026-07-31T15:18:31+00:00,BBC World,False,True,"Bowen: Plan for Hamas to disarm faces big obstacles; yet it offers rare hope for Gaza",https://www.bbc.co.uk/news/articles/c2dkje4p4klo?at_medium=RSS&at_campaign=rss
2026-07-31T10:32:17+00:00,BBC World,False,False,"Peru's ex-president has 15-year jail sentence for corruption charges overturned",https://www.bbc.co.uk/news/articles/cx2j9nj88rro?at_medium=RSS&at_campaign=rss
2026-07-31T14:26:07+00:00,BBC World,False,False,"Hundreds escape Greek wildfire by sea as blazes continue across Europe",https://www.bbc.co.uk/news/articles/c0kmzx8vpv4o?at_medium=RSS&at_campaign=rss
2026-07-31T16:00:56+00:00,BBC World,False,False,"What's in the Gaza peace deal roadmap?",https://www.bbc.co.uk/news/articles/c20e94k2ex5o?at_medium=RSS&at_campaign=rss
2026-07-31T15:30:15+00:00,Al Jazeera,False,False,"The promise I made to Ismail al-Ghoul",https://www.aljazeera.com/opinions/2026/7/31/the-promise-i-made-to-ismail-al-ghoul?traffic_source=rss
2026-07-31T15:05:55+00:00,Al Jazeera,False,False,"World Cup: FIFA studying impact of expanding to 64 teams for 2030 edition",https://www.aljazeera.com/sports/2026/7/31/world-cup-fifa-studying-impact-of-expanding-to-64-teams-for-2030-edition?traffic_source=rss
2026-07-31T14:46:09+00:00,Al Jazeera,False,False,"Police chief resigns days after deadly shooting in US city of Seattle",https://www.aljazeera.com/news/2026/7/31/police-chief-resigns-days-after-deadly-shooting-in-us-city-of-seattle?traffic_source=rss
2026-07-31T14:36:49+00:00,Al Jazeera,False,False,"Chelsea fined $13.5m for FA breaches; avoid Premier League points deduction",https://www.aljazeera.com/sports/2026/7/31/chelsea-fined-13-5m-for-fa-breaches-avoid-premier-league-points-deduction?traffic_source=rss
2026-07-31T14:22:51+00:00,Al Jazeera,False,True,"Russia and Ukraine report casualties as they continue to trade attacks",https://www.aljazeera.com/news/2026/7/31/russia-and-ukraine-report-casualties-as-they-continue-to-trade-attacks?traffic_source=rss
2026-07-31T14:07:27+00:00,Al Jazeera,False,False,"Turkiye’s Davutoglu steps back from politics: A timeline of his career",https://www.aljazeera.com/news/2026/7/31/turkiyes-davutoglu-steps-back-from-politics-a-timeline-of-his-career?traffic_source=rss
2026-07-31T13:52:05+00:00,Al Jazeera,False,False,"Spain deploys military to Ceuta after migrant surge: What we know",https://www.aljazeera.com/features/2026/7/31/spain-deploys-military-to-ceuta-after-migrant-surge-what-we-know?traffic_source=rss
2026-07-31T13:14:29+00:00,Al Jazeera,False,False,"Russia appears to infiltrate first ‘fortress city’ as Ukraine changes guard",https://www.aljazeera.com/features/2026/7/31/russia-appears-to-infiltrate-first-fortress-city-as-ukraine-changes-guard?traffic_source=rss
2026-07-31T13:06:07+00:00,Al Jazeera,False,False,"Why is UEFA threatening FIFA boycott? Infantino’s World Cup plan explained",https://www.aljazeera.com/sports/2026/7/31/fifas-infantino-and-uefa-divided-on-world-cup-investment-plan-what-next?traffic_source=rss
2026-07-31T12:59:48+00:00,Al Jazeera,False,True,"Palestinians in Gaza react to latest ceasefire deal",https://www.aljazeera.com/video/newsfeed/2026/7/31/31-07-sv-gazans-react-to-latest-deal-ps?traffic_source=rss
2026-07-31T12:55:32+00:00,Al Jazeera,False,False,"The waiting game: Gaza’s CT scan shortage causing worries and worse",https://www.aljazeera.com/features/2026/7/31/the-waiting-game-gazas-shortage-in-ct-scans-causing-worries-and-worse?traffic_source=rss
2026-07-31T12:38:15+00:00,Al Jazeera,False,False,"Approval for China’s mega embassy in London was lawful; UK court rules",https://www.aljazeera.com/news/2026/7/31/approval-for-chinas-mega-embassy-in-london-was-lawful-uk-court-rules?traffic_source=rss
2026-07-31T12:24:09+00:00,Al Jazeera,False,False,"Inside Barcelona’s most sweltering neighbourhood: El Raval",https://www.aljazeera.com/features/2026/7/31/inside-barcelonas-most-sweltering-neighbourhood-el-raval?traffic_source=rss
2026-07-31T12:11:08+00:00,Al Jazeera,False,False,"Second day of Spain – Morocco border clashes amid mass migrant influx",https://www.aljazeera.com/video/newsfeed/2026/7/31/second-day-of-spain-morocco-border-clashes-amid-mass-migrant-influx?traffic_source=rss
2026-07-31T11:45:42+00:00,Al Jazeera,False,False,"‘Migrant tsunami’: Second day of Spain – Morocco border clashes",https://www.aljazeera.com/video/newsfeed/2026/7/31/migrant-tsunami-second-day-of-spain-morocco-border-clashes?traffic_source=rss
2026-07-31T11:41:32+00:00,Al Jazeera,False,True,"Russia’s Africa Corps killed Mali civilians in air strike: HRW",https://www.aljazeera.com/news/2026/7/31/russias-africa-corps-killed-mali-civilians-in-air-strike-hrw?traffic_source=rss
2026-07-31T11:23:09+00:00,Al Jazeera,False,False,"Gaza Board of Peace announces Hamas disarmament agreement: What we know",https://www.aljazeera.com/news/2026/7/31/gaza-board-of-peace-announces-hamas-disarmament-agreement-what-we-know?traffic_source=rss
2026-07-31T10:47:57+00:00,Al Jazeera,False,False,"Palestinians in Gaza are sceptical about the latest peace plan",https://www.aljazeera.com/video/newsfeed/2026/7/31/31-07-reported-hani-mahmoud-gaza-ps?traffic_source=rss
2026-07-31T10:40:11+00:00,Al Jazeera,False,False,"Spain’s PM visits Ceuta after 57 migrants die breaching border from Morocco",https://www.aljazeera.com/news/2026/7/31/spain-pm-to-visit-ceuta-after-19-migrants-die-breaching-border-from-morocco?traffic_source=rss
2026-07-31T10:00:55+00:00,Al Jazeera,False,False,"Four bodies located after 10 climbers go missing on Pakistani peak",https://www.aljazeera.com/news/2026/7/31/four-bodies-located-after-10-climbers-go-missing-on-pakistani-peak?traffic_source=rss
2026-07-31T09:55:24+00:00,Al Jazeera,False,False,"Italy World Cup winner and AC Milan legend Franco Baresi dies aged 66",https://www.aljazeera.com/sports/2026/7/31/italy-and-ac-milan-legend-franco-baresi-dies-aged-66?traffic_source=rss
2026-07-31T09:52:57+00:00,Al Jazeera,False,False,"AFC backs UEFA and CONCACAF who plan boycott over FIFA World Cup proposals",https://www.aljazeera.com/sports/2026/7/31/afc-joins-uefa-and-concacaf-in-threat-to-boycott-fifa-over-world-cup-plans?traffic_source=rss
2026-07-31T09:50:41+00:00,Al Jazeera,False,False,"FIFA World Cup plan fallout: Infantino’s senior adviser Cordeiro resigns",https://www.aljazeera.com/sports/2026/7/31/infantinos-senior-adviser-cordeiro-resigns-over-fifa-world-cup-plan?traffic_source=rss
2026-07-31T13:26:59+00:00,CNBC World,False,False,"Dwindling cash and soaring memory costs: Tech's AI buildout has ballooning price tag",https://www.cnbc.com/2026/07/31/tech-earnings-cash-memory-ai.html
2026-07-31T14:44:44+00:00,CNBC World,False,True,"How Leopold Aschenbrenner built a $45 billion AI hedge fund — and lost most of it in days",https://www.cnbc.com/2026/07/31/leopold-aschenbrenner-situational-awareness-fund-fire-sale.html
2026-07-31T15:52:20+00:00,CNBC World,True,True,"Exxon and Chevron profits surge on rising oil prices due to Iran war",https://www.cnbc.com/2026/07/31/exxon-xom-chevron-cvx-q2-earnings.html
2026-07-31T16:19:16+00:00,CNBC World,False,False,"FIFA tests the limits of private equity in sports with World Cup subsidiary sale",https://www.cnbc.com/2026/07/31/fifa-world-cup-private-equity-sports.html
2026-07-31T14:40:44+00:00,CNBC World,False,False,"U.S. lawmakers request information from DoorDash on use of Chinese AI models",https://www.cnbc.com/2026/07/31/us-lawmakers-doordash-chinese-ai-models.html
2026-07-31T15:41:21+00:00,CNBC World,False,False,"Democrats demand information on Trump and Lutnick families' ties to critical mineral deals",https://www.cnbc.com/2026/07/31/senate-democrats-trump-lutnick-critical-mineral-deals.html
2026-07-31T13:33:00+00:00,CNBC World,True,False,"Novo Nordisk shares dive after heart medicine fails trial; dealing another blow to its  pipeline",https://www.cnbc.com/2026/07/31/novo-nordisk-trial-results.html
2026-07-31T10:46:49+00:00,CNBC World,False,True,"Hamas says Trump's Gaza 'disarmament' claim depends on Israel honoring commitments",https://www.cnbc.com/2026/07/31/trump-hamas-disarmament-conditions.html
2026-07-31T13:37:46+00:00,CNBC World,False,False,"Leonardo expects more deals as Europe ramps up defense spending",https://www.cnbc.com/2026/07/31/leonardo-defense-acquisitions.html
2026-07-31T14:35:52+00:00,CNBC World,False,False,"Fed officials who voted to hike rates say action is needed now against inflation",https://www.cnbc.com/2026/07/31/fed-officials-who-voted-to-hike-rates-say-action-is-needed-now-against-inflation.html
2026-07-31T11:11:29+00:00,CNBC World,False,True,"The Tech Download: Anduril CEO Brian Schimpf talks AI in warfare and manufacturing push",https://www.cnbc.com/2026/07/31/the-tech-download-anduril-ceo-brian-schimpf.html
2026-07-31T11:38:46+00:00,Guardian World,False,False,"Archbishop of Canterbury vows to support £100m pledge helping communities affected by enslavement",https://www.theguardian.com/news/2026/jul/31/archbishop-of-canterbury-support-pledge-helping-communities-enslavement
2026-07-31T15:00:18+00:00,Guardian World,False,False,"NSW should compensate elderly woman whose public housing was inundated with sewage; ombudsman finds",https://www.theguardian.com/australia-news/2026/aug/01/nsw-should-compensate-elderly-woman-whose-public-housing-was-inundated-with-sewage-ombudsman-finds-ntwnfb
2026-07-31T13:39:03+00:00,Guardian World,False,False,"Daughter of British couple killed in Spanish wildfire rejects claim they ignored order to leave",https://www.theguardian.com/world/2026/jul/31/spain-wildfire-bedar-british-couple-pete-fran-gillam-killed
2026-07-31T16:11:39+00:00,Guardian World,False,False,"Hamas agrees to Trump’s plan to disarm in Gaza – The Latest",https://www.theguardian.com/news/audio/2026/jul/31/hamas-agrees-trump-plan-disarm-gaza-the-latest
2026-07-31T15:35:53+00:00,Guardian World,False,False,"World-renowned climber Nirmal Purja among 10 struck by avalanche on Pakistan mountain",https://www.theguardian.com/world/2026/jul/31/nirmal-purja-10-climbers-missing-pakistan-broad-peak-mountain
2026-07-31T14:48:53+00:00,Guardian World,True,True,"Iran strikes tankers under US escort in Hormuz strait as Trump gathers cabinet to discuss war",https://www.theguardian.com/world/2026/jul/31/iran-strikes-tankers-us-escort-hormuz-strait-trump-gathers-cabinet
2026-07-31T15:56:50+00:00,Guardian World,False,True,"Boss of £300m used-car firm was ousted after ‘orchestrated plan’ by investors; judge rules",https://www.theguardian.com/business/2026/jul/31/used-car-firm-boss-ousted-peter-waddell-big-motoring-world
2026-07-31T15:46:12+00:00,Guardian World,False,False,"Hull funeral director who left bodies to rot in mortuary jailed for 20 years",https://www.theguardian.com/uk-news/2026/jul/31/hull-funeral-director-robert-bush-jailed
2026-07-31T15:43:13+00:00,Guardian World,False,True,"Healey sets budget for late October; promising to ‘spread money and power’ around UK",https://www.theguardian.com/business/2026/jul/31/john-healey-budget-late-october
2026-07-31T15:27:04+00:00,Guardian World,False,False,"Andy Burnham signals he will scrap plans to curb jury trials",https://www.theguardian.com/law/2026/jul/31/andy-burnham-signals-scrap-plans-curb-jury-trials
2026-07-31T16:14:41+00:00,Guardian World,False,True,"Trump attacks Republican senator and defends $1.8bn slush fund amid Blanche nomination standoff – live",https://www.theguardian.com/us-news/live/2026/jul/31/donald-trump-cabinet-camp-david-iran-midterms-gaza-latest-news-updates
2026-07-31T15:00:17+00:00,Guardian World,False,False,"These boots are the safest for US wildland firefighters. Fewer and fewer can afford them",https://www.theguardian.com/us-news/ng-interactive/2026/jul/31/pacific-north-west-wildfires-firefighting-boots
2026-07-31T14:50:47+00:00,Guardian World,False,False,"‘It ain’t the same’: inside the bitter battle to free Ben & Jerry’s",https://www.theguardian.com/business/2026/jul/31/ben-jerrys-ice-cream-magnum-boycott
2026-07-31T14:39:52+00:00,Guardian World,False,False,"Trump defends $1.8bn slush fund that is holding up Todd Blanche confirmation",https://www.theguardian.com/us-news/2026/jul/31/trump-slush-fund-todd-blanche
2026-07-31T14:08:15+00:00,Guardian World,False,False,"Second police official in St Paul alleges sexual harassment by mayor",https://www.theguardian.com/us-news/2026/jul/31/st-paul-mayor-alleged-sexual-harassment
2026-07-31T11:30:26+00:00,NPR News,False,False,"Trump announced a deal for Hamas to disarm. And; the U.S. economy slowed a bit",https://www.npr.org/2026/07/31/g-s1-136527/up-first-newsletter-trump-hamas-israel-todd-blanche-us-economy
2026-07-31T08:45:07+00:00,NPR News,False,False,"Thousands in France allowed to return home as Europe tackles wildfires and heatwave",https://www.npr.org/2026/07/31/nx-s1-5913353/france-wildfires-bordeaux-europe-heatwave
2026-07-31T11:07:51+00:00,Reuters (via Google News),True,True,"Oil prices seen gaining as Middle East supply disruptions persist: Reuters poll - Reuters",https://news.google.com/rss/articles/CBMitAFBVV95cUxNbUM3OEEydGZRN2ZOeGZGR1JJNUhXMExvUlZfS1NiR2REZGMtVTFtVHRvcnQ2dUdtM0VOTndIOGkxSmVpYzVIZ1ZfWlRQUTgtNEpZdFFhcU9RenRWN1ZYaElBLV8tZ2VWc2VRU1k0UHNGd1ZqYVVRMjNzRjR5dDNfLXJGVXVRSFdoYnZ5elFhUmFJaDc4QXhuSWtFdEVHWmFQZXJ1T2ZYUjZXVGhvZlBaa1lOYnY?oc=5
2026-07-31T15:57:53+00:00,Reuters (via Google News),False,False,"South African; Namibian fortunes diverge in shared Orange Basin oil province - Reuters",https://news.google.com/rss/articles/CBMiwgFBVV95cUxOak9LOGdYdXBxaEgwR1dZNEFMUTBQZTVaSTI1RURtbFdCNWRWNHc2Y3g4RU5OZWVCbnprV20wUk9JODJ5RE1JejYxN0tQMmxkT3dvQ0pLV1JvM1lsajJVcDB4WWtBdEZJc0d6QnlLTVo1WU1aQkpqdXR6QUJaNXlCLXIyMzU0RHE3eUJHbDdhOVNWTHJuODZrZnZZU0pLSjRENXM5UVpBc3ZtVTZ2OWxWUFNXc2ZVM2Zac0F4eXFFaEZzQQ?oc=5
2026-07-31T14:15:43+00:00,Reuters (via Google News),False,False,"Oil spill from shadow fleet tanker spreading off Oman; satellite images show - Reuters",https://news.google.com/rss/articles/CBMivwFBVV95cUxPZ3BSd3VjOGx3d05pWm1uMWRielhwT1E1TVVsWVZIaEJtbWlWRldkWmdhQkFULXVLdHVMX1M0TjVQVTV5b0phSTdFR1VKS2FvTll1WEEtaWZ1VFNNSUN0V0dqaUlUaEhWS1lsOUZvUjk4bFdHLVZreE1sRGpjbGY2ZXJzYzZFOUhSNVNfT1pScGJ2Rml6TnhPWG92ZXdMc21QUDhlVzBueTkxRFM5UzBUUXJUWU4yUzJIZDBkaFlISQ?oc=5
2026-07-31T15:06:41+00:00,Reuters (via Google News),False,False,"Guyana set for bigger oil profits as ExxonMobil recoups initial costs - Reuters",https://news.google.com/rss/articles/CBMitAFBVV95cUxNU28xbXRUZWRNZFVhOTlkVTJoanR2NVRJWldTR3B0R040dGtsU2xuVmZKOURjT2h2elNfWDJ2SzN3dWxLM3dlRTdURHZGOEYwc0hOQjNtSEdKb3k3ODZqMHhZeFlPWlVSR2d4QjBvRlQweXNtQmNjdFdvVmpuVm1kTHVZNTIyclRqZGN4LTh2US03WXNveVY2VlFjem5INFpIclk0bTRjSHZxYzdIcXd5SWFYNTc?oc=5
2026-07-31T11:31:27+00:00,Reuters (via Google News),False,False,"Chevron records highest quarterly profit in six years; beating analyst estimates - Reuters",https://news.google.com/rss/articles/CBMixwFBVV95cUxQTDJNQWN3bERBZEMtYnM5dVlwOGJvcHk0bzVndi1ZWXVHWllsX0lwUGFKU2xMellLNVlyMVUyck93U0FJNl8wUWtqSzVrVzBjdWRCWWllSTJpT3BFTHNWXzVXM3UyREptOGJQbW1lWV9vVkRsSzh2ekhyQ05XNGZMb0JCX0RCaEU3YjVtaTZodnRoTTNYakdKU2ptSWtLLWNBUEhhOTBLTE1WaXRPckx6Qzh4RUpGaDctenJBdS1nZXlsMVNLR0ZZ?oc=5
2026-07-31T12:51:41+00:00,Reuters (via Google News),False,False,"ExxonMobil misses second quarter profit estimates despite hitting four-year high - Reuters",https://news.google.com/rss/articles/CBMiwgFBVV95cUxPWS1OZDE2YWEyd3pXcklrdzRqbmRBaDVvVkVmSTF5clJqMEs2V2U2N2VwYjJUY0xVTnNjVGI5bW5lR0o1Z0paNXhsbHFWc3NKWkpHblB4T2NGTzRSdmFKckQxaHJjaW5HdVBFLWZiSU9wNUtwTVZrbjUwM00tUjhzZzZLaVdxdDNrdjhFeEtEdF9RS3UyNGtZQ3V4YkRsN3J6V3RSV3hOMExPRk5ZSmdnUTZYU1pudkFUdjhJZ2YxSmVmQQ?oc=5
2026-07-31T08:38:29+00:00,Reuters (via Google News),True,True,"Two VLCCs exit Strait of Hormuz; where traffic remains thin - Reuters",https://news.google.com/rss/articles/CBMixgFBVV95cUxOcFdXbVpwOUx5WGVfX2x6MUducG5GX2lsVmxnS3pldWJIQ19VMnluSFFGVEQySXRMVzkycGxTU3RUaS00ZXJOR1loMXI4aUt1RFhxRTUyMGVVSGoyTlZBUWxmdTB6Qk0wOC1nQnlrQWlCNE9wUEk4dTF4RW9ZWlVoVVpSWUhRT1l5eGdZM0dGS08yaUhJWTJmQi1HWnhmeWJkYUpQbWlrU2lBei1ibXVGY25tXzF6UmlXb2VBdDU3RkliUWYtNHc?oc=5
2026-07-31T09:49:45+00:00,Reuters (via Google News),False,False,"Russia imports gasoline cargo from Morocco; market sources say - Reuters",https://news.google.com/rss/articles/CBMirAFBVV95cUxPMWJqLUhtenNOMm9fRjJkU2NfY0c0bXZ6VWJKNEhtSEY5UlZBZ0xpS2hPcFUwc1lkNFA4Q1FXVlJKNEdmeElOLVBYOUpEYmQxdzVXcDVDYXFSRVRveXZnenl4SFd5dEtFNmExR0lkenJtaEVjM2RfTk9tdUF5a1J3cno3N2JaRXR4VGVRdGhLTjZ6YkswRnpzZHZlb2swUjdYWWhxWVhBaExBLVlj?oc=5
2026-07-31T20:00:00+00:00,OilPrice.com,True,True,"Abqaiq Is a Warning That Oil Markets May Be Misreading",https://oilprice.com/Energy/Crude-Oil/Abqaiq-Is-a-Warning-That-Oil-Markets-May-Be-Misreading.html
2026-07-31T19:00:00+00:00,OilPrice.com,True,True,"Why Trump’s Trade Threat Puts Spain’s Energy Security on the Line",https://oilprice.com/Energy/Energy-General/Why-Trumps-Trade-Threat-Puts-Spains-Energy-Security-on-the-Line.html
2026-07-31T18:05:13+00:00,OilPrice.com,True,True,"Exxon and Chevron’s $26.5 Billion Quarter Draws Trump’s Ire",https://oilprice.com/Latest-Energy-News/World-News/Exxon-and-Chevrons-265-Billion-Quarter-Draws-Trumps-Ire.html
2026-07-31T18:00:00+00:00,OilPrice.com,True,False,"What Kyrgyzstan Wants From the UN Security Council",https://oilprice.com/Geopolitics/Asia/What-Kyrgyzstan-Wants-From-the-UN-Security-Council.html
2026-07-31T17:20:31+00:00,OilPrice.com,True,False,"US Oil Drillers Turn Cautious as WTI Holds Near $85 per Barrel",https://oilprice.com/Energy/Crude-Oil/US-Oil-Drillers-Turn-Cautious-as-WTI-Holds-Near-85-per-Barrel.html
2026-07-31T16:30:00+00:00,OilPrice.com,True,True,"Ukraine Strikes Lukoil's Volgograd Refinery as Drone Attacks Resume",https://oilprice.com/Latest-Energy-News/World-News/Ukraine-Strikes-Lukoils-Volgograd-Refinery-as-Drone-Attacks-Resume.html
2026-07-31T10:45:00+00:00,Google News: Crude Oil,True,False,"Current price of oil as of July 31; 2026 - Fortune",https://news.google.com/rss/articles/CBMiYkFVX3lxTE95cDVGYlBLODlsYi1xZ1JObEpabUdzZFR6RnR0REJVWW5reWVJU3R6cTFWd0xZSXhlX3kxeFp0TF9vd0FSb3IxZGtEUVhlSnNLVlRjRGNMRk95cVMzeTg4Ym9B?oc=5
2026-07-31T17:20:31+00:00,Google News: Crude Oil,True,False,"US Oil Drillers Turn Cautious as WTI Holds Near $85 per Barrel - Crude Oil Prices Today | OilPrice.com",https://news.google.com/rss/articles/CBMipwFBVV95cUxOS212ZXh1WTVrWHJyVDY1TUl6YVhrNHJsb2lESTFhR3lVN2JvSUdhWTEzOVZraXA4bk8xa1dDU3hRTll4Z3NwdkV1MnFqT2RjNTdaN1Q3Zkdhc1pEZ1Vwc1MzY0xvMzNxdWd3TmNGTUh6ZEVFcDE1ZkVaOEw5OUVHZ1NOZkVUeHVIaWlTLXYwQlVEajF1SFcwYjNvV3lNYnA3MFZZczdnd9IBrAFBVV95cUxOVU1YaVgzMFpHYjRnaUpwbmp5dlNiWi13aG9zbVB2Mlo3bG9wRjdHeUtJRnBYYlhYUXg0b2U4SGNqeS1YWE5wa2loQTFUelVWTF9rUmRYeXBJby1KSmNxSlVEU0pYY3pSajJiWkVVUWhKVTFIRkxfRUgtT2xDbkM2ci1RakxhRTdZR2dzNWtIVUV3eXZxQnlheWgtMGsweGFVOHM5cFZnaWhqcmUz?oc=5
2026-07-31T19:18:21+00:00,Google News: Crude Oil,True,False,"Why gasoline prices don’t always move in lockstep with crude oil prices - WTOP",https://news.google.com/rss/articles/CBMitAFBVV95cUxPTFpLVkNGUTBOdG9paGd0aWpSZ2ZBeHp0c2UzUHNlQVZ4NHlIQkluLTVoaUVZa0h4bDRzUTNaQ0taQkdZLXEzLW4tdXBHUHFNOE1maG9pNkFiZko2OUR2VDVZUzhwN0cxNV9wWEVNcllfQXpicW11Q3Z1NUdaZzE2Z0lLNEFCZ2tBS0JzOFdtMmNPemlCQkNKWUZ6dmRDLUJWRDk3VXJlZ3JCdzJ5S29vZUpkazQ?oc=5
2026-07-31T16:35:00+00:00,Google News: Crude Oil,True,False,"Brent Lang Named Editor-in-Chief of IndieWire - variety.com",https://news.google.com/rss/articles/CBMiiwFBVV95cUxPVkZmd1VXODFsX1pWcTY1NjBLMkhiR090S1Vsa3dYOGk3NXV6LU90eG9sRkZ0MXZFMll6WXdzbktzZEk1Nzd5WlBQaFk4aS1JazEyZ05sQXRPZVMwOXQ4YjJoSmI3V3FtNDZxdzZLQVl0T0xMZElfc0RlNEFnNWotX1JxOVh5MVZkc1Rj?oc=5
2026-07-31T20:35:59+00:00,Google News: Crude Oil,True,False,"Brent Headrick on his strong year; return to Illinois - MLB.com",https://news.google.com/rss/articles/CBMihAFBVV95cUxNMWt2dG1wLUQ4cThMVTQ4T0MxVTE4UXB5aFdxYjM3eTV5cXJKTHlXY0VjVFpFQ3ptTXA3djJDVXBIOVRaaDFzZmtUQnlLdVRwN3FaakpTWlJYWGZvdDdBOXNCZzlEYzN2VnRvZVdRTm5GRFFVZTRGcWl2cVNsamZYdHdQRms?oc=5
2026-07-31T19:56:20+00:00,Google News: Crude Oil,True,False,"Ronald "Ron" Brent Eliason - theMemories.com",https://news.google.com/rss/articles/CBMidkFVX3lxTE1kQnRWQzloaGRNX0xnNElvTS1jSU84ZXgzdFhsVXB4M054d09MbWJZVHp0Vl9oMFJuYUs2UjF5dG9HR2ZlZi1pU0xRWnRqVV9hQUJYV2NKWTdqSU54YkFzUHZ5bWU1YWk2dkFDdVZ2OERvTDZ1N0E?oc=5
2026-07-31T16:28:46+00:00,Google News: Crude Oil,True,False,"Brent Spence Bridge Corridor Project achieved a major milestone in July - The Lane Report",https://news.google.com/rss/articles/CBMitAFBVV95cUxOYjlkVHRxY0pDeXljRHJFY21qR3hQd0ZtX0pDRHlycHlaWDJubEttVTN0NW93d25UanQwZ0lWZEF6ay1xclJxM1NvTl9xMFg2bGs5MWViWFdLeG1CRGdhTmVNaW82T1V2U29nZDB4WjhiX3lOYVYwTHVhd01yQkhrMGo0TVpKSUVEb0xyS3UtYWFwX0MycjVFQ0ZmUzV4MnZIOTF6MVJwMk1uTTVqU01EX2RERnI?oc=5
2026-07-31T18:30:00+00:00,Google News: Crude Oil,True,False,"Brent Vigen on Montana State’s first two practices of fall camp - Billings Gazette",https://news.google.com/rss/articles/CBMigAFBVV95cUxNUENtSlJ3VTBfNmpQa3V6dWtFdUJQWEdQam5VbzQyc28zNElDSm5RRUFDeGt2emZIMHdsX013RnJHUEZBQ2k4dDNfNHJnT0NFeGtPXzYzRzVCbzJ3LWx2R3NIWjEzWFNLQW5LMWVEcTNoWUVEVkJZdFV0Mlljd0lFZA?oc=5
2026-07-29T07:00:00+00:00,Google News: Crude Oil,True,False,"Brent Meyer Obituary - Visitation & Funeral Information - Fratzke & Jensen Funeral Home",https://news.google.com/rss/articles/CBMiaEFVX3lxTFBkREV4NElNQ0pVQi1vVWNnZXBucVZ3U3lzSXJSWnFwWXdUYXVIQzJqaDZGbkF5VzVET1lLeDRpMzU0Smc5NngzWlAzQ0lRZ2hKRmNHQm5MS2IxX0NOQ21DTmJNSWNBNlhN?oc=5
2026-07-31T19:12:51+00:00,Google News: Crude Oil,True,True,"The Day with Brent Goff – Missiles from North Korea - DW.com",https://news.google.com/rss/articles/CBMijwFBVV95cUxPaVpqUF9pVHVDQ2VIUVJmeTJIT1ZBYW9ZTk45RkRwVnVwekhBUUVaTkpSZ2ZKT09zQVEyWlRRejdrVy1sQ1VIOWFMX0tKT1JlX2oyV2JHLVRWbldkcm1xcmNNMFVoazViVkpld0R6dnNUalJUcDhXdVFhUDJoOFJDTlFRSXhya0I4N3RMVnNqdw?oc=5
2026-07-31T20:30:17+00:00,Google News: Crude Oil,True,False,"McMillian sees bright future for Augusta University - The Augusta Chronicle",https://news.google.com/rss/articles/CBMi3AFBVV95cUxOLWVRVVNESWp2bmdHaWZYNTM5MW9MOWFLVURBSnZlTkNoVjdwVWFRMEdtaGw5RUZleV9CSlQyQ3Y4T0UwUmZNUk5fMDlEUmdLYVhveU1INnR6QWo4dUYzSGxoZXAwSDJUa1dqUzBLNUNLcWVWR2luQ1NvYjRLeU9QNWFLYjM5XzB1MkMtVDJfVDVsdk5YTDdZdWU5bDduUTFZQUFHM19USmxwOS10bFBHckhBTlZ1YUd4Zk9QTVBDbDdCRTB4eWhkY2xUeW82UU54MEJNYkhmWkMwM3pB?oc=5
2026-07-31T19:16:27+00:00,Google News: Crude Oil,True,True,"Supply Disruptions Underpin Crude Oil Prices - Barchart.com",https://news.google.com/rss/articles/CBMikgFBVV95cUxPY21CQ2hRS09DNFUwNlZXelYwdE5HVGRtUmRSVm5Gc25nTmlCX2s1QmljZm5OSE4tcUZHUE96X09FMGpvQWlJWFlnN2UyeGRqTW9ocUlPY3h0NmpIQ2UteG1FempJeDNuZkw0OXBqV3JvNHVveEYyRjJIdF8zZDZoeWZ4RjlIbTVKUnRodWtLV0g5Zw?oc=5
2026-07-31T20:14:00+00:00,Google News: Crude Oil,True,False,"Oil News: Hormuz Ship Counts Keep Crude Oil Futures Bid Despite Weak Demand - FXEmpire",https://news.google.com/rss/articles/CBMi2wFBVV95cUxPMi1ZQzl0dW1iTFM0SkUwajI5cWNuRV9hLThVM19PTEIzdkR2TGhuWXhTVU15WldMLVRyZzRsckV0c2xUX1hqa1kwZ29DSndlX1I5R1pCNlJ2SlMtWUtfS1NDU3d1aWt0NTgxa2JVdFNpZTlNbHIzT29UOFU0QVl5MkE1N3dvaW84Y2hhQnpoOHlWS0k3eUFNV1c0TUJiWDNLTWR1cE95eE11UU1FbUhxand3NVFwZWNoc1FTOTdsUzQ5V2hsc0V5NzNmWTB1dHBCeFBLTUxBVl9MQTg?oc=5
2026-07-31T17:04:54+00:00,Google News: Crude Oil,True,False,"Brent Lang to Replace Dana Harris-Bridson as IndieWire Editor-in-Chief - Yahoo",https://news.google.com/rss/articles/CBMimAFBVV95cUxQb1JaenNzc2RDcVh1VXJYSHkwUm1ZTFAzQnY0WnJ1Qk1SWlJfU3pJdHZ6TEFUVmw5OVdxSWVJWWVYSmJBTUFBa3d2dVJTZTZQZ0J1cmNEQ3VnTVBDaTZVYVc4aWZrVU1mSEo0ZjVjblJVZUJBWkZlYlFxZ0ZtQU9reDZ1aUg0Y1JXYmdsMG9GQnA4RU1sSGF4Zw?oc=5
2026-07-31T20:20:22+00:00,Google News: Crude Oil,True,False,"US Equity Indexes Rise as Amazon's Results Boost Consumer Discretionary; Crude Oil Trades Off Session Highs - marketscreener.com",https://news.google.com/rss/articles/CBMi5wFBVV95cUxPV3pTc1R2NDBDZU5pOF9iS2xYNWNweDVfTDdQcnNEZllfX3ZTWm1UOWJtQlhMVnVSWnZPMzB2aWlPbTlET29qVjkwWWltQWtlXzNuME1Kc2x4d1pYU1U3cUpvQTVjcXR1c0hLTVhkcXp1a2dDTmcxSGJHeHltUGFUNU5HRmFlbDg5aVo1bFdQMExia3JtWTA4dE40endDOFp1QmdNZnkwVWJFMWZUTnhXUU1HRG15ZmRqWlEyamR3X3k3NDZRSjhjUGNwSmNoRU9oNTlLdkxGN1RmNUdZU0Fpc3pRbXBZYmc?oc=5
2026-07-31T16:34:56+00:00,Google News: Crude Oil,True,False,"US crude oil output fell in May; while exports hit record; EIA says - TradingView",https://news.google.com/rss/articles/CBMi0AFBVV95cUxNYVpVOFNoa1pIcXZKYVVZZFo0ZmtRX0g0SUhkd0F6Z3VjYzlET0J0ZEhHaW43QzRnQkhSUnFUdWJaUi0zVXE5SFdxMUF2b1YycjlYQmpSMld1Y2dfb01fWVliMTVsRjhpVVI5cmNfcUxVZVRJeVhPN3FzdlZjZEREM2VSdVNMV0YtY3UyN3ZjbHQyaGtMeFRzVmdoX1ZDZkJJMXNYWm5IVUhjckk0M21HZ3AxcFBiMHcyLTY5YnFFd0w2Q3djM3U5bFd0ZWljaTFW?oc=5
2026-07-31T17:04:54+00:00,Google News: Crude Oil,True,False,"Brent Lang to Replace Dana Harris-Bridson as IndieWire Editor-in-Chief - TheWrap",https://news.google.com/rss/articles/CBMikgFBVV95cUxPa2FKNFp3VGhEQ0t4NGdQOEs5ZW5Ta2s2cHRfZHVXMndqckNVM3E1bVVRY1pPT0FGeUhfZ2tzTkhuOWo1dFN1Rmk1QXRWcVR5OVRMVXE4VWlNLXg4UkFacWhZMUxoNGN5Sk5kSHNkSm1PS2RnT0hYMjlqUm1SQ0Y2Q0xjN2pWb3VZVTdKLUZIUHE5Zw?oc=5
2026-07-31T17:30:15+00:00,Google News: Crude Oil,True,True,"Will the Iran war kill OPEC? - Olean Times Herald",https://news.google.com/rss/articles/CBMid0FVX3lxTE85QTBJb2Nlc2RPREdkbG9GNTU2anpMNnVnenJOeEZ2bkNCbzVpc1dadjFydjFlY3VtN1dTWVM4UE5VVXNZdzdqblhFd05fSjBydDM0dDNGSTBSeExTaEFsV01EUUpSVk5pcVVmUVk3YXQ0U1NwZjJ3?oc=5
2026-07-31T16:55:20+00:00,Google News: Crude Oil,True,False,"Brent Lang Named Editor-in-Chief of IndieWire - IMDb",https://news.google.com/rss/articles/CBMiZkFVX3lxTE1HUEN0dmhmVzJEcnNub2FYUUcyRmpaVFI5UFA3ZFY5SXB5cVhSZU9QclpQQl9ZamZWLWdQdFpIcDFNRU1RWmpWTnExUmxybnluTXBqOWxRVzR6UExsZWdJdkh6Nnp5UQ?oc=5
2026-07-31T18:39:15+00:00,Google News: Crude Oil,True,False,"September WTI Crude Oil Contract Closes Up $1.08; or 1.3%; Settles at $84.67 per Barrel. September Brent Oil Was Last Seen Up $1.07; or 1.2%; to $90.10 per Barrel - marketscreener.com",https://news.google.com/rss/articles/CBMi4AFBVV95cUxQbUlwcEYtWXNlY0dEYThtZXl2VGdZVmNxOVZmdnQtSzdvMmJSWFp4Z1VDM0ZCRHpTS3pOdlpnek9BejdPekZxMHZ3S3h5cjdvOHB6VDZPbUhvN1lxVS1hU2s3M0tHeDZnYU9keFYzeXZRZ3UyYzhFSlJEdV9oaThEOTRPWFRteGZLZEUybERtTi0yV1poN1F1Yl9ObkNQMGJDeDZUbFE4bjBKSnlSaG9TOVJHQ0xiS0pqX3gxYTJqbFNrWWhfYVNRNHN5OWtmLVNHVXhDbzlkd2cxb3hFYm1mSQ?oc=5
2026-07-31T17:54:36+00:00,Google News: Crude Oil,True,False,"Brent Lang Named Editor-in-Chief of IndieWire - IMDb",https://news.google.com/rss/articles/CBMibkFVX3lxTE90UXZyMGh1eWg2dGJCZW9QNWloRUc1c3RjMXVrZWNqTjVOQ0FWZmx4Q25JUjBfbFhNdHRwNzVBLW8xYnBvMG96TXB6OHBCa3ZmVzlHdkwxMXhIMGlGVzVhRUM4aWg5SG9xVzVpUGVB?oc=5
2026-07-31T19:21:00+00:00,Google News: Crude Oil,True,False,"Natural Gas; WTI Oil; Brent Oil Forecasts – Oil Rebounds From Session Lows As Traders Stay Cautious Ahead Of The Weekend - FXEmpire",https://news.google.com/rss/articles/CBMi-wFBVV95cUxPaGlXbXhIc2ljeWd1aGZRRmpSa3RJSERJQm1pZkVRWk41V2dmTy1CQkN6QjZtZmFHYXZUSlE3NExCTEpNTkhJVy1kX0Z5dTY2LWo1elZsZGVibk5jUlJwdnBOT21wcnJncjlKanRtdmh2OFRnSnlPYVc1eW5Ba0ZMQTk4VF96NGprT1FYZ0x6Vm5IaEZJclh6OEF1RFEzWGFjUDV6ZG52MUhzZFh3cTRjUTg1aXA4QlBiSFlBeXIxeWJwLVh2b21kUldVUG50bVQtWmNuRlZaUHo4TVNxQ3Z5Q3Z1bjBiNV9zV0doNjl3Rzc4U2pNZExMQ1ZsUQ?oc=5
2026-07-31T17:54:39+00:00,Google News: Crude Oil,True,False,"IndieWire Names Brent Lang Editor-in-Chief; as Longtime Leader Dana Harris-Bridson Departs - IMDb",https://news.google.com/rss/articles/CBMibkFVX3lxTE8tU2JhQVhtenBrdjc2YThwZzE5Q3Z4aUZCenFLeXpzWFNBbFpiUGxMc1dta0V3cXQ4MjNJNjZYQ0lKbGhTN1ZGVVN6SGtrc0dEVUJaVl9kR0FsQWhhYk11dEh0a2wtbEdmbFQtZzBB?oc=5
2026-07-31T19:45:36+00:00,Google News: Crude Oil,True,False,"US Equity Indexes Rise Amid Amazon-Fueled Gains in Consumer Discretionary While Crude Oil Trades Off Session Highs - marketscreener.com",https://news.google.com/rss/articles/CBMi6AFBVV95cUxQd2lqZDcyeVJtSnYtQUFxUzZ3aXRzY0JpLUZ2a3VITEwweWRVWkNpQTJMNUxXejJBM0FsWUExR1pSeUpvR21JZ3J6TGowUnd0NFpaZDlhWGpwblZmaXBmRjY4dXV4akJHUU1SMUJ0V0IwU3V4eTQ1aVZqRVUwbjRueVdBWEFWM2UtVVIwSHVCQ0xTaUxTUFZGM2llMm9RZ0xwaUhVR2pHcUxOMVBxZnZXZzg4RGJrdGxkT25QMkpDN0NWdXF3R2I4d1BaRzhISV9wSGRGVVBwcy0tQlM3QVNiZHVLMGgxSHdD?oc=5
2026-07-31T15:51:00+00:00,Google News: Crude Oil,True,False,"Evening update for crude oil -31-07-2026 - Economies.com",https://news.google.com/rss/articles/CBMinwFBVV95cUxOU1ozQnBoTUV3eUFxdWpoUXVFeFVnR2M1eVZmamRDVnppWXpUZXVINWxxN3FuX01odlJHM0FpYk1ZRWpCY0dYZndoTHdpLS1YWFhFYVNCcEpPZExfRXdZM0c1enB1MW9Ca3diQXhqMmFGazhmbmxnYWstR183Y1lITVBzSUg0bEN1czZIQWRUdnBwYUFYTm5HU1I1R0ZtUDA?oc=5
2026-07-31T16:35:29+00:00,Google News: Crude Oil,True,False,"IndieWire Names Brent Lang Editor-in-Chief; as Longtime Leader Dana Harris-Bridson Departs - Yahoo News UK",https://news.google.com/rss/articles/CBMif0FVX3lxTE5FTG1RVkk2aEhQSXhXZXZ6cXVsQUJQZ251WXJtbTZIZlFsamJYV3N4TVhUNl9EY0dodWY5b2wxVDlSZklUcFMzLTJ0akhmRUo2ejZsaF9ZWDc4NlpjOVFHSzBMZzE1aFZOTjNMaGpmZTF1Z2ZZNS1leGZzNVVIcmc?oc=5
2026-04-29T07:00:00+00:00,Google News: OPEC,True,False,"Why United Arab Emirates Has Unshackled Its Oil Production From OPEC - Yahoo Finance",https://news.google.com/rss/articles/CBMiogFBVV95cUxObmF6cWRka0VuMU5mV2dqNUw0VWd1bjliUzd2dk4xbEZ2WDd6b2xMTzdHXzE0UWVkd2hJS2lSYVFTT25FZ1dDVGVPWjFNRGV5SVk5cHZRdlZPYV9lQkZoeHJqMk9oT3lCSmhYbVFKWXM0TG5vWE9qR1N2MVhVV3VydTgyaE4xWUptQy1UdERFODF6dzBtcGdLR3hFTk5yMDVJY0E?oc=5
2026-07-31T20:22:46+00:00,BBC World,False,False,"Body of US climber the latest recovered after Pakistan avalanche",https://www.bbc.co.uk/news/articles/cddjz1r01l8o?at_medium=RSS&at_campaign=rss
2026-07-31T18:29:04+00:00,BBC World,False,False,"What triggered the mass migrant crossings into Ceuta?",https://www.bbc.co.uk/news/videos/c171nnql1j4o?at_medium=RSS&at_campaign=rss
2026-07-31T20:12:32+00:00,Al Jazeera,False,False,"At least 25 people killed; dozens injured in Algeria bus crash",https://www.aljazeera.com/video/newsfeed/2026/7/31/at-least-25-people-killed-dozens-injured-in-algeria-bus-crash?traffic_source=rss
2026-07-31T20:07:00+00:00,Al Jazeera,False,False,"Does FIFA need private investment?",https://www.aljazeera.com/video/inside-story/2026/7/31/does-fifa-need-private-investment?traffic_source=rss
2026-07-31T20:06:26+00:00,Al Jazeera,False,False,"Algerian bus plunges into ravine killing at least 27",https://www.aljazeera.com/news/2026/7/31/algerian-bus-plunges-into-ravine-killing-at-least-27?traffic_source=rss
2026-07-31T19:55:59+00:00,Al Jazeera,False,False,"‘Strategic partner’: Peru’s Fujimori plans to intensify ties with the US",https://www.aljazeera.com/news/2026/7/31/strategic-partner-perus-fujimori-plans-to-intensify-ties-with-the-us?traffic_source=rss
2026-07-31T19:48:17+00:00,Al Jazeera,False,True,"Poland protests to Russian ambassador over missile incursion",https://www.aljazeera.com/news/2026/7/31/poland-protests-to-russian-ambassador-over-missile-incursion?traffic_source=rss
2026-07-31T19:18:54+00:00,Al Jazeera,False,False,"Trump says US has ‘understanding’ with Israel on Hamas disarmament deal",https://www.aljazeera.com/news/2026/7/31/trump-says-us-has-understanding-with-israel-on-hamas-disarmament-deal?traffic_source=rss
2026-07-31T18:51:50+00:00,Al Jazeera,False,False,"World reacts with cautious optimism to Hamas disarmament agreement",https://www.aljazeera.com/news/2026/7/31/world-reacts-with-cautious-optimism-to-hamas-disarmament-agreement?traffic_source=rss
2026-07-31T18:44:33+00:00,Al Jazeera,False,False,"Trump says Hamas disarmament deal will be complex to deliver",https://www.aljazeera.com/video/newsfeed/2026/7/31/trump-says-hamas-disarmament-deal-will-be-complex-to-deliver?traffic_source=rss
2026-07-31T18:11:15+00:00,Al Jazeera,False,False,"Syrian lawyer takes on ex-Assad official in landmark trial",https://www.aljazeera.com/video/newsfeed/2026/7/31/syrian-lawyer-takes-on-ex-assad-official-in-landmark-trial?traffic_source=rss
2026-07-31T18:02:14+00:00,Al Jazeera,False,True,"Why is Israel arming illegal settlers?",https://www.aljazeera.com/video/newsfeed/2026/7/31/why-is-israel-arming-illegal-settlers?traffic_source=rss
2026-07-31T17:52:23+00:00,Al Jazeera,False,False,"New York sues Kalshi; says its prediction markets are ‘illegal gambling’",https://www.aljazeera.com/economy/2026/7/31/new-york-sues-kalshi-says-its-prediction-markets-are-illegal-gambling?traffic_source=rss
2026-07-31T17:38:04+00:00,Al Jazeera,False,False,"FIFA COO Lamour says staff deceived over Infantino’s World Cup plan",https://www.aljazeera.com/sports/2026/7/31/fifas-lamour-says-staff-deceived-over-infantinos-world-cup-sell-off-plan?traffic_source=rss
2026-07-31T17:06:52+00:00,Al Jazeera,False,True,"Western allies warn North Korean IT workers funding nuclear arsenal",https://www.aljazeera.com/news/2026/7/31/western-allies-warn-north-korean-it-workers-funding-nuclear-arsenal?traffic_source=rss
2026-07-31T16:52:04+00:00,Al Jazeera,False,True,"DR Congo Ebola epidemic becomes world’s second largest outbreak",https://www.aljazeera.com/news/2026/7/31/dr-congo-ebola-epidemic-becomes-worlds-second-largest-outbreak?traffic_source=rss
2026-07-31T16:35:17+00:00,Al Jazeera,False,False,"Three-year roadmap proposed for Hamas disarmament in Gaza",https://www.aljazeera.com/video/newsfeed/2026/7/31/three-year-roadmap-proposed-for-hamas-disarmament-in-gaza?traffic_source=rss
2026-07-31T16:18:42+00:00,Al Jazeera,False,False,"LIVE: Chopra; Nadeem and Pathirage meet in Commonwealth Games javelin final",https://www.aljazeera.com/sports/liveblog/2026/7/31/live-chopra-nadeem-and-patharige-in-commonwealth-games-javelin-final?traffic_source=rss
2026-07-31T16:17:59+00:00,Al Jazeera,False,False,"Spain PM: Ceuta migrant surge a ‘violation of territorial integrity’",https://www.aljazeera.com/video/newsfeed/2026/7/31/spain-pm-ceuta-migrant-surge-a-violation-of-territorial?traffic_source=rss
2026-07-31T16:06:05+00:00,Al Jazeera,False,False,"Tunisian wildfires expose failing infrastructure; community vulnerabilities",https://www.aljazeera.com/features/2026/7/31/tunisian-wildfires-expose-failing-infrastructure-community-vulnerabilities?traffic_source=rss
2026-07-31T18:52:10+00:00,CNBC World,False,True,"Trump says U.S. has 'not agreed to' grant Ukraine Patriot missile licenses",https://www.cnbc.com/2026/07/31/trump-ukraine-patriot-missile-license-russia.html
2026-07-31T18:20:01+00:00,CNBC World,False,False,"Fintech broker Clear Street offers investors pre-IPO access to $188 billion AI giant Databricks",https://www.cnbc.com/2026/07/31/clear-street-pre-ipo-platform-databricks.html
2026-07-31T19:12:06+00:00,CNBC World,False,False,"‘Spider-Man: Brand New Day’ sets domestic box office preview record with $72 million",https://www.cnbc.com/2026/07/31/spider-man-brand-new-day-box-office-preview-sales.html
2026-07-31T16:29:14+00:00,Guardian World,False,False,"HIV prevention drug could reduce cases globally but USAID cuts prevent access; say experts",https://www.theguardian.com/society/2026/jul/31/hiv-aids-medication-usaid-cuts
2026-07-31T17:37:32+00:00,Guardian World,False,True,"India’s monsoon rains in danger as UN chief warns planet is ‘on fire’",https://www.theguardian.com/environment/2026/jul/31/india-monsoon-el-nino-hot-dry-conditions-meteorologists
2026-07-31T17:52:30+00:00,Guardian World,False,False,"High court clears way for clinical trial giving puberty blockers to children",https://www.theguardian.com/society/2026/jul/31/high-court-clinical-trial-puberty-blockers-children
2026-07-31T17:00:28+00:00,Guardian World,False,False,"Sam Fender and Olivia Dean’s Rein Me In breaks 73-year record to become longest-running UK No 1 single",https://www.theguardian.com/music/2026/jul/31/sam-fender-olivia-dean-rein-me-in-breaks-73-year-record-longest-running-uk-no-1-single
2026-07-31T16:21:56+00:00,Guardian World,False,False,"‘It’s OK to mess around’: how ‘mop man’ stole the show at Glasgow’s Commonwealth Games",https://www.theguardian.com/sport/2026/jul/31/mop-man-stole-the-show-glasgow-commonwealth-games-dances
2026-07-31T19:50:38+00:00,Guardian World,False,True,"Jurors in Lindsay Clancy murder trial visit home where children were killed",https://www.theguardian.com/us-news/2026/jul/31/lindsay-clancy-murder-trial-jurors
2026-07-31T18:22:33+00:00,Guardian World,False,False,"Gavin Newsom reveals personal income of $1.7m-$2m in tax return release",https://www.theguardian.com/us-news/2026/jul/31/gavin-newsom-california-tax-release
2026-07-31T17:58:56+00:00,Guardian World,False,True,"Trump backtracks from promise to let Ukraine build Patriot missiles",https://www.theguardian.com/us-news/2026/jul/31/trump-cabinet-camp-david-ukraine
2026-07-31T20:28:43+00:00,NPR News,False,False,"Trying to understand students deaths and protests in India",https://www.npr.org/2026/07/31/nx-s1-5911927/trying-to-understand-students-deaths-and-protests-in-india
2026-07-31T20:28:41+00:00,NPR News,False,True,"Drone delivery helps in Rwanda; but only so much",https://www.npr.org/2026/07/31/nx-s1-5867626/drone-delivery-helps-in-rwanda-but-only-so-much
2026-07-31T20:22:54+00:00,NPR News,False,False,"Tens of thousands of migrants crossed into Spanish territory from Morocco this week",https://www.npr.org/2026/07/31/nx-s1-5914657/tens-of-thousands-of-migrants-crossed-into-spanish-territory-from-morocco-this-week
2026-07-31T17:31:29+00:00,Reuters (via Google News),True,False,"Oil price rises after Iran says it stops ships in Hormuz - Reuters",https://news.google.com/rss/articles/CBMiqAFBVV95cUxNNm5pTVNDLURFZkZQWHVrd3VibjhDM05FOVd1QWIzNVRfbWtPWTFiSjQtSmc5Mk41Yl9MaG4zWTV3YTNyQVpOWVl1WUZCcXVKeGJzVjFtUVh3dGlvYlFScVI3UFJfamhnX2M0ZG1UNDZSckhIM214Q1c1bG53S0dnWnZDRDF4Mm9CWnZQMzBVS1M5c3BvTmxCQmg5bURtMTZ4dHBGanhNak8?oc=5
2026-07-31T17:58:21+00:00,Reuters (via Google News),True,False,"Canada's Enbridge postpones plans for second phase of Mainline oil pipeline expansion - Reuters",https://news.google.com/rss/articles/CBMiyAFBVV95cUxNUlBzM0dyWlBSSE1EWkhqd2Zia1cwVXl6Y1hTbnBMeS1ka2RoLV9Xa3dFRE96N09KazdZWGlNenQwdXNHQlVCUV9VSGUxY2VnT1I0cm5BRnpleXBZeTJvYWJOTWZJYm9GTmk4cmpyb3hhWEdDNFg3T290cXZhNThSMWN4QjZXSWZ3WXVvZzZjaXREa2tzUjBZYjk3SDZGTHYtMHZoUzM3R2w3eHVvVlRSS1FfZVA2OHQzbi1UenEtNEx4Q1RXekVwYw?oc=5
2026-07-31T11:29:04+00:00,Reuters (via Google News),False,False,"Oil refining margins have added to Europe's fuel price rise; ECB blog says - Reuters",https://news.google.com/rss/articles/CBMivgFBVV95cUxNRzNocUU2MUVtTzJKY3RkVGwtQmZVbGZNWVJEd18zTEl3YmNGam1sUE80QlRRbVFlR0xwTDhfVjBlbnBtdTFHRWNjNVNUSkdPT2NxX1p3Z0VoRVBMRzBTcVdYMlhwenJlYnJQN2FXWTl6SDlCdVhUcVdzREZicmdvemVSNDZReV9XZHE0YU5sTWZfT2pCaEVNbkhmN2JsZ01acUlJMTJNOWoyUnB0X0ViZFhIbFRKNi1KQzM2cWNn?oc=5
2026-07-31T02:25:00+00:00,Reuters (via Google News),False,True,"Drone attack ignites blaze at energy plant in Russia's Volgograd; governor says - Reuters",https://news.google.com/rss/articles/CBMivAFBVV95cUxNMTFsUjZfbHpiRXk1SEF4dzNmbkp0Zk92c05WdVhucm95SmpIWWtnMEI4aXhDM0R6bEhTeno2eTdaRjhnUm9RM0I2LU54d1pmcXQyYkJtVVppaU1aTXdNRHlqLVpoUHpFU010a2Jxa19pNVhxVnk4SFNTNTVGREpha0VhLVA2Q0U0M00yMXQtQWFxR1FZRlJuZ0hjdWlPcTVHczVaOUVUQ1k2aUswWnExb2RMTEpXZFN4RnExcQ?oc=5
2026-07-31T19:07:32+00:00,Reuters (via Google News),False,False,"EXCLUSIVE Trump's powerful but unofficial Venezuela adviser leaves his role - Reuters",https://news.google.com/rss/articles/CBMipAFBVV95cUxPZXRSWkR5MTFHd0tLTy1pMU5KN29nYnMtRTRvb0Z4WWx5RURqdUtaRTA3dkNaa1JFb0VxWk10TzRFYlFMcWNvRE1QZHo1Qm5nU1FjczhMTWw0Q0pNM0doSVRIcWJnTGlkaFVaSGpWWXE0LXEtQ20tMnU4ZEpUdXE0NFBKRnpfYlQ4YlBvNm94VGduajNNY1hDWVFLcVR3Vzh0dC1BUg?oc=5
2026-07-31T09:05:44+00:00,Reuters (via Google News),False,False,"Euro zone inflation ticks up in July; bolstering rate hike case - Reuters",https://news.google.com/rss/articles/CBMipwFBVV95cUxOS19WRVFIOFY2anBtdHJ5UERfdHMyUExmdEx1YTNUUksweHYyOWNHNDdvTDFPMzlNUzhnU2piNHBtd3JxamlOV0t0bVU4M1JaWVZXNmxqZEtrdUh2QnNLZGZJeFg4U2tadlROQlNnY21DRkJMSkRmZHVINDhWVXNkNldINWNTUTNjUFJKa3VfNlRlRUtZZXJsTGhHSjJxRFVRc3FXOW9LOA?oc=5
2026-07-31T22:00:00+00:00,OilPrice.com,True,True,"VC Money Floods Into U.S. Nuclear Startups as AI Power Demand Explodes",https://oilprice.com/Energy/Energy-General/VC-Money-Floods-Into-US-Nuclear-Startups-as-AI-Power-Demand-Explodes.html
2026-07-31T21:03:58+00:00,Rigzone,True,False,"Brent Caps Strongest Month Since March",https://www.rigzone.com/news/wire/brent_caps_strongest_month_since_march-31-jul-2026-184273-article/?rss=true
2026-07-31T20:00:00+00:00,Rigzone,True,False,"Exxon; Chevron Steer Blowout Profits into Debt Reduction",https://www.rigzone.com/news/wire/exxon_chevron_steer_blowout_profits_into_debt_reduction-31-jul-2026-184271-article/?rss=true
2026-07-31T21:47:28+00:00,Google News: Crude Oil,True,False,"Brent Headrick on his strong year; return to Illinois - MLB.com",https://news.google.com/rss/articles/CBMikAFBVV95cUxQWU12empKS1dOLVJuNGNWWGJOZHhIcklBSWVFOUZEMFRfQkVWTUlEME85MHBIVlZUdGh5eFRjRnRYRUlDT3N5NmZuMWE5NWN0dnk1Z25xT0dFb0JaalY2Tjg2M1hSYVhyamdoMHNvamNocWNQNThBREVZV2dQUEVZMGU3MDIzRWwwRzJFdnhfNV8?oc=5
2026-07-31T20:46:57+00:00,Google News: Crude Oil,True,False,"Crude Oil Sits Between Middle East Supply Risk and a Payrolls Test - StoneX",https://news.google.com/rss/articles/CBMipAFBVV95cUxNSkZ2d3JYRTV1cWppNDR6a2dWZkxmb1N1bHU5Uzg2aTlmUVYyVnhJTDJHdmJPelRIUnNvRWc4SzNxR0FBOFpjNXpfazRlakc0YmxSa21uZjFLdzJSMk9vM2FVLURWa0lPdWJBVk02dW83eURBSFJYdm1RYmdhNlhXY3pZNUYySkRuemtwWmwyc1cyRVdsOXNtb3FCa28tWXNZdHZVTQ?oc=5
2026-07-31T16:48:07+00:00,Google News: Crude Oil,True,False,"EIA: China draws crude stocks as imports slide 32% - Oil & Gas Journal",https://news.google.com/rss/articles/CBMiuAFBVV95cUxPWW41TXlTeTU2R0ZSQ1ZrOUdDbnhLLVh1R2tYQ1dXLW82UU1OcEdKeXlYM3ZnQlRDQXpqa0dSSG1yTGwwWUFfQlFQTEQ1akVmOTRMMHA4OENZbkI0X0t6aVNjZW5oMVRqeFVhYVhKai1tX0d0Ylg2d3M4Q1ZlMUg4UmhqZDd3Wm16WW5wNnMzQThVYjBnTDJTay1jc0Jyb3BHUUw4RTRLX1AzYzRObFhlMUVNanVvcGYw?oc=5
2026-07-31T21:26:48+00:00,Google News: Crude Oil,True,False,"SPR Gets Drained to Dump Crude Oil on Global Markets: US Exports of Crude Oil & Petroleum Products Spike - Wolf Street",https://news.google.com/rss/articles/CBMi0gFBVV95cUxNTUpDendzcnVyY1NyNXI3QVpfcUo5VFh6UFlUNkh4S0tFUUdzc2N5WWlMdG1jYXhpM3BQMUh0b2cyWFVkNDdveVk3TkQxa0pLU0ZQUkhhMTNwSU44VUxOU2V3ZktWaklwcDJwUVF6OWw2Zl9qd0ZVX0cyNzliWWNNcG9HZmFLTFNMVEFPVnA3c1lNSmNyRUhGLU9zN2s0OV9YNVg2N2g5X3ZlekhtQlBweE1XcVBDRFRaTldKT2JMXzEtMnYwMndpR0JMdThUTUVQSnc?oc=5
2026-08-01T00:04:13+00:00,Google News: Crude Oil,True,False,"Zany; otherworldly Imaginists go Beckettian in ‘Beached’ - San Francisco Chronicle",https://news.google.com/rss/articles/CBMiogFBVV95cUxPZlR4bUF6V2dtc2ZOd091bHA0eWhhcVZGODFVV0VsS0hiSXM4cUlWN3FlelJDbUhOY2x4Nl9xRDdaOFlJbnZ3aGFVVC1pQURwMTRibEs3aVpQN0dlZ3YwdGJ6RS11SnZsdjJYTzJoZG5WSHRmb0tFZDlMZ1JyX0RMVjFHZ2sydmhUbk9QMGZIcHo5MWFCcVZackZqRUhTQVdiSlE?oc=5
2026-07-31T14:14:56+00:00,Google News: Crude Oil,True,False,"TekSynap Appoints Brent Newman as Vice President of Talent Acquisition - Mid Florida Newspapers",https://news.google.com/rss/articles/CBMi_gFBVV95cUxPQTBVdDR4Rm1LeC1mdl9KOERwVVkwalRpbUxYU2tIaUE3cjZfbklPSUVLRWVCOEVPUXZoQUVhR2ZhYWdfa05TeW9LZ2VvNlA4cVFqN2JPdXJSVEZkbk9iWjdQYlB0clFiTlFTRzNfSjk3ZEc0VHpYQmN1anBJcmhJbGVGNk1jRmhPMUVabndiZ3R5NmdhZjYtckVsdGZzTXkzdVZkWnlNSEt0eDNYNGFoSGZ6TmxqNUdiT3lWdDFSZ2FwLWlsOHlhSHlGR0hISWt3anVUYTRWRkUxSzNkdTF5cFRqNjlKZUpGZmE3UVV0cDJ1c0NySzlkREZVa1RzZw?oc=5
2026-07-31T17:17:47+00:00,Google News: Crude Oil,True,False,"IndieWire Names Brent Lang Editor-in-Chief; as Longtime Leader Dana Harris-Bridson Departs - IMDb",https://news.google.com/rss/articles/CBMiZkFVX3lxTE5iR3doaTV1cldlTkFualRNRDRoZG5JQ205c1prS21WVnFCUkNGekEzcDdVRGQwMk5MTGN5TTVZU3RxMmNXZ1l5eUUzalVSTktLNV9QV2p3ZXlnUG5LX2M2aFFJXzAzdw?oc=5
2026-08-01T00:01:10+00:00,Google News: Crude Oil,True,False,"Korea; Argentina leaders agree to energy supply chains cooperation in summit - Korea JoongAng Daily",https://news.google.com/rss/articles/CBMiwwFBVV95cUxQQ3VMaF92Q1NsMXVkQ1VKc2xFeWExSVBNa3Z4Q2tRLXNNaFlKMEpNS0Z3aVZ3amRPdng3NXRYT3V4NzY2cHhuV0UwWVQxSXVLbXJsN0VFakU5cWNyNEpkQkdUbGNETV9KeTNTSTRDN2JRN05iTHNuSGJsd1g4cl9jZjNIZ3JLcExSd2N5YzB1ZjRLRVpjWVhSZHdpRVVYc0ZuS0R2Yk0tcUl6VGpLMVpCT294QU05Y1UxNzM0U3RzUWF5Yzg?oc=5
2026-07-05T07:00:00+00:00,Google News: OPEC,True,False,"7 OPEC+ countries agree to expand monthly oil production modestly as prices slide - The Independent",https://news.google.com/rss/articles/CBMioAFBVV95cUxNSTI3WEpYWnFwaGtLaExZMDJhUHQ2U1gtWVpIRW5VWnlhWkU0VlZzU3Vzdm92ZHJpSG12c0o1TUd2SnE2dlhoZWI2WnlnUFUtaFVxNDdNUzczdU14UnlEUEpITWtaMTl6d3NmNmdZWTF4RDN1dndQeGticEN6Ykc1cXJoY3JVUHVmMVBFRlV0dVBFdzhoU1l5bFFsWGwyTVZl?oc=5
2026-07-31T23:47:35+00:00,Al Jazeera,False,False,"FIFA scrap controversial World Cup private investment plan",https://www.aljazeera.com/sports/2026/7/31/fifa-forced-to-scrap-world-cup-private-investment-plan-after-backlash?traffic_source=rss
2026-07-31T23:30:54+00:00,Al Jazeera,False,False,"Analyst: the US faces a strategic ‘dead end’ in Iran",https://www.aljazeera.com/video/newsfeed/2026/7/31/analyst-the-us-faces-a-strategic-dead-end-in-iran?traffic_source=rss
2026-07-31T23:26:26+00:00,Al Jazeera,False,False,"US proposes cuts to Colorado River use for Arizona; California and Nevada",https://www.aljazeera.com/news/2026/7/31/us-proposes-cuts-to-colorado-river-use-for-arizona-california-and-nevada?traffic_source=rss
2026-07-31T22:12:48+00:00,Al Jazeera,False,False,"Israeli settlers vandalise Palestinian cemetery in West Bank",https://www.aljazeera.com/video/newsfeed/2026/7/31/israeli-settlers-vandalise-palestinian-cemetery-in-west-bank?traffic_source=rss
2026-07-31T22:10:10+00:00,Al Jazeera,False,False,"US Senate’s Fauci hearing renews COVID origin debate but reveals little",https://www.aljazeera.com/news/2026/7/31/us-senates-fauci-hearing-renews-covid-origin-debate-but-reveals-little?traffic_source=rss
2026-07-31T21:49:49+00:00,Al Jazeera,False,False,"Pathirage beats Chopra and Nadeem to win Commonwealth gold in javelin",https://www.aljazeera.com/sports/2026/7/31/pathirage-wins-sri-lankas-first-athletics-gold-in-commonwealth-javelin?traffic_source=rss
2026-07-31T21:11:57+00:00,Al Jazeera,False,True,"Children face higher threat of US deportation as legal support deal expires",https://www.aljazeera.com/news/2026/7/31/children-face-higher-threat-of-us-deportation-as-legal-support-deal-expires?traffic_source=rss
2026-07-31T20:58:14+00:00,Al Jazeera,False,False,"Cambridge students on why they protested at graduation ceremony",https://www.aljazeera.com/video/newsfeed/2026/7/31/cambridge-students-on-why-they-protested-at-graduation-ceremony?traffic_source=rss
2026-07-31T20:38:56+00:00,Al Jazeera,False,False,"Powerful El Nino to intensify heat on ‘a planet already on fire’: UN",https://www.aljazeera.com/news/2026/7/31/powerful-el-nino-to-intensify-heat-on-a-planet-already-on-fire-un?traffic_source=rss
2026-07-31T20:28:39+00:00,Al Jazeera,False,False,"Venezuela government and opposition to hold talks aimed at path to election",https://www.aljazeera.com/news/2026/7/31/venezuela-govt-and-opposition-to-hold-talks-aimed-at-path-to-elections?traffic_source=rss
2026-07-31T21:46:32+00:00,CNBC World,False,False,"Trump's AI executive order nears key deadline as regulation debate intensifies",https://www.cnbc.com/2026/07/31/trump-ai-executive-order-nears-key-deadline-regulation-debate-heats-up.html
2026-07-31T21:06:30+00:00,Guardian World,False,False,"Missing Australian hiker found dead in Wyoming; officials say",https://www.theguardian.com/us-news/2026/jul/31/australian-hiker-wyoming
2026-07-31T22:01:45+00:00,Guardian World,False,False,"Labour wins decisive victory in Greater Manchester mayoral byelection",https://www.theguardian.com/politics/2026/jul/31/labour-wins-decisive-victory-in-greater-manchester-mayoral-byelection
2026-07-31T23:17:46+00:00,Guardian World,False,False,"Pilot ejects from F-35B jet crash near San Diego marine base; officials say",https://www.theguardian.com/us-news/2026/jul/31/f-35b-jet-crash-san-diego
2026-07-31T23:07:35+00:00,Guardian World,False,False,"San Francisco pitbull rescued after two days trapped in railway tunnel",https://www.theguardian.com/us-news/2026/jul/31/san-francisco-pitbull-rescue-tunnel
2026-07-31T21:48:51+00:00,Guardian World,False,False,"Illinois officer who killed Sonya Massey denied medical release from prison",https://www.theguardian.com/us-news/2026/jul/31/sonya-massey-shooting-prison
2026-07-31T15:29:43+00:00,Reuters (via Google News),False,False,"ADNOC to change oil pricing benchmark to Platts Dubai from Murban futures - Reuters",https://news.google.com/rss/articles/CBMitAFBVV95cUxPcnIyRjNtNmlOVjZQMHR6dzBlc3M5NHVSdHBSMkFqTUUyUjQ0STl3WkZ3VFd4cnNvS1Z6cWJ6UTRNNFhGS1JhY2d4MEFBNDhCb0ZKUzlTSkJGUXpuMzZRWUdNYjBIQUFieXN5bDhoZXNwbkk4dDhobnpZTnVZRllZVExmUEl0NjNaZGVxdDUtb1lyZDdYTWV1XzhpQnVzNV82NDFrcVhLT2VoVk95anJ0TWloak8?oc=5
2026-07-31T17:49:07+00:00,Reuters (via Google News),False,False,"Mexico's Pemex posts lower quarterly profit; reshapes supplier debt amid oil output struggles - Reuters",https://news.google.com/rss/articles/CBMioAFBVV95cUxPcmtURzBLZmV3eF8zbF9YNkpvR0hkY3dzVktUeE5CeG05MFhfdkZuajE4MGpRWTE5ZXhjTkpCSVF0V0RtOVVKbXdrc2lvYk5HSDFYOTV0UGNaZmdqYU9ITDZkQmVFOTlrSlJpXzdkM3hRWkI1MjFlZTFGaE1DU25xLW9nN3JXZkJfRXI5YklSZlRFNzV2TGYzNmhHSTFLVmFa?oc=5
2026-07-31T21:31:46+00:00,Reuters (via Google News),False,True,"Exxon; Chevron warn of continued high fuel prices from Iran war - Reuters",https://news.google.com/rss/articles/CBMiqgFBVV95cUxNMjdEbTVuZzlMdmNabW90dk04NEdXMUdBUFNzR2FpcDJYZE9RWnlQdXFNV1NtZkVWZ2J1M0dzTXhwVGJFYlNsUkp2d211bFB4eXRQQXk3RWJ5c1hBZ1BUYnF3VXNiSzFweUpEaktkOUsyLVBISHlZY2dneU5RTnkyeXNTejVUZlpJa3hURjFsMGZkSVUxVUw4QUg0N3pqZjg0UlZVdTNGSG9kZw?oc=5
2026-07-30T05:03:00+00:00,Reuters (via Google News),False,False,"EXCLUSIVE: QatarEnergy buys 33 US LNG cargoes to offset Hormuz disruption; sources say - Reuters",https://news.google.com/rss/articles/CBMiwAFBVV95cUxPT2RNZllsNDBHUFBXYUM5NGZzNnpoRHQ2bW11cDdJczVhX2NObmdGNTlSZGwxdVJBU1JyNGRqMmxGYkVYckFHUGE1bHBhSnQ3Q0p5RVJlOTE2S0EyWFc5NzgycmF1NjdpZG5YdzY0YUdGZG1WNjdwUmtPUW1PZTd0bVZEN2hoRWhnMjJrSjVDa2JJeUIyZDlKVlFGelhpWlpDOVBSclY3TVJqNmdTaEtSamlqUVNyR2lJaENqLTNOUlA?oc=5
2026-07-31T17:42:20+00:00,Reuters (via Google News),False,True,"Tariff provisions could doom long-awaited Russia sanctions bill - Reuters",https://news.google.com/rss/articles/CBMiqAFBVV95cUxQQlJvR200aXhCM0ZuNS1hdkNxZmJ1SkFKTUtUbVRTaDJkMkxzWXZ3N1EtNHNLQmI0N3B5eTRLbEFNcTZoa3JfU3JYWWxoRGQ2ZWZDUEFlc1FQM2JOYTVDenNkTjRZcGNfRkRBU3BOVHZzXzU3WHFjQ19JalVCU1ZVWk5VZDE3MG55U2ZGaXRValg5NmktMTRJTlRyVVJ4OHVIYXRDSEtkOUo?oc=5
2026-07-31T20:14:00+00:00,Google News: Crude Oil,True,False,"Oil News: Hormuz Ship Counts Keep Crude Oil Futures Bid Despite Weak Demand - FXEmpire",https://news.google.com/rss/articles/CBMizgFBVV95cUxPWTZlZ09hbXVTWldaYlJwLVZ4VEFFdW5QaEtCdGhIcS1PcWYtRGVPRl9fS0c3cWxwNGJ6NDh1V3RHdW9NZ3Y5OUt2dmRHNl9OeE1iREV0V0VsNUpUTTFVT00tcFVJc092QXpPQ1R6eFF0cWpBUlV5MnlSeXJVYmFtT2o3ZzBSUFdnZXJvX1dwRjlRMHBKRF9OQzloVjBCMUQwc09WX0NnUnBDTktZVG1CcE02VHp3cUI1cDFmOUJDOXk3S1NoQnBWbnNFelUzdw?oc=5
2026-07-31T13:02:36+00:00,Google News: Crude Oil,True,False,"Saudi Arabia exports more crude oil than any other country and keeps spare capacity in reserve. Here are four reasons why Saudi oil is so important to the global economy. #dwbusiness - facebook.com",https://news.google.com/rss/articles/CBMi4AFBVV95cUxPZkw3RXFkN04wNTNsZkpWWnN6ZXNFR0l1aEVNY0JLa0I3Wm1Vb3JmOFF4a2xTdE5wTXViZ194QThNaEtuTXpaR1k0XzdlYW9pc0lEZ3dQLUV0b0ZMZFJVbmNrcmVnc3B5TUxzOFllWndRTnBrOFFHUkJkVzROcHptbXo5YTBYell6Y1lQNjAxLXdxd0d0TExoaUxUbGtBZGhtSXU1azFlSDJrM1V3S2c0ZXZTbE1HTU1wVlVrckNNMFRSN05ndndielJHY1NFWFlIWldjVmg0aWg0VzFlWFpndA?oc=5
2026-07-31T18:30:00+00:00,Google News: Crude Oil,True,False,"Brent Vigen on Montana State’s first two practices of fall camp - 406 Sports",https://news.google.com/rss/articles/CBMilgJBVV95cUxQRXQ4bno4NGdiUlBkOEFiUkJ5TE9HQ21LMUlnNzFtNG5Vb2E0WnpvOHhhLW42NWxQMV94X3hlY3BDX1lUbjhGNUNjLUdzMWoyVG9JN1NIeGt4TEFPZWpKTnozSjhkUDlWejY4MjNvSlVLek9jVVZOU0I3VUxBODVCQXh1emY1MGRmd1R5ejNyLXE0SWpkZk4zanFqNXFjRHRQNVNLQ3JTWmRDN2l3WFRiZHktSWZXS2t5cXJRazdTM0FCU053UGxvczBQdEFMRi1wSGF0WHNIcWxsQ0oxT0xzRXhqTV9MTGI3Z0hsMzNoSGE3bHZadENJeE1qTUQxR25LU1J2VnRpb3ViVWtNbjNvMmoxU3htZ9IBmwJBVV95cUxONEF3WnNTZUNOQ3lhbjdTMG1FSDZTZ1M2cGJlZUVTSGpVWm9oMnYzbmJxR2xCcDNOSVRkWmc0SHh4QXFaMlFJMnpzTlMwYVdoVWhjYjRfQWFTSE84ZXBsOGEtLTZ3azQ1c2F6aUhFdGkzVjNibmJGT2ZwUWNJWDdLTVI1bHl6MVh4YkdEQm90dXdpVWE4S3VVMER3dGtOOUJsWDBieWd3d0ZlblYyMk13QTk5YjlibFpHanM1WnlGMUxxY3B4S0VLTml1Mkl3M2NibVhyZTFFd3lQSHNXeU5HXzNtWURZek5RLVBuYjdiT1hXOEpkNGFmclNEZXJpQldlWEV6dmFCU0M2NHJLWjd0WXRQVUZOVG5NTEJz?oc=5
2026-07-31T13:11:13+00:00,Google News: Crude Oil,True,False,"Lull knocks 11% off Brent but EU pump prices still climb above two euros - IRU | World Road Transport Organisation",https://news.google.com/rss/articles/CBMiqwFBVV95cUxQYmN1a0NWUFFpYVdjZXBaLXgycVk1Zzh4YS01TGM5U0lEcVA2OVhLVGNYem1lUjQ1SXFPQ0NBcDRac0diQndzQ0R1NkY5cmpCamtPd19sU2pJdDBWYVU4X21KeXNhcmtlWGwwMTNBOFQydXd6UWpwYk9laW54bk8wSDVELVo2Z3BhdHVkRE1EejRJWVdaRVhzaDlXakcyTndHVFctN053WmZjSzg?oc=5
2026-07-30T19:14:09+00:00,Google News: Crude Oil,True,True,"Crude Oil Prices Drop on Increased Traffic Through Strait of Hormuz - finance.yahoo.com",https://news.google.com/rss/articles/CBMiowFBVV95cUxQbzQ4RHVyN0lTLUwxYWduNVlCdVdqRE5KdVY0Tm9PWEJWTHBiQVM5ZGI5LTFlaVM0N3RLbERTM0dPM05aZ0RSLWt2b2U2VFlHRVVEekdZbFVHblQ5YUxXM0pTYlZhaXlqMGlibEUxUVFqbERBSjlqTlZwUHNuQlNaWmk1TzJuZUo2UFJnSFVBeFRCZ0tWRzREd0lfSTZKYk1tSUkw?oc=5
2026-08-01T00:32:00+00:00,Google News: Crude Oil,True,True,"Crude Oil Retreats on Strait of Hormuz Traffic News; Yet Brent and WTI Set for 20% Monthly Surge - News and Statistics - IndexBox",https://news.google.com/rss/articles/CBMipgFBVV95cUxOckNqaHZOMjhGWm1tRklnQ0dUWExlWnZ4bWJWOFJsbUU5QXlqTmlwRUJxSkdoY0poYzB1ZUcyeDdFaW15a0t0Uzh4ZGdxRWlUdllYVi10cHFmWkVjRDRfZHl0WGh0NXU5c1pQczQxOXVhWkRRV1NycmFFamFhVXQzbW1vVkM1aWlzbDR4blI5eGlBc0dYVWJoeDVNVmtCMDFuV3FzckZ3?oc=5
2026-08-01T03:08:03+00:00,Google News: Crude Oil,True,False,"US Dollar Monthly Line Falls; Crude Oil Monthly Lines Surge Over 24%; LME Outperforms SHFE; Copper; Aluminum; and Gold Monthly Lines Close Positive [Overnight Market] - Shanghai Metals Market",https://news.google.com/rss/articles/CBMi_AFBVV95cUxON2RzWmxkU0dkbVhBdU1WS1ppVWdpWkNNakM0ZktUQ25oeHpmdVFxMzhpSXdObWN4c1ROY0kzaTVRa2t2aWJrcnphcUhJV25BWVFXR3JreGFRR1U2ZWUyanZVeWlrdHBmNWN5MG5YSGlzdkVVb3QzNW9vc01tTGZ0akoycjJkcVgxZDJsX2ZRUzdwUWVadDlKNkdFMVo3ak9MWG5wSjYxWlFNUnFuM3F0NzhsVGVtTmRLS1I5SFluUnpUcHdJWi15MWxMaHNNSzFYUFQxcW40S3BFLVM3dU1QU1NVTGl3dENwcnhVWDdZYXQxMnV3NkFfV1p4S1g?oc=5
2026-08-01T00:32:00+00:00,Google News: Crude Oil,True,False,"Oil Surges 7% on US-Iran Hostilities; Fed Decision in Focus - IndexBox",https://news.google.com/rss/articles/CBMikAFBVV95cUxNVU9HeEN2aU1YdVFrTXlUM2ZpOEVFUEp6T2tuV1FjTXc4SENvenVaczV0V0g3Y01UVEUxU2ZTZ0h1a0w1WUhXaHZ0dWF1SUJUVDl1VzlTU1A3c012YS1Xd3ZnSXNHNVREMGJjTk1HbVBfTGdDMEhEdUctVzcyakkyX184Y0Ffb1pmM2xKbVhpVEw?oc=5
2026-07-27T07:00:00+00:00,Google News: Crude Oil,True,False,"Larry Brent Snapp Obituary Jul 27; 2026 - Horan & McConaty Funeral Service and Cremation",https://news.google.com/rss/articles/CBMiXkFVX3lxTE43X0taejNPa0dDbHVtRXBYT1ljVmp0eGJXTjhlSTEzMWFWb1A5XzB5Ty1VYUJUVzFSaGU1akdMb0ZfUUd6eGVIbTExajZ3NmNtS3lPYzZyYVhSNERncUE?oc=5
2026-08-01T02:01:08+00:00,Google News: Crude Oil,True,False,"Daily Brief United States: Crude Oil; American Tower; 6 d global technologies; Energy Recovery; Moleculin Biotech ; Autozone Inc; BioStem Technologies ; Braveheart Bio; Attovia Therapeutics; Beneficient and more - Smartkarma",https://news.google.com/rss/articles/CBMi1AJBVV95cUxNbjU4a3VNWjhSdTRLTjlBQW1PcnUyckRrZ3RNM1dRZzNWaWxKSDZZdk5QNXJ0c0FweWtWNV9TNl9sYkpsSVlxaFBTLVpYYlptT1pnbGVudXJCc3plbG9LMWhQS0NBX0d0YUdGNFJZdWVUNHgxUXRhdHZGcjNkbjJ4aUQ0OFlOcWhBcU1LUEpXbW1KOUtJZXItQk9CWUQ0RGRXQzJGcUFrSXVVVGpRZlFNUmE3c2JLNnBUd3BiMmxYV3hmR3Z3cHg5ZjlrQ1J5REZqck1nUVZFVTBNUkd2eUZHZGltems1YktLVTh5enpQb0JYRHIzbG5qTUUzQzJjQXJ2aC1ZalkwMmRmZEFhcE43UXVzbTNsd1FLOVRPd080cVNFYkcwYzN3S3J6eWZlNXpKZm9HcDJ2em5RSVFCYWpiWk5sc0QtRERCdWlRXzdqLTNHWXg4?oc=5
2026-08-01T00:01:10+00:00,Google News: Crude Oil,True,False,"Leaders of Korea; Argentina agree to energy supply chain cooperation in summit - koreajoongangdaily.com",https://news.google.com/rss/articles/CBMixgFBVV95cUxPWW9TUEZwMlZlX0VSeEhGVnRiRzVoSnFCUi1PMllCWHVqQVJWeTNxR05qV3RwMWQwTldkTVd2b0drTDBOV2EwQzAyZlhST2ZtYnJXTnlzWllLdFMyS0daS1pCamRRQUZrSzZGQVNxaVFQQzNDcS1FTzFSYzQtSWpZS0xnQVZOOTVmMnYwVTlicnJJWWJFN2VLRXdDTzVSYk5CaGU1cjRkU2x0RnBkcUozT1YtVjAtQ1JQYkdvT1NUMGpjREZQcGc?oc=5
2026-07-05T07:00:00+00:00,Google News: Crude Oil,True,False,"OPEC+ approves further oil output increase as Hormuz exports start to recover - CNBC",https://news.google.com/rss/articles/CBMijAFBVV95cUxNS2hIVlN3T2xXekl4NzRBN0xWcE8yVnZoMkJEUWRFc2lDLWhSUjVaLXFLbTJhWWc1dzY0YlJaUXVtQ2FmRXdPZGJtSzJ3SnJWM1REVWhvVGNjRHF2T1FEaG1fNHJGR2VuWktvVHNZNFpkbHhRODVBSllaaGNCV1Y4cUdOaFVDcFZqTWNXVtIBkgFBVV95cUxNaV9JVVVaUGRVTXFFSFVBdWZDLUwxcjl4dTJIb21CZFRCX2prVndxLVV6RVphUzFhSlRFRzNJQlRXb0h2WW9reUtsaS1iVDNMMG9LUWZsdEhYN2gzLUwtM1JYaVVScnk0STlyMHl1emRJU0k4dE1SZnB5VXVkM3pyYXNBZGtzaVdSOGpMejBjRTlKQQ?oc=5
2026-07-22T18:57:03+00:00,Google News: Crude Oil,True,False,"Commercial crude oil inventories increased by 2.0 million barrels - eia.gov",https://news.google.com/rss/articles/CBMiY0FVX3lxTFBsd0NTVFhmRHlycjdsTm9nb05jLXRSaG9mWjV4V1VlNnhHYjlmeTl0UkhjVjA5alBDODZqc1NLSzQzOUNVY2tTMXYxRUZ1ZFNja0lJbVJuV3FhVjBqRGNsbGNuUQ?oc=5
2026-05-03T07:00:00+00:00,Google News: OPEC,True,False,"OPEC+ agrees third oil output quota hike since Hormuz closure - Reuters",https://news.google.com/rss/articles/CBMixgFBVV95cUxPVDd4Y0FGSVFkY1NjbFBmd0V5Q01udExuM2l6MjhFWXBzOWJBZU04dnExbzJ6S001ckRnRThWd2dKODNuUnhKRVViWXdEdEFNZlJPbEJYOUlEYWxPSkVIRzgyeXlsMzNCTjNSME5GNEFfcUVNMlk2a2J1SzJ6MHk0dXNvdE1SeDJVSm5MblRZcWVueHV1UTFIR2lnSjdTb01MMlBmclhteFk3ZDN0SHc0TjVlNmVJYkpnWHNnYTF5VGNZRnpwclE?oc=5
2026-06-17T07:00:00+00:00,Google News: OPEC,True,False,"UAE Oil Output Seen Topping 5 Million bpd After OPEC Exit - Pipeline and Gas Journal",https://news.google.com/rss/articles/CBMimgFBVV95cUxQLXE1NFY5OUFzUGhNNGdVQndDYnlfOUUwTkxHbVJiOXQxcTRpdEVaemRwZnRSZm8zcXpYRFpSQUxfR25tV2ZiYmpYdnBQbTZrc0dYeHc3ckNuSTFSbUotaFZyNDJrT1k0MXpldG1hdlpQajYzZTJZQjVhaHdncmhFaWEtcnQtdXdaTXN3VVVOb1JGZ0o3R0IzaUJR?oc=5
2026-08-01T05:42:31+00:00,BBC World,False,False,"Fifa scraps controversial World Cup investment plan",https://www.bbc.co.uk/sport/football/articles/czekr6kn58po?at_medium=RSS&at_campaign=rss
2026-08-01T05:01:56+00:00,BBC World,False,True,"Israeli West Bank settler tells BBC attacks on Palestinians are justified as revenge",https://www.bbc.co.uk/news/articles/c4g4djgdyk2o?at_medium=RSS&at_campaign=rss
2026-08-01T08:24:09+00:00,BBC World,False,True,"Russian strikes on Kyiv kill at least nine; Ukraine officials say",https://www.bbc.co.uk/news/articles/ce973yvk7pko?at_medium=RSS&at_campaign=rss
2026-07-31T23:58:12+00:00,BBC World,False,False,"India's 'cockroach' protesters have wounds consistent with pellet-gun fire; say experts",https://www.bbc.co.uk/news/articles/c74gwvygkjdo?at_medium=RSS&at_campaign=rss
2026-08-01T00:20:43+00:00,BBC World,False,False,"Trump administration drops Reflecting Pool vandalism charge and admits 'botched' repairs",https://www.bbc.co.uk/news/articles/cz05yx5dd7yo?at_medium=RSS&at_campaign=rss
2026-07-31T23:41:10+00:00,BBC World,False,False,"Death row inmates desperate to escape execution in Saudi Arabia call the BBC",https://www.bbc.co.uk/news/articles/c80nkgdnl4no?at_medium=RSS&at_campaign=rss
2026-08-01T00:04:26+00:00,BBC World,False,False,"Infantino on the brink? Who might replace him if he goes?",https://www.bbc.co.uk/sport/football/articles/c998m4ve0rpo?at_medium=RSS&at_campaign=rss
2026-07-31T23:42:32+00:00,BBC World,False,False,"How police in US are using the power of podcasts to crack unsolved murders",https://www.bbc.co.uk/news/articles/cpw9q0ekd9eo?at_medium=RSS&at_campaign=rss
2026-07-31T21:09:39+00:00,BBC World,False,False,"Greyhounds bound for Australia as New Zealand racing ban takes effect",https://www.bbc.co.uk/news/articles/c5y62pe9g3no?at_medium=RSS&at_campaign=rss
2026-08-01T02:44:09+00:00,BBC World,False,False,"Watch: Why Fifa dropped plans to sell stakes in the World Cup",https://www.bbc.co.uk/news/videos/cvgj0vldr1mo?at_medium=RSS&at_campaign=rss
2026-07-31T23:20:35+00:00,BBC World,False,False,"What we know about the Pakistan avalanche and missing climbers",https://www.bbc.co.uk/news/videos/c8rny08xnpyo?at_medium=RSS&at_campaign=rss
2026-08-01T07:33:33+00:00,Al Jazeera,False,False,"FIFA World Cup plan fallout: AFC reacts as Infantino scraps investment push",https://www.aljazeera.com/sports/2026/8/1/fifa-world-cup-plan-fallout-afc-react-as-fifa-scrap-investment-push?traffic_source=rss
2026-08-01T04:39:22+00:00,Al Jazeera,False,False,"Protesters detained at rally in support of Pakistan-administered Kashmir",https://www.aljazeera.com/video/newsfeed/2026/8/1/protesters-detained-at-rally-in-support-of-pakistan-administered-kashmir?traffic_source=rss
2026-08-01T04:36:10+00:00,Al Jazeera,False,False,"US drops charges against Olympian for damage to Reflecting Pool",https://www.aljazeera.com/video/newsfeed/2026/8/1/us-drops-charges-against-olympian-for-damage-to-reflecting-pool?traffic_source=rss
2026-08-01T03:52:25+00:00,Al Jazeera,False,False,"Peru’s ex-president Humala released after conviction overturned",https://www.aljazeera.com/news/2026/8/1/perus-ex-president-humala-released-after-conviction-overturned?traffic_source=rss
2026-08-01T03:33:38+00:00,Al Jazeera,False,True,"Yemen’s Houthis deny plan to charge ships transiting Red Sea",https://www.aljazeera.com/news/2026/8/1/yemens-houthis-deny-plan-to-charge-ships-transiting-red-sea?traffic_source=rss
2026-08-01T03:21:52+00:00,Al Jazeera,False,False,"Is Israel really ready to withdraw from Gaza?",https://www.aljazeera.com/news/2026/8/1/is-israel-really-ready-to-withdraw-from-gaza?traffic_source=rss
2026-08-01T03:18:29+00:00,Al Jazeera,False,False,"Liberia’s kush crisis: The hidden trade behind a generation at risk",https://www.aljazeera.com/news/2026/8/1/liberias-kush-crisis-the-hidden-trade-behind-a-generation-at-risk?traffic_source=rss
2026-08-01T02:06:00+00:00,Al Jazeera,False,True,"Russian missile attacks kill at least nine in Ukraine’s Kyiv",https://www.aljazeera.com/news/2026/8/1/russian-missile-attack-kills-three-in-ukraines-kyiv?traffic_source=rss
2026-08-01T01:55:27+00:00,Al Jazeera,False,False,"US military says F-35B jet fighter crashes in California; pilot safe",https://www.aljazeera.com/news/2026/8/1/us-military-says-f-35b-jet-fighter-crashes-in-california-pilot-safe?traffic_source=rss
2026-08-01T01:10:58+00:00,Al Jazeera,False,False,"Why has Infantino scrapped FIFA’s World Cup investment plan? What to know",https://www.aljazeera.com/sports/2026/8/1/why-has-infantino-scrapped-fifas-world-cup-investment-plan-what-to-know?traffic_source=rss
2026-08-01T00:48:37+00:00,Al Jazeera,False,True,"Israel launches attacks across Gaza one day after Hamas agrees to disarm",https://www.aljazeera.com/video/newsfeed/2026/8/1/israel-launches-attacks-across-gaza-one-day-after-hamas-agrees-to-disarm?traffic_source=rss
2026-08-01T00:02:37+00:00,Al Jazeera,False,False,"Trump administration to dismiss Reflecting Pool charges against David Hearn",https://www.aljazeera.com/news/2026/8/1/trump-administration-to-dismiss-reflecting-pool-charges-against-david-hearn?traffic_source=rss
2026-07-31T23:59:40+00:00,Al Jazeera,False,True,"Iran war live: Trump threatens strikes; Iran says it has a plan to respond",https://www.aljazeera.com/news/liveblog/2026/7/31/iran-war-live-iran-says-it-has-a-plan-to-respond-to-any-us-attacks?traffic_source=rss
2026-08-01T06:52:42+00:00,CNBC World,False,True,"Iran's overlapping power centers make ending the war more complicated",https://www.cnbc.com/2026/08/01/iran-ceasefire-power-structure.html
2026-08-01T06:58:41+00:00,CNBC World,False,False,"Building for 131°F: Europe races to protect its infrastructure from a ‘quiet catastrophe’",https://www.cnbc.com/2026/08/01/europe-extreme-heat-climate-change-55c.html
2026-08-01T00:33:29+00:00,Guardian World,False,False,"Bessent ‘to-do’ list shows proposal for US to buy $5bn-$10bn of Japanese yen",https://www.theguardian.com/us-news/2026/jul/31/scott-bessent-japanese-yen
2026-08-01T06:12:27+00:00,Guardian World,False,False,"First Australian mass mortality event suspected as deadly bird flu virus rapidly escalates among native birds",https://www.theguardian.com/world/2026/aug/01/first-australian-mass-mortality-event-suspected-as-deadly-bird-flu-virus-rapidly-escalates-among-native-birds
2026-08-01T02:22:49+00:00,Guardian World,False,False,"Petrol prices on track to top $2 a litre as Bowen sounds death knell for fuel excise relief",https://www.theguardian.com/australia-news/2026/aug/01/petrol-prices-on-track-to-top-2-a-litre-as-bowen-sounds-death-knell-for-fuel-excise-relief
2026-08-01T00:00:37+00:00,Guardian World,False,False,"Adani to pay no company tax despite $1bn revenue from Queensland coalmine",https://www.theguardian.com/business/2026/aug/01/adani-to-pay-no-company-tax-despite-1bn-revenue-from-queensland-coalmine
2026-08-01T08:37:28+00:00,Guardian World,False,True,"Zelenskyy warns of low air defence supplies after Russian strike kills nine in Ukraine – Europe live",https://www.theguardian.com/world/live/2026/aug/01/ukraine-russia-zelenskyy-spain-france-wildfires-climate-heatwave-ceuta-morocco
2026-08-01T07:00:45+00:00,Guardian World,False,False,"EU relations; climate crisis and Gaza: why Ed Miliband is fired up by Foreign Office challenges",https://www.theguardian.com/politics/2026/aug/01/eu-relations-climate-crisis-gaza-ed-miliband-foreign-office-challenges
2026-08-01T06:00:45+00:00,Guardian World,False,True,"‘A symbol of resistance’: the fight to save treehouse built on no man’s land next to Berlin Wall",https://www.theguardian.com/world/2026/aug/01/fight-to-save-treehouse-berlin-wall-germany
2026-08-01T05:00:44+00:00,Guardian World,False,True,"The final hit: Is Glasgow’s 25-year gruesome gangland feud finally over?",https://www.theguardian.com/news/ng-interactive/2026/aug/01/glasgow-25-year-gruesome-gangland-feud-finally-over
2026-08-01T05:00:43+00:00,Guardian World,False,False,"Noma restaurant prepares to reopen under new leadership after abuse allegations",https://www.theguardian.com/world/2026/aug/01/noma-restaurant-reopens-new-leadership-abuse-allegations
2026-08-01T03:51:36+00:00,Guardian World,False,True,"Singapore bans Massive Attack for showing Palestinian flag; breaching ban on foreign emblems",https://www.theguardian.com/music/2026/aug/01/singapore-bans-massive-attack-for-showing-palestinian-flag-breaching-ban-on-foreign-emblems
2026-08-01T08:00:47+00:00,Guardian World,False,False,"Knickers in a twist: why M&S selling crotchless panties isn’t as outrageous as it seems",https://www.theguardian.com/business/2026/aug/01/marks-and-spencers-ann-summers-lingerie
2026-08-01T07:00:47+00:00,Guardian World,False,False,"‘MPs have had their stomachs pumped’: concerns over ‘alcohol-soaked’ culture in Westminster",https://www.theguardian.com/politics/2026/aug/01/mps-stomachs-pumped-uk-parliament-alcohol-culture-report
2026-08-01T06:00:45+00:00,Guardian World,False,False,"Turn failing water firms into not-for-profit cooperatives; MPs and mayors tell PM",https://www.theguardian.com/business/2026/aug/01/turn-failing-water-firms-into-not-for-profit-cooperatives-mps-and-mayors-tell-pm
2026-08-01T06:00:44+00:00,Guardian World,False,False,"The tangled financial web at the heart of Reform UK",https://www.theguardian.com/politics/2026/aug/01/tangled-financial-web-reform-uk-nigel-farage
2026-08-01T05:00:45+00:00,Guardian World,False,True,"‘Proteinmaxxing’ could lead to higher prices for infant formula; say experts",https://www.theguardian.com/business/2026/aug/01/proteinmaxxing-could-lead-to-higher-prices-for-infant-formula-say-experts
2026-07-31T19:26:11+00:00,Reuters (via Google News),False,True,"Serbia secures US sanctions waiver for its Russian-owned NIS oil firm; energy minister says - Reuters",https://news.google.com/rss/articles/CBMiwgFBVV95cUxPcTliVXBVSUxXVHFyV21yWU5EdjUwMDJ2WGtHWkVKNHZJRFBlSFMyazZNUEZIMFQtRjY0TUttODZGMFpsaWY2T0ttb3o3clphXzBMR0RrdGpkQUIzb2tRektLRnVqaHBFTmd1WVlhX1pIRjgydnJwX05JbG8wVkM5MUZST0NtZFVSVlJmb3hLZ3MxbXNmcWp1Tml0bGtCbjNFZkViS1hSUFNiaHdaRmVVVXlHTDlzTlhnVnhWelFrbF9qdw?oc=5
2026-08-01T03:29:00+00:00,Reuters (via Google News),False,False,"UKMTO reports two tanker incidents off Oman - Reuters",https://news.google.com/rss/articles/CBMikwFBVV95cUxPTnUzTS16X1VtV0ZDQ3FkZENqY1RCbTZrN05WcFpTSFNYT2FEVG5PdTZCaklocGFNWmdpYkhVQWVnZVcyeGhSeTBhVjdVeDFRM3doNHdrX29BWXJpN0lTVFFjTms0SkpZbmNhaXpTSl9IYU13U2YweFNiOGFOby1UX1lZUnBaZEhNUFVYeFpMcy1yaGc?oc=5
2026-08-01T12:14:50.586203+00:00,Investing.com Commodities,True,False,"Bitcoin slips to trade above $63;000 but records 7.5% July gain",https://www.investing.com/news/cryptocurrency-news/bitcoin-slips-to-trade-above-63000-but-records-75-july-gain-4829579
2026-07-09T07:00:00+00:00,Google News: Crude Oil,True,False,"The United States produced more crude oil than any other country in 2025 - U.S. Energy Information Administration (EIA) (.gov)",https://news.google.com/rss/articles/CBMiY0FVX3lxTE82NS1OdDJua20tMDFNQjhYZkN1SnEwWWNkUkpqSHJCT2pmenNNcm9SWUxMOGZabzh2OEFySktoQ1NGMWNadWhGM3dRSTRKMi1UZXhYX2NHRUNpRWVPYWFSdjlLdw?oc=5
2026-07-17T07:00:00+00:00,Google News: Crude Oil,True,False,"A's DH Brent Rooker undergoes season-ending knee surgery - ESPN",https://news.google.com/rss/articles/CBMiqwFBVV95cUxPdUt1S21IVnQwV2tCUUM1V2YzZFQyNktlV3IxeGhlelJKaG1SWDlkckFDUTFwWnpwbWZnZ2RvQ29BMktONXVGSHB0X0daS0t0dEVJRlNBTFQwbGZqcnpiMmxYWUJ0MEk5MkxHTjVtSzV1QXgtY0ZRLUpiT1A0emZLUmFtaWpFQndqWVp4R1ZjQU83V1hVakJSQ3NaYkc2MEhVRW1LREVNY2xEY3c?oc=5
2026-07-30T07:00:00+00:00,Google News: Crude Oil,True,False,"$Crude Oil Futures (SEP6) (CLmain.US)$ Likely another huge draw on 5 Aug report - Moomoo",https://news.google.com/rss/articles/CBMisAFBVV95cUxOcVVvZ3pHRGI4SFN0U05sTXNFS25sQ0RlS25Rb0p4V3JJXzVwN1dyZGpka2htSlYtSXNaems3UVNNTmZIRVNKajB4YURDaGdKV1A5SFIwTEFNUXM0SmlwVGhnRHJIQ0gtLTlseDBTSEwxUjRiTFNTUFl1TGJJWVBqQThJcy1FUk5aS0Z4ZzZkS0pOTTlpWmxMeDdmeUhRUEtDM0w2MHVYREFaV19qX2RkdA?oc=5
2026-07-07T07:00:00+00:00,Google News: Crude Oil,True,True,"Oil prices jump more than 4% after Trump threatens to bomb Iran and reimpose naval blockade - CNBC",https://news.google.com/rss/articles/CBMifEFVX3lxTE1jeDRpOERtcVZVVzR6d2gyVzdlRzZwV0dnV25fcTBFTXNkUkJpV0ZJbG4xMUNPUTUteTFMakRJdC1ZX1I1LTBMOEw0MHBqUzdJbUt3dFJMRUw2MnBEUFdmTDJmLU1sdU1uczJxNjluZXhLaWJSXzhKZ1RYSG7SAYIBQVVfeXFMTThTc201Q3RfZWVMYUtkX21SaEJRWFhsNHBOWTE2WDZ5UEVFMHdrSURjYWtjckRhSDBZTEZPY1ctUUtwUy1QRUxrM1RHQlQyWXhsY0NBbEZjcXRZeDhKS0VRN0llU3MyOFhMNlBIazk5RHVtbVBjSmpCVEVjUmhfZG54dw?oc=5
2026-08-01T11:00:00+00:00,Google News: OPEC,True,True,"OPEC+ may keep lifting its oil output quotas as the Iran war broadens. Why that won’t help lower prices. - marketwatch.com",https://news.google.com/rss/articles/CBMi2wFBVV95cUxNaE9JLWlUd1YwVFB3aF83NWtBQ2tET0szVVRHM2lfcFFramJNRURjN0hiUHppTXI5aGVHVG9Gd3pRUHFoV1VpMUY5TVVxMTlnSFRsSzdLTEtrM3hIb0JFY1RXV1B5dDJRdDRKS0Z4cmZ2NTlmc19kV1lCZkRDRndlZEo2VTRaRlByVHpZVWVHU1RaUTFhejdkZWhjRUk5cXJ1dm5FSmpSd3JrLUNGWGVCa2JpeW9SMm4ydjZKXzhyVjcxY3paYlljbVRyRUN4dnRxOGN3b3YzOWVWcHM?oc=5
2026-07-05T07:00:00+00:00,Google News: OPEC,True,False,"OPEC+ Approves Further Oil Output Increase - ASHARQ AL-AWSAT English",https://news.google.com/rss/articles/CBMijgFBVV95cUxQNEU4bGdDY2xnckJhbmtjVkxCRFNrSGxyVnQ0bHMweUp3amRnUW1DUWM4dVNUVENrZ044N0hMZ0NFd1JVdmlhcjItcjVyUm1aWlRoSzBrUHROVEdlYVBxRVVqWXE4Sy1DbEVWaXdqY0EyM2ZGSEpHcFpnNzlsZ3RKejh0UzExYW1tMkVpcVB3?oc=5
2026-07-05T07:00:00+00:00,Google News: OPEC,True,False,"7 OPEC+ countries agree to expand monthly oil production modestly as prices slide - BNN Bloomberg",https://news.google.com/rss/articles/CBMi5gJBVV95cUxOMUpVeURYYTZ1bVZhemdsRnd0dTJ4ZHczUm4xOVJBM1FhNXpVRHFlb1FEUGt1QlU2S1MyRUxkaWlKNUd0MHN2TXFzLTNNZkozMThkanZHZUtOSkVjeVkxNUJNX0pGb1cxay1hNnJFNmlIR2otYWxGRWY0anhtbVphNVlXQlpGYzZHX0VvWFNvamtJT19Sekh4a29kUTVkNV85RkJVckVaM1FuejdWNk12LTdCYWtlOEZzWHVIMG5kZjJhN0VQNURadU1jbVFpN0ZWV1FxeFJldFBlV0lxRGpyc2lKNnZHMEFFWmxnZHJxYVVNY2hkNUhUYnNZNDQ0RS1PYlcwRjZiTG80bkdrNU9xRGpCWURfRzB6aTNTMWZMeVd3Y3lfbm01QWI1N2luRVo2eGZkMUxmZlpEaEJQWWF2dXJnWmxOOGpHWkNVMTBHeG9HdWhPbFdfd2pFS1ZGbGVSX2o0NVFB?oc=5
2026-07-06T07:00:00+00:00,Google News: OPEC,True,False,"OPEC+ agrees to increase oil output again - engine.online",https://news.google.com/rss/articles/CBMiggFBVV95cUxQMVFtYzl0X3d2b1J1SEdlMndRRVhhZHA0a2hkdTkyS2JRRm85REZLTmxvcEVLYU8tM25Dbkw5R29LLWlGbmdMWERvWUpfdWhDdlJ5VXBFVnFPZGprd2pINXhXX05BQlg0VDlCTVFzMlFhYkxPdzJyejVDSl85QVFwNDd3?oc=5
2026-06-05T07:00:00+00:00,Google News: OPEC,True,False,"OPEC Output Plunges Further as U.S. Squeezes Iran - Transport Topics",https://news.google.com/rss/articles/CBMia0FVX3lxTE9WTlFDTzVxYU5nZjhBVGV6OVNpeVVUdjZveE9ESzdkYi1OazhJUzI2VzloZmpnbWZlcWFXOGxVa2FzZlUyU0ZScEsxc2ZmbGFKVUdJcEVNWkhaWHdCbTM2U2pqTHRZaGZpSkFJ?oc=5
2026-07-06T07:00:00+00:00,Google News: OPEC,True,False,"Oil slips after OPEC+ agrees to raise output targets - The Standard (HK)",https://news.google.com/rss/articles/CBMiqAFBVV95cUxNVnowaFl5SmtKTjd5VDdmZXdHcWhuaUhsMFJ3dzVvMjZyZDV4dEZEQU5VWi1xdzdsZlBQQ3hDYTVHbG1uejV0TVNUdjYyeEtqZmpabXJreFZJZmJ5LWVuVlR3X2lXSDlKNlNxeEdyQmQ1RFZHN256dEZhYkIzSXAtbFRjTGhIWHJ3Vkc3RVRKenVrV2VnUnlxYW9GbmlsVGpLM0pJN003aXM?oc=5
2026-08-01T11:00:05+00:00,BBC World,False,True,"Spain attacks 'selfish' response of some EU countries to Ceuta migrant crossings",https://www.bbc.co.uk/news/articles/cx2v91xn1z9o?at_medium=RSS&at_campaign=rss
2026-08-01T09:51:05+00:00,BBC World,False,False,"Uefa has 'lost confidence' in Infantino's Fifa leadership",https://www.bbc.co.uk/sport/football/articles/c04kr2nv3v3o?at_medium=RSS&at_campaign=rss
2026-08-01T11:30:00+00:00,Al Jazeera,False,False,"Vanishing forests: Why is the Philippines failing at reforestation?",https://www.aljazeera.com/video/101-east/2026/8/1/vanishing-forests-why-is-the-philippines-failing-at-reforestation?traffic_source=rss
2026-08-01T11:29:41+00:00,Al Jazeera,False,False,"Spain says migrants in Ceuta have returned to Morocco",https://www.aljazeera.com/video/newsfeed/2026/8/1/01-08-sv-ceuta-migrants-returned-es?traffic_source=rss
2026-08-01T11:21:32+00:00,Al Jazeera,False,True,"Trump mimics sound of Patriot missile interceptions",https://www.aljazeera.com/video/newsfeed/2026/8/1/aje-onl-nf_01-08-trump-jordan-missiles-clip-010826?traffic_source=rss
2026-08-01T11:08:17+00:00,Al Jazeera,False,False,"India’s Modi says he forgives students who abused him in Cockroach protests",https://www.aljazeera.com/news/2026/8/1/indias-modi-says-he-forgives-students-who-abused-him-in-cockroach-protests?traffic_source=rss
2026-08-01T10:38:41+00:00,Al Jazeera,False,False,"Omani legend; US novice: Pakistan recovers bodies from Broad Peak",https://www.aljazeera.com/news/2026/8/1/omani-legend-us-novice-pakistan-recovers-bodies-from-broad-peak?traffic_source=rss
2026-08-01T10:30:00+00:00,Al Jazeera,False,True,"Iran: The Making of a War",https://www.aljazeera.com/video/featured-documentaries/2026/8/1/iran-the-making-of-a-war?traffic_source=rss
2026-08-01T10:05:45+00:00,Al Jazeera,False,False,"Infantino’s World Cup crisis: UEFA has ‘lost confidence’ in FIFA leadership",https://www.aljazeera.com/sports/2026/8/1/uefa-welcomes-fifa-world-cup-standdown-after-voting-to-boycott?traffic_source=rss
2026-08-01T09:47:39+00:00,Al Jazeera,False,True,"Iranian Kurdish parties in Iraq face a delicate balance amid Iran attacks",https://www.aljazeera.com/news/2026/8/1/iranian-kurdish-parties-in-iraq-face-a-delicate-balance-amid-iran-attacks?traffic_source=rss
2026-08-01T09:42:50+00:00,Al Jazeera,False,False,"Beneath Tunisia’s silence; public anger simmers",https://www.aljazeera.com/news/2026/8/1/beneath-tunisias-silence-public-anger-simmers?traffic_source=rss
2026-08-01T09:19:47+00:00,Al Jazeera,False,False,"Sri Lanka sentences two officials to death for not stopping Easter bombings",https://www.aljazeera.com/video/newsfeed/2026/8/1/sri-lanka-sentences-two-officials-to-death-for-not-stopping-easter-bombings?traffic_source=rss
2026-08-01T10:56:11+00:00,CNBC World,False,True,"Tankers near Oman come under fire as Iran threatens to choke off shipping routes",https://www.cnbc.com/2026/08/01/tankers-near-oman-come-under-fire.html
2026-08-01T11:49:48+00:00,Guardian World,False,True,"Spanish PM calls for urgent EU meeting after ‘selfish’ responses to Ceuta crisis",https://www.theguardian.com/world/2026/aug/01/spain-pedro-sanchez-calls-for-eu-meeting-ceuta-border-crossing
2026-08-01T10:07:05+00:00,Guardian World,False,False,"Boxer secures Tuvalu’s first Commonwealth Games medal without winning a bout",https://www.theguardian.com/sport/2026/aug/01/boxer-tarona-taafaki-secures-tuvalu-first-commonwealth-games-medal-without-winning
2026-08-01T10:26:22+00:00,Guardian World,False,True,"Scores injured as earthquake hits near Naples in seismic swarm",https://www.theguardian.com/world/2026/aug/01/scores-injured-as-earthquake-hits-near-naples-in-seismic-swarm
2026-08-01T11:00:51+00:00,Guardian World,False,False,"On the ground in the English seaside town rightwing influencers say is being ‘invaded’",https://www.theguardian.com/uk-news/2026/aug/01/on-the-ground-dover-rightwing-influencers-invaded
2026-08-01T11:00:50+00:00,Guardian World,False,False,"Colorado declares town abandoned amid water and leadership crisis",https://www.theguardian.com/us-news/2026/aug/01/hartman-colorado-town-abandoned
2026-08-01T10:00:50+00:00,Guardian World,False,False,"DoJ appears to ignore New Mexico deadline for key Epstein ranch files",https://www.theguardian.com/us-news/2026/aug/01/doj-new-mexico-epstein-documents
2026-08-01T10:00:00+00:00,NPR News,False,True,"Lebanese who fled the Israeli invasion visit to see what's left",https://www.npr.org/2026/08/01/nx-s1-5910555/lebanon-israel-war-hezbollah
2026-08-01T09:36:05+00:00,NPR News,False,False,"Death toll in Spain border crisis reaches 67 as tens of thousands cross back in to Morocco",https://www.npr.org/2026/08/01/nx-s1-5916271/ceuta-spain-border-morocco
2026-08-01T08:25:43+00:00,Reuters (via Google News),False,False,"Indian Oil Corp boost spot oil buy amid Middle East crisis - Reuters",https://news.google.com/rss/articles/CBMirwFBVV95cUxOZmhETVVqT19SNzdXMlRrOU13NzRYOHRrTzVwZ0RjSWhvaTRDeUM3WGt4Q2FqSF9Gd1BuSE5XWkM3OGt3M1Y5QXBwbk5ZdDR5c05xc3pQNTBsRW1KV1dFSFFGazhJR0ZVLUVpa0NiMzdqQmx6S1A1aktjb0NZR096a1FCd280eFZHX0hWNUJ0WWVIVFp6V2FMeThHeEk4MzZMVV9tUldaM1UzVWJwRy1z?oc=5
2026-08-01T15:00:00+00:00,OilPrice.com,True,False,"The Bank of England Is Moving Away From Coal",https://oilprice.com/Energy/Energy-General/The-Bank-of-England-Is-Moving-Away-From-Coal.html
2026-08-01T12:00:01+00:00,Rigzone,True,False,"UAE to Overhaul How It Prices All Crude Oil",https://www.rigzone.com/news/wire/uae_to_overhaul_how_it_prices_all_crude_oil-01-aug-2026-184272-article/?rss=true
2026-08-01T12:13:25+00:00,Google News: Crude Oil,True,False,"UAE to Overhaul How It Prices All Crude Oil - Rigzone",https://news.google.com/rss/articles/CBMiqAFBVV95cUxPUTJCbkttM2V6Wl9zeUx3VUZRSlU5eGFFdmhMaWk5VkE5T0pVcXNLQTU1OXFJSnRfSkgtVS10cGV6VTJnZDhWSHNpM2d2OVBSWktpNThtdEd2UU00UGFTRnAwUHlOcVFKNllmWVA0OEZQWlBsVTRsamdBcVYxQ1JLX29QQ1cteXotMEdqWjZfR1ROLXZybWkybHZXeTBuLUdEYy1pYVZnWTk?oc=5
2026-08-01T15:42:33+00:00,Google News: Crude Oil,True,False,"Storage data shows oil inventories are near tank bottoms - Midland Reporter-Telegram",https://news.google.com/rss/articles/CBMiigFBVV95cUxQV1ViNWxwZ1J2VUN2RmstVWxZbEVZSzJMZDFYLTZhVWhkOTEtdmNDTWdZV0NZV2pwTDVpRnd4b0VJMEpqZE1tYkdOaVAwbTNIbjhMOTRid05PdXFzRXVDanZSWEtSdmFnUmFsNDdpekZqVTVIblgxZGNEbE0tbWVkZUpqOC1EZVdjc0E?oc=5
2026-08-01T14:00:00+00:00,Google News: Crude Oil,True,False,"Brent Headrick enjoys week of hometown love amidst career-best season - Shaw Local",https://news.google.com/rss/articles/CBMivgFBVV95cUxOenZadFd6V2hBbU83QjlNbUtYb0pVZWJLREt3WGxINjJJMnkzTTVMVjdTX2JXbUYtVGg1Sk9ray05MkdILWJMLWFBekZ0LVdFSlNJa1dJSEFBS04yNERaN1I3NWx5T2Y1d2hVUFRhV0IyOHVqNTU5Z015dU4zY1VHa2NDa1hQZGRhZDBDR0FlUkcyelpMNHlkVldXZ3lZUlE5dHJCYXpnZTRTVDNCaHp3Mm9wbjJKSUdQWHNMUEVR?oc=5
2026-08-01T15:00:00+00:00,Google News: Crude Oil,True,False,"ON THIS DAY | 08.01.25 | OU's Brent Venables evaluates his head coaching: 'Probably get better at everything' - Tulsa World",https://news.google.com/rss/articles/CBMilAFBVV95cUxQQXpiMEtVbGZIR0Z2eDlmNWx4bTNiQ05Kc2tneU5waXhBUlRVdWROR3hNZ0hvSEZvMmNEbnZSNml0MGpuNnVralJBZUd4UUJPTlRLSVI4T1YydlA1REtVcjMxUjdUN29OcFRkTjItMzhoUi1Dc2pBcXFQMWwxN1kyZDgxVVJvTnlCTU5mV3UxR2U1S2Vm?oc=5
2026-07-31T12:32:00+00:00,Google News: Crude Oil,True,False,"Tri-State faces a busy weekend amid major Brent Spence Bridge Corridor construction - fox19.com",https://news.google.com/rss/articles/CBMitgFBVV95cUxNekVGLURENWpjejBQVU5BM0JRWWJ0aUcwX09mYmd1NEtManZkNW5HMHBIR203dmtvRnVMQnY0NVpIUzlyTXJPYUVHVk5WbmlOeEs5X2VRTldGbWxyZGhKbGlCMEcwam94TW1hSnNhRHpvTEJObkFKeXdtN3I1WkNQRUo4MEU1VTBsMEdhU2V6UFJsMGIyRzlxNkxUNjhyTGJFY3Q1NTZGVHVCTVJpT0IyZlJtUjFBdw?oc=5
2026-06-10T07:00:00+00:00,Google News: Crude Oil,True,False,"Brent Burkett - Eddy Funeral Home",https://news.google.com/rss/articles/CBMiZ0FVX3lxTE1UX2Zza0txQlVZRTd4N1FSSVJCbTItbnBMYUNkNC1OQTJyZkxwRDA0N2lqYkhfZGZrWm5rWEc2S1F0eUNKT1VXUmFCSnFOUUtfUHRWbjZMel9qM2ZBeXpPUTlyc2FrQnc?oc=5
2026-08-01T15:25:30+00:00,BBC World,False,False,"Mountaineer Nirmal Purja killed in Pakistan avalanche; his company says",https://www.bbc.co.uk/news/articles/clyljq79kdko?at_medium=RSS&at_campaign=rss
2026-08-01T14:28:20+00:00,Al Jazeera,False,False,"India cracks down on protesters accused of ‘abusing’ Modi",https://www.aljazeera.com/video/newsfeed/2026/8/1/india-cracks-down-on-protesters-accused-of-abusing-modi?traffic_source=rss
2026-08-01T14:07:36+00:00,Al Jazeera,False,True,"Israeli strike destroys Gaza hospital warehouse",https://www.aljazeera.com/video/newsfeed/2026/8/1/01-08-israel-strike-gaza-hospital-sv-mp4?traffic_source=rss
2026-08-01T13:59:19+00:00,Al Jazeera,False,False,"Infantino’s FIFA crisis: What is reaction to World Cup investment U-turn?",https://www.aljazeera.com/sports/2026/8/1/infantinos-fifa-crisis-what-is-reaction-to-world-cup-investment-u-turn?traffic_source=rss
2026-08-01T13:50:36+00:00,Al Jazeera,False,False,"Is Spain being punished?",https://www.aljazeera.com/opinions/2026/8/1/is-spain-being-punished?traffic_source=rss
2026-08-01T13:46:33+00:00,Al Jazeera,False,False,"Children run marathon to spotlight Gaza’s growing orphan crises",https://www.aljazeera.com/video/newsfeed/2026/8/1/children-run-marathon-to-spotlight-gazas-growing-orphan-crises?traffic_source=rss
2026-08-01T13:10:47+00:00,Al Jazeera,False,False,"Most Australian teens still online three months after under-16 ban",https://www.aljazeera.com/news/2026/8/1/most-australian-teens-still-online-three-months-after-under-16-ban?traffic_source=rss
2026-08-01T12:57:13+00:00,Al Jazeera,False,False,"Spain says migrants leaving Ceuta after mass influx in which 67 died",https://www.aljazeera.com/news/2026/8/1/spain-says-migrants-leaving-ceuta-after-mass-influx-in-which-67-died?traffic_source=rss
2026-08-01T12:44:54+00:00,Al Jazeera,False,True,"Iran warns against ‘flames of war’ amid US strike threats on energy sites",https://www.aljazeera.com/news/2026/8/1/iran-warns-against-fire-of-war-amid-us-strike-threats-on-energy-sites?traffic_source=rss
2026-08-01T12:40:36+00:00,Al Jazeera,False,True,"Sde Teiman walkout lays bare an Israeli military running out of trust",https://www.aljazeera.com/opinions/2026/8/1/sde-teiman-walkout-lays-bare-an-israeli-military-running-out-of-trust?traffic_source=rss
2026-08-01T11:58:23+00:00,Al Jazeera,False,False,"Infantino’s FIFA World Cup crisis: Who could replace president?",https://www.aljazeera.com/sports/2026/8/1/is-infantino-under-threat-over-fifa-world-cup-plan-will-president-resign?traffic_source=rss
2026-08-01T12:16:13+00:00,CNBC World,False,False,"From a Fed decision to Big Tech earnings: What drove last week's volatile market",https://www.cnbc.com/2026/08/01/from-a-fed-decision-to-big-tech-earnings-what-drove-last-weeks-volatile-market.html
2026-08-01T14:41:54+00:00,CNBC World,False,True,"Berkshire Hathaway shares hit eight-month high",https://www.cnbc.com/2026/08/01/-berkshire-hathaway-shares-hit-eight-month-high.html
2026-07-31T16:51:30+00:00,CNBC World,False,True,"As Warsh’s Fed faces pressure to act on inflation; these indicators show it’s at its lowest in years",https://www.cnbc.com/2026/07/31/these-fed-alternative-indicators-show-inflation-is-at-lowest-in-years.html
2026-08-01T13:41:44+00:00,Guardian World,False,False,"Top mountaineer Nirmal Purja confirmed dead after 11 hit by avalanche in Pakistan",https://www.theguardian.com/world/2026/aug/01/top-mountaineer-nirmal-purja-confirmed-dead-after-11-hit-by-avalanche-in-pakistan
2026-08-01T12:00:52+00:00,Guardian World,False,False,"Purple reign: how shade became British gardeners’ favourite",https://www.theguardian.com/lifeandstyle/2026/aug/01/purple-coloured-plants-british-gardener-favourite
2026-08-01T15:00:55+00:00,Guardian World,False,False,"US reporter fighting back after border patrol seized his cell phones",https://www.theguardian.com/us-news/2026/aug/01/border-patrol-reporter-laura-loomer
2026-08-01T14:59:10+00:00,Guardian World,False,False,"‘Agony and despair’: Nancy Guthrie’s family issues new plea for information on her whereabouts",https://www.theguardian.com/us-news/2026/aug/01/nancy-guthrie-family-plea-information
2026-08-01T14:31:35+00:00,Guardian World,False,False,"Trump vows to push $1.8bn slush fund as Senate committee set to reconsider AG nomination",https://www.theguardian.com/us-news/2026/aug/01/senate-committee-todd-blanche-attorney-general-nomination
2026-08-01T13:00:52+00:00,Guardian World,False,False,"D4vd hearing details high hopes and brutal end of girl at heart of murder case",https://www.theguardian.com/us-news/2026/aug/01/d4vd-hearing-celeste-rivas-hernandez
2026-08-01T12:00:53+00:00,Guardian World,False,True,"Democrats’ ‘climate hushing’ prompts activists to turn up the volume",https://www.theguardian.com/us-news/2026/aug/01/democrats-climate-policy-hushing
2026-08-01T19:00:00+00:00,OilPrice.com,True,False,"The Controversial Space Mirrors Designed to Boost Solar Power",https://oilprice.com/Energy/Energy-General/The-Controversial-Space-Mirrors-Designed-to-Boost-Solar-Power.html
2026-08-01T17:00:00+00:00,OilPrice.com,True,True,"Finland's Sand Battery Cuts Emissions 70% Without a Single Rare Earth",https://oilprice.com/Energy/Energy-General/Finlands-Sand-Battery-Cuts-Emissions-70-Without-a-Single-Rare-Earth.html
2026-07-30T05:15:30+00:00,Google News: Crude Oil,True,False,"Crude Oil Futures Overview - CME Group",https://news.google.com/rss/articles/CBMifEFVX3lxTE1OVHltWktpaTJQRXlsS281OXVOT19HMDFWWUtxa3hmRkQzT0VLZHMtazhvX0VOQkJwM0ZsVGZ2R1YtZnB2YmI3VHhvbjdPdjlfQ3g5Z0xiNVkzMnhYMmRxMGpNNFFIeXM2eEZDVnVnLUhYcEVBX09PZlhxTng?oc=5
2026-08-01T18:45:56+00:00,Google News: Crude Oil,True,True,"Oil leak spreads from a sanctioned tanker grounded off Oman; images show - WRAL",https://news.google.com/rss/articles/CBMiqwFBVV95cUxNNU1uRjZZcV8tU3hUTXdpd1RodTF3MDk0dXBnY0FodmEzTjh1ZEt4WW9mTlVobnA0U3paWDR0amZHRjhlYlpJUWZ4N0Ztc2hSYmRCdHFRbzR0TkhHRUFsSmRxNmFwaGJFSDFuQ0NvY1ZsSzFRaGJzQmtkd0wwbEJHd2pBSHJGTVp5Uk5BeFFKd2tMeFYxM3AwVGE4V0MzOG5QNGVHdmxlTlJPZ3c?oc=5
2026-08-01T19:44:08+00:00,Google News: Crude Oil,True,False,"Angels' Brent Suter: Starting bullpen game - cbssports.com",https://news.google.com/rss/articles/CBMikwFBVV95cUxQWUcxWWdWTlhPcWZhOGhBYjlfVjQ1LXlsUjRNQmkyS2NWMUladmFESlZRSUpBUnNOeUw0NW5CRER4VU9IM3pYOFdzNXJ6cVFPc25NM3plVHlST0VJZGM1V2pPLTZZX05TRWEwX2VYRjJOSWYyeWtaXzJPdWUyZloxcHROdHFSRmpXb2VLcUtOTXBkeWM?oc=5
2026-08-01T17:00:00+00:00,Google News: Crude Oil,True,False,"3 position battles Brent Venables has to figure out during Oklahoma's fall camp - Stormin in Norman",https://news.google.com/rss/articles/CBMiqAFBVV95cUxQNjdYMjZFSFZidnlEMXN3bXhOU0hSbm9WNjUyNXZyNW5mZlNocF91QkI4Z0lYblVFOXlYRDZETjBST244d3JZRldlZTloYnZIYnp0Ylp4eElQaHRHXzhxTVZiQWNHbDVBYmxzUW1CWHFVY3NDS0NNb2psNXo2bGRWaE5RRnVXVklmMVV5cjVJNzNSRWZoTVZsNFpFZW93Q0VEWHFCWUw4NVY?oc=5
2026-07-31T07:00:00+00:00,Google News: Crude Oil,True,False,"Brent D. Holland Obituary Jul 31; 2026 - Wood Funeral Home & Crematory",https://news.google.com/rss/articles/CBMiZ0FVX3lxTE1lV3gzN3cwRWZsUGE1UXQ0RjAtV0pacjJwUk9JUF9WQTU0bzNlVkszVTFMZ3owelpFTkxnbXdaYTNtX0JYQ05RZzE2MUxMMVpEOGN2TGFteVJGX3hyVnBucDJMdnNTOFk?oc=5
2026-08-01T17:33:34+00:00,Google News: Crude Oil,True,False,"‘Strategic milestone’: Turkey; Iraq sign one-year deal to keep crude oil pipeline operational - Firstpost",https://news.google.com/rss/articles/CBMi0AFBVV95cUxQRjg4cEk5MENwUVl3eEJNZFc0UklHY1hJa3VBVm5HV3c5RHdwNWpZN0JNb3NkSG5Sb1dHWHlEa0huQVhuUUdibjdCZUczS0M2dGtoOFpSZ0s3WXdHYVBXcEVlRXNLV3RFVWpudXpkLS1MY292NXdaZEZla2dKTzJJamNMWlJOR1VmYjA3cnlvdksyaF9wblFXQUhCWUxNZ3d6TXVXbUZuZzNDSUgtcVk4dWJfRC14bHpET2lFa0E1VnFFemZCMi1sS2hRNERONlVT0gHWAUFVX3lxTE5pWUllOWZwa2pnZFFHRXRZZ2lnemdJaS11bGx3cjFBNkpSNmlLMTJzZG43ek9KY2hoenliZjNSYldlSjNDTVNrckdSM1puY3hlbnFpNHV2QzVaTHlLR2xqZGtPZ1FBS0QzUHJ6aTN0NUlqam5FVkZObG4ta0c3NHY2ak9QUExJUjlqZmlkNHIyUm1OdE9GYnp4VlJEWHJyczNtTzN5ajhzWkFuUFhQamI0bXVfbV9uOU8zXzh6Rk9HVmptWHg5SGlBMUlEYkx4QmQtTUsyNWc?oc=5
2026-07-31T15:50:35+00:00,Google News: Crude Oil,True,False,"Crude Oil Prices Climb as Global Supplies Are Disrupted - Barchart.com",https://news.google.com/rss/articles/CBMioAFBVV95cUxOd3Jwd2JScllhX1Y4d2ZzeHliV2dEU1JDVzJxeDh6ZHM4RFd0M2J4TExxVlVPU1lmaUtra3REa0ZZaWpEeGxxSEFCUk0wQTZianBNLWtKRTRINHFLMmUtZWFaZ3BXN1B3NGNXVmp1UTV1MERoMEpOa1VsTmhhbXE3OUV6SVZ5QlFrTXBmMjFFVjgxaWctMjhBb1M1blZEN0hV?oc=5
2026-07-31T16:35:29+00:00,Google News: Crude Oil,True,False,"IndieWire Names Brent Lang Editor-in-Chief; as Longtime Leader Dana Harris-Bridson Departs - IndieWire",https://news.google.com/rss/articles/CBMimAFBVV95cUxPM0RJQl9Pb2N4aEVZN1NVZzVSSko0c1BMQ3pzWDZzTmdJdnJRMFB0X29WcW5IQkpFanhWdHpKUXpGNnZaakRkOGpmb2VmZ0pZeFJJakNoUm94Y0VidXVydzdNSlhPODhyQldfTUh1UTJFR2tOT054Q0Nhdmd2ME1rbkktQ3NVMGlWZ05MdU9Ua1pjcFBhYlplZg?oc=5
2026-08-01T17:51:46+00:00,BBC World,False,False,"Italy putting nearly all major cities on highest heat alert",https://www.bbc.co.uk/news/articles/cr7k4gdrgljo?at_medium=RSS&at_campaign=rss
2026-08-01T16:16:16+00:00,BBC World,False,False,"Current Ebola outbreak worst ever in DR Congo; WHO says",https://www.bbc.co.uk/news/articles/cy07qe0knvzo?at_medium=RSS&at_campaign=rss
2026-08-01T19:34:09+00:00,BBC World,False,True,"Three killed in Moscow restaurant explosion",https://www.bbc.co.uk/news/articles/c86n4ljxp63o?at_medium=RSS&at_campaign=rss
2026-08-01T19:08:12+00:00,Al Jazeera,False,False,"Trump denounces Justice Department decision to drop Reflecting Pool charges",https://www.aljazeera.com/news/2026/8/1/trump-denounces-justice-department-decision-to-drop-reflecting-pool-charges?traffic_source=rss
2026-08-01T18:51:14+00:00,Al Jazeera,False,True,"Palestinian children among those detained in Israeli West Bank raids",https://www.aljazeera.com/news/2026/8/1/palestinian-children-among-those-detained-in-israeli-west-bank-raids?traffic_source=rss
2026-08-01T18:22:35+00:00,Al Jazeera,False,True,"At least three killed in explosion near cafe in Russia’s Moscow",https://www.aljazeera.com/news/2026/8/1/russia-says-explosion-near-cafe-in-moscow-kills-three?traffic_source=rss
2026-08-01T17:57:18+00:00,Al Jazeera,False,True,"‘Marathon’ shines light on Gaza’s orphaned children and humanitarian crisis",https://www.aljazeera.com/news/2026/8/1/marathon-shines-light-on-gazas-orphaned-children-and-humanitarian-crisis?traffic_source=rss
2026-08-01T17:48:41+00:00,Al Jazeera,False,False,"Trump pledges to pursue ‘anti-weaponisation’ fund amid Blanche standoff",https://www.aljazeera.com/news/2026/8/1/trump-pledges-to-pursue-anti-weaponisation-fund-amid-blanche-standoff?traffic_source=rss
2026-08-01T17:45:26+00:00,Al Jazeera,False,True,"At least 9 people killed in Russian missile attacks on Kyiv",https://www.aljazeera.com/video/newsfeed/2026/8/1/at-least-9-people-killed-in-russian-missile-attacks-on-kyiv?traffic_source=rss
2026-08-01T17:37:34+00:00,Al Jazeera,False,False,"Care for a dirty soda? How this drink trend became a US obsession",https://www.aljazeera.com/features/longform/2026/8/1/care-for-a-dirty-soda-how-this-drink-trend-became-a-us-obsession?traffic_source=rss
2026-08-01T17:28:52+00:00,Al Jazeera,False,False,"Israeli forces detain residents and demolish homes in southern Syria",https://www.aljazeera.com/video/newsfeed/2026/8/1/israeli-forces-detain-residents-and-demolish-homes-in-southern-syria?traffic_source=rss
2026-08-01T16:43:34+00:00,Al Jazeera,True,False,"Turkiye and Iraq sign one-year oil pipeline deal amid global shift",https://www.aljazeera.com/news/2026/8/1/turkiye-and-iraq-sign-one-year-oil-pipeline-deal-amid-global-shift?traffic_source=rss
2026-08-01T16:15:24+00:00,Al Jazeera,False,False,"Moroccan rapper Mehdi El Youbi temporarily released from prison",https://www.aljazeera.com/news/2026/8/1/moroccan-rapper-mehdi-el-youbi-temporarily-released-from-prison?traffic_source=rss
2026-08-01T16:07:10+00:00,Al Jazeera,False,True,"Israeli strikes kill four across Gaza; destroy medical supply warehouse",https://www.aljazeera.com/news/2026/8/1/israeli-strikes-kill-four-across-gaza-destroy-medical-supply-warehouse?traffic_source=rss
2026-08-01T15:48:39+00:00,Al Jazeera,False,False,"At least 11 wounded by Colombia car bomb days before presidential election",https://www.aljazeera.com/news/2026/8/1/at-least-11-wounded-by-colombia-car-bomb-days-before-presidential-election?traffic_source=rss
2026-08-01T15:34:15+00:00,Al Jazeera,False,True,"Two ex-Sri Lanka officials sentenced to death over 2019 Easter bombings",https://www.aljazeera.com/news/2026/8/1/two-ex-sri-lanka-officials-sentenced-to-death-over-2019-easter-bombings?traffic_source=rss
2026-08-01T17:29:00+00:00,Guardian World,False,False,"Trump offering early access to online posts in move seen as corruption",https://www.theguardian.com/us-news/2026/aug/01/trump-truth-social-early-access
2026-08-01T18:33:27+00:00,NPR News,False,False,"Spain's Pedro Sánchez was a hero of migrants. After Ceuta; he faces his biggest challenge",https://www.npr.org/2026/08/01/nx-s1-5916330/spain-sanchez-ceuta-migrants
2026-08-01T12:37:09+00:00,Reuters (via Google News),True,False,"Turkey; Iraq sign one-year oil pipeline deal - Reuters",https://news.google.com/rss/articles/CBMitAFBVV95cUxQb2NQd2hqRlhYZnpFNWd2YmVNQzJqLWJiWlFCdjBoWTEwMnpjMGdGSHladmlfMzRCUnRrTlNYNUVZa0RFN2paaVNDMlNGTWtQaGx6RU9RN3A4TDMtVlpkc3VtNnJUTkNIaDU4YWx2SFF5ZTFUYXNWd3VRX3pLSGJ2ZHFXLUlheHo1OEplenItMkkwQVVheVE4cDJibVhZdHJSUHFfSkY1Z1g3dkE4LXA2VUFkY0M?oc=5
2026-07-31T10:25:25+00:00,Reuters (via Google News),False,False,"Rhine water level drops to around record lows; costs for industry rise - Reuters",https://news.google.com/rss/articles/CBMiuwFBVV95cUxPcndPR0RjS2lZYTA0Q0pTRTR5UXJQeUwtaXExc003aDF2NWlubElvaGdRbjNfTFRTRGVOeWtvODNEUW84TTVVYy1CeGplTEJiYTlCZWVPZFh5VGRGNzdBTFcyNVRpSzd1cU5zUVJyWjFuU2FWUVB2ZnN6Y3hoNTV4TVdEN1l6T0FlbThQWVRMWi0wVklmaGp1ckxTU2hiY0lrbU84OXBuODlCVndncno3Q2ZVVlh2Tm4wQ1Fv?oc=5
2026-07-31T06:10:00+00:00,Reuters (via Google News),False,False,"Shell to sell Cyprus unit for up to $720 million as it focuses on LNG - Reuters",https://news.google.com/rss/articles/CBMihwFBVV95cUxNQmZ3M3RPTDJEdGlrSmpJZ3pmcF80OXVaMU5wQjVNM2c0YnhQRklRTkNrdURHTjBMRGNyeGEyNkN3SEFiSjJtRzRPcVFyR1pieVY2M19JOGlIekVnMUhnUWdLaXNsbTlxRGM2T1psQWRKVlNyYU13bkpySFFiekFMRFQ4U24xQmc?oc=5
2026-08-01T23:00:00+00:00,OilPrice.com,True,False,"Record Vaca Muerta Output Fails to Lift Argentina’s Wider Economy",https://oilprice.com/Energy/Crude-Oil/Record-Vaca-Muerta-Output-Fails-to-Lift-Argentinas-Wider-Economy.html
2026-08-01T21:00:00+00:00,OilPrice.com,True,True,"Suriname's $26 Billion Oil Bet Is Finally Paying Off",https://oilprice.com/Energy/Energy-General/Surinames-26-Billion-Oil-Bet-Is-Finally-Paying-Off.html
2026-08-01T20:04:39+00:00,Google News: Crude Oil,True,True,"Oil leak spreads from a sanctioned tanker grounded off Oman; images show - The Washington Post",https://news.google.com/rss/articles/CBMi3wFBVV95cUxQUnEwYWgtSlFwT1lGTUgzMUNXWUdXdENwMlZrdlJGUmNPREdfZ21LNjhmUjlTdGlGMEFaUGZldXVtTGRpVFNXTHMwMGdHRVFrblFHcGdwaGZKS3gyNkZHeV9fU3hZVjJlTXNPd3lNUDhob1puVjlZUlNSanotVzBZZEpFVmszSk1QcjFLeHJtU2xaSk00eVBFOWRCVU9aTEx1UkpLRUFtdzRteUtrOHBNNFdhcmJtaDgxSWtvdzVjUDRlSGptYlMzR1dFenVkUTlhZEpGamZYTV9QODBSQWdR?oc=5
2026-08-01T20:37:00+00:00,Google News: Crude Oil,True,False,"DECISIVENESS: Georgia Tech's Brent Key Needs to TRANSFORM 4th Down Strategy to WIN in 2026 - 12News",https://news.google.com/rss/articles/CBMirAJBVV95cUxNcXlfT2Njcjd4WUZHbC1NZi1GUm9ZclU2RG41OUZfbE5MRjBCSVVUZG0xRDlJYVZqSVE0R283czlrZzBIbm9rbldvdlI2cGphT3Y1Qi0yVlFZcEZGLTJ0OXVOaGItbzFvN1dVbk53Mm9FbFpZaF9yeTk4VlRUbHdRVG9HVTNhM0ZwSFVQV0dObWh5Y1YwQVlUQnZYOVZtZnlGdElna1pXSHE1SWVpVG1FbjVCUHVLWmQtTkFfc2JMXy1Ob2ZEOHdsX05zU3QyeUhiMnVxNTFnT05TUmFsQjk0SlVTZHd6TWdaRnRlazZCLWNkLUpacDFCLW1EMjBrd01JNDJyWlFqd1cxcXVNdERiS3dKbHQ3MWkzcUk4YlBTOXlNaG5ZQ1RtbTZHYXk?oc=5
2026-07-31T07:00:00+00:00,Google News: Crude Oil,True,False,"Brent A. Nettles Obituary Jul 31; 2026 - Resthaven Funeral Home | Baton Rouge; LA",https://news.google.com/rss/articles/CBMibEFVX3lxTE8yQnVONV93OV9QeUUtZW1zbUJNbEVWNlBVUmUtX1pKbzB6QXdMcENPTUNlOGVBVzZZTHRIbkw0Mzkwcld0NGV0Tk1PT0ZqSnh1RThyaURrM1FxeTVSS25ZTGg4ZzVneHV4eXp3aQ?oc=5
2026-08-01T19:40:00+00:00,Google News: Crude Oil,True,False,"Brent Suter to start Saturday against Brewers - FantasyPros",https://news.google.com/rss/articles/CBMimAFBVV95cUxPVkRTUGwzU0pyaHpYdjVOLXA4MnNjLXhJSm5ZRl94Y3ZtdWlrWEFnZWFvQlBCblpkZTlSZ096N3ZKVkEwYW9JaWlwbkRLb1NYa0RDQXhDcHQxYTRsQ0FpSHFLOEstRjFUcUJjRHFJdHhrM2c5SVlZSVNCektmeUxLdVZJRHZMMEx2dEpRTDY2N2JUbmc5U2VHaNIBngFBVV95cUxPVHQ1cWRfYlMteW5VY1Z2TDBVSldZN2NJNURFZjJmZTM2bDdKOWgzYm9zN3pVaDhpV01iWjdRUkYycmd5dTBhMEtCVFpTNkIwU21uMzNoWjVKYVdCT3phSHdIOGlXZEJqS0JISmdNWGhBRUo5TFBpUmREQzB0anRTeXJMRFBxalJsQ0t1YVZmb2JQMUZ0bm5KTEJmRWgxZw?oc=5
2026-07-31T12:00:00+00:00,Google News: Crude Oil,True,False,"Hormuz Uncertainty Keeps Oil Markets on Edge - Crude Oil Prices Today | OilPrice.com",https://news.google.com/rss/articles/CBMilwFBVV95cUxNZGNmaElEM0YwUDcxVW5TV29HU200RmRQcDNjTHY2bGJ4TXVIbUpza2hpMld6MzA3VGpFcEpSUkpJcmFoaU9jdExXOUo5OEp4ekxCSG96WkV3SlNXX2hRcFNzZk9JR2NVRUM3WVZpdC04ZnZLRm1GdWozdUo0bm51X3N1eWxuTFRwWnNQTVRhOGpXWFZBb0NZ0gGcAUFVX3lxTE9IdW9mb0pFSTJZR3pCaXE3Vlc5c2x0UndHd3hxamhpVUdhNDFfSUw3bHJucFdQSXJKcnduQzN4U21rWTRNT1JMbkxackhfUTVkczFYRXFzZzVHYXR3SzdIMS1DbEJuRVV4RG1GOUhRYU9JNWU5ckpWcm82OU93MkpnMENsQlo2ejJpdjQycXNkaWp4M0lWVmpYUnpmdg?oc=5
2026-08-01T20:09:27+00:00,BBC World,False,False,"EU calls emergency meeting to discuss Ceuta migrant crossings",https://www.bbc.co.uk/news/articles/cz7d17r455go?at_medium=RSS&at_campaign=rss
2026-08-01T22:34:20+00:00,BBC World,False,False,"Tourist plane crashes in Peru; killing 13",https://www.bbc.co.uk/news/articles/c70g132erlko?at_medium=RSS&at_campaign=rss
2026-08-01T23:03:35+00:00,BBC World,False,False,"Young guns for hire - the teenage hitmen recruited to kill across Europe",https://www.bbc.co.uk/news/articles/czrjyevmv61o?at_medium=RSS&at_campaign=rss
2026-08-01T22:57:55+00:00,BBC World,False,False,"The Sopranos star Vincent Pastore dies aged 80",https://www.bbc.co.uk/news/articles/cm2gz0epljgo?at_medium=RSS&at_campaign=rss
2026-08-01T23:03:15+00:00,BBC World,False,False,"Why Uganda seems to be winning the battle against Ebola as virus spreads in DR Congo",https://www.bbc.co.uk/news/articles/clyemjn44qqo?at_medium=RSS&at_campaign=rss
2026-08-01T23:03:23+00:00,BBC World,False,True,"Russian ship defies sanctions to send military vehicles to Mali",https://www.bbc.co.uk/news/articles/cgk4rdley0ko?at_medium=RSS&at_campaign=rss
2026-08-01T21:03:42+00:00,BBC World,False,False,"How Australia combines modern tech and Indigenous knowledge to fight fire",https://www.bbc.co.uk/news/articles/czdmvr984yyo?at_medium=RSS&at_campaign=rss
2026-08-01T22:06:18+00:00,BBC World,False,False,"Ginger hair portraits show unexpected 'golden thread' connecting Americans",https://www.bbc.co.uk/news/articles/ce97nyz4rvmo?at_medium=RSS&at_campaign=rss
2026-08-01T19:39:48+00:00,BBC World,False,False,"Crowds line Amsterdam's canals for Pride boat parade",https://www.bbc.co.uk/news/videos/cp3rqd9kp91o?at_medium=RSS&at_campaign=rss
2026-08-01T23:15:40+00:00,Al Jazeera,False,True,"Growing like ‘gangbusters’: Can Taiwan maintain its economic momentum?",https://www.aljazeera.com/economy/2026/8/1/growing-like-gangbusters-can-taiwan-maintain-its-economic-momentum?traffic_source=rss
2026-08-01T22:34:36+00:00,Al Jazeera,False,True,"Michigan joins Minnesota in reporting cyberattacks; with FBI investigating",https://www.aljazeera.com/news/2026/8/1/michigan-joins-minnesota-in-reporting-cyber-attacks-with-fbi-investigating?traffic_source=rss
2026-08-01T22:31:52+00:00,Al Jazeera,False,True,"US Arabs eye ‘historic’ Senate win for Abdul El-Sayed despite AIPAC attacks",https://www.aljazeera.com/news/2026/8/1/us-arabs-eye-historic-senate-win-for-abdul-el-sayed-despite-aipac-attacks?traffic_source=rss
2026-08-01T21:42:26+00:00,Al Jazeera,False,False,"Why did Ceuta migrant mayhem chill already frosty Israel-Spain relations?",https://www.aljazeera.com/news/2026/8/1/why-did-ceuta-migrant-mayhem-chill-already-frosty-israel-spain-relations?traffic_source=rss
2026-08-01T21:15:50+00:00,Al Jazeera,False,False,"Al Jazeera reports from Ceuta as migrants leave the enclave",https://www.aljazeera.com/video/newsfeed/2026/8/1/al-jazeera-reports-from-ceuta-as-migrants-leave-the-enclave?traffic_source=rss
2026-08-01T20:57:04+00:00,Al Jazeera,False,False,"Police say 13 killed as small plane viewing Nazca Lines in Peru crashes",https://www.aljazeera.com/news/2026/8/1/police-say-13-killed-as-small-plane-viewing-nazca-lines-in-peru-crashes?traffic_source=rss
2026-08-01T20:38:41+00:00,Al Jazeera,False,False,"Fighting breaks out in western Tigray as Ethiopia and TPLF trade blame",https://www.aljazeera.com/news/2026/8/1/fighting-breaks-out-in-western-tigray-as-ethiopia-and-tplf-trade-blame?traffic_source=rss
2026-08-01T20:24:19+00:00,Al Jazeera,False,False,"Greece battles raging wildfires as flames appear to ease in France",https://www.aljazeera.com/news/2026/8/1/greece-battles-raging-wildfires-as-flames-appear-to-ease-in-france?traffic_source=rss
2026-08-01T20:10:01+00:00,Al Jazeera,False,False,"Record-breaking climber Nirmal Purja among those killed in avalanche",https://www.aljazeera.com/video/newsfeed/2026/8/1/record-record-breaking-climber-nirmal-purja-among-those-killed-in-avalanche?traffic_source=rss
2026-08-01T22:31:13+00:00,Guardian World,False,False,"Tourist plane crashes during flight over Peru’s Nazca Lines; killing 13",https://www.theguardian.com/world/2026/aug/01/at-least-13-dead-as-tourist-plane-crashes-during-flight-over-perus-nazca-lines
2026-08-01T23:29:11+00:00,Guardian World,False,False,"Australia news live: aged care nurses get pay rise; fuel excise cut due to end at midnight",https://www.theguardian.com/australia-news/live/2026/aug/02/insiders-jane-hume-coalition-anthony-albanese-labor-garma-festival-fuel-excise-bird-flu-updates-ntwnfb
2026-08-01T23:01:04+00:00,Guardian World,False,False,"Devolution plans strengthen case for written UK constitution; says Burnham",https://www.theguardian.com/politics/2026/aug/02/devolution-programme-written-uk-constitution-andy-burnham
2026-08-01T22:36:23+00:00,Guardian World,False,False,"Sopranos actor Vincent Pastore; known for playing mobsters and tough guys; dies aged 80",https://www.theguardian.com/us-news/2026/aug/01/sopranos-actor-vincent-pastore-dead-80
2026-08-01T20:39:20+00:00,Guardian World,False,False,"California announces minimum wage increase as governor taunts Trump",https://www.theguardian.com/us-news/2026/aug/01/california-minimum-wage-increase
2026-08-01T22:23:39+00:00,NPR News,False,False,"Avalanche in Pakistan kills famed mountaineer Nirmal Purja and his fellow climbers",https://www.npr.org/2026/08/01/nx-s1-5916368/nirmal-purja-climbers-dead-avalanche
2026-08-01T20:27:32+00:00,NPR News,False,True,"Overnight Russian barrage kills nine in Kyiv; as air defense struggle with U.S. continues",https://www.npr.org/2026/08/01/nx-s1-5916393/overnight-russia-kyiv-ukraine-strikes
2026-07-30T10:07:00+00:00,Reuters (via Google News),False,False,"India's Reliance ramps up diesel exports to Europe; Brazil in July; sources say - Reuters",https://news.google.com/rss/articles/CBMivwFBVV95cUxNR0Q0X2tRWHJ4UFY1bTBmTXBrcFAtLWY5Y2k3dV8taDgza0wta05fTHdBUnBxVDFxWmk4Ykt4VkpXSFE1SU9HUVdDa0FzZWFjZ1I3blpRaHIyY3BZVFgySFJzNnFfMlFkenBjZnNQVmxSeHZaM28zbUY4b1NHd3c3bWN2Y2tncHVoUEdFUEVncGdFdUhLV2lqalNqQWlIUXE4OVdCRkM4VnJWZ3JobnE5YjBSNWlUQ3Nrb1pXckZmTQ?oc=5
2026-08-01T21:00:00+00:00,OilPrice.com,True,False,"AI’s Electricity Demand Is Not the Real Problem. Its Inflexibility Is",https://oilprice.com/Energy/Energy-General/AIs-Electricity-Demand-Is-Not-the-Real-Problem-Its-Inflexibility-Is.html
2026-08-02T07:53:15.943456+00:00,Investing.com Commodities,True,False,"Cardano Climbs 10% As Investors Gain Confidence",https://www.investing.com/news/cryptocurrency-news/cardano-climbs-10-as-investors-gain-confidence-4829673
2026-08-02T00:00:00+00:00,Google News: Crude Oil,True,False,"Tricky talks at OPEC - The Economist",https://news.google.com/rss/articles/CBMilwFBVV95cUxNRTBSMHViS1g2NVhiMkxNcDVSYXE5NVZRbjdpY2lVcExVT1I4eEktd1RqTmhiQ3lOSElXR1VRYUhKZ2ZseGNOM3RqUk5leVV0cENUWFEzYVJqeXlLQlFwejlIaWlWWnVKcUxfY194cFhOU05VSkpGaDRFdFkzVkFzZGsxRkpJdjZxclZEWDVvZUEtSnFDX3Iw?oc=5
2026-08-02T07:04:23+00:00,Google News: Crude Oil,True,False,"Brent Byng Shares Leadership Lessons From Nearly Three Decades of Military and Operational Excellence - 24-7 Press Release Newswire",https://news.google.com/rss/articles/CBMi6wFBVV95cUxPQ0xuQ3lNVFpyWVFGcV9CMF8yalZ1NkM5YTh4c25qbnJaNTh4d0R2UkE0TFdzM3hDb0F5X1hldFpDTkh2Q0UtaVg0Y2dUenZ2Rkx3YlJQMnJEdmhwMmJxb2NibFZQN0JsOXBiamZhNHQyeF9zVkxfbEZlYkNOTFNZcEJfdF81YTlNcjdHRzRqQ1VwVl84S0xLT0xyVm5EbVRGTV9aRlBlbURXUlR3dGtXaFVJb2Q2YW9ZRzNFWU1tNHFERXVnOHlFNTQtUU92bEh4RDhkeVZNN3JRYk5vOGNxMGI3WmpFT2lZRU40?oc=5
2026-08-02T01:34:00+00:00,Google News: Crude Oil,True,False,"Hawkins; Brent.jpg - The Killeen Daily Herald",https://news.google.com/rss/articles/CBMijgFBVV95cUxPQmZLcnNyT1RGSUpRQWVRMzVhaVpHb2tWMlA0TEpqVjlBbDRfR1NRdnpOZ1BTR0ZIbmQyd0s2ekYwRjdwUC1yeG1naDFTaW5WRFRCTGZ6XzkxRlFIaHJOVXRzSDVkSkJ4bDdDNmhDcEl1ZzlUNExzdTRCN1pOcXhveXBkYmdqSUtBeHRnRlpB?oc=5
2026-08-02T07:05:43+00:00,Google News: Crude Oil,True,False,"OPEC+ has agreement in principle for September quota increase and pause thereafter; source says - Reuters",https://news.google.com/rss/articles/CBMiyAFBVV95cUxOOUxtS1l6d0U4NVcxelJCQ1EwSGpaQ3BjNXJHUlpQcVlfZXJjMWU5WllQR21KdDZ0dlo2NDI0cW1RVXd3U0FiTHZMRHNDNng5ZXZseU9lT19KeG1RY18xRGNTVzBjdHpzOWpYQkwxTENWWko4NmtFQm5iQzFvQWdfeGhvQVZSMHdrZjhzRFREVnN2RWQyanBEdGp0T19mazNxR0ZiRXdFRVlvX1RZNW5mVFgyYlUxeS15QlZfOHhWY1UzSzFTZk13Yw?oc=5
2026-07-31T07:00:00+00:00,Google News: Crude Oil,True,False,"Brent Headrick on his strong year; return to Illinois - MLB.com",https://news.google.com/rss/articles/CBMiiwFBVV95cUxNOWw3YXFWLWMyRUEzQVJJaXdPMU1OMmxVdG1TeEtHbnV0VFppM0Q4dzFlTWttVHlEUUdNRnpwZ1YzNnFsck51TVJTdktGM3R3N25ISi1kQzRLX3lrQnc0ajFaTDBELTVPamtzdVNIYU5laU5ZLUlOT3pIM0s0ZGdlY3M1UTE1WUt4Z0dn?oc=5
2026-08-02T03:47:16+00:00,Google News: OPEC,True,False,"OPEC+ set to raise oil output in September as members push for more supply - Malay Mail",https://news.google.com/rss/articles/CBMixwFBVV95cUxPUzRwTm50ZzdRNGw2YmJoYUlyMmNQRnRtc1NDdEUzNnFFZU1HUVhQajgwdF8wRmZQZVk1LTV2N2lReFBwd2Q3N3F1alRYRGY2SC1yZGdVRzV3NmJvUlFuNVhCVm9lN0djcm14dm8yeEtCUkxKRy01VWpnbm5rNFRYM0JtakpmY3RLWmdLSTNPZ1NqNTAwNk5qeTFuQVNwTmR4ZTNFRjl5cXdhRnZFN216c1p5NXBNbVFOS2g3WmNTZTJlZ21nREJj0gHMAUFVX3lxTE1ZQ3JtVXl1eU9rYVB3WnlfSVZKYmhKZlhySm5rZlVrQllLY1drR0F2d3ZyZjEyT3l6NTd3LW5fcnJJdHhjY29wWUhkQXBfUG54QU9yeC1UYnZUSUJTQ05oaC0yeF9oUVVPMlNkNGpJNENxYzA5TU1uVmtEcF9VVzJoSlI0dDJlXzNTZ0Z5clNqS0FIRVlNekUxTUh3bmN2WllyQi11THVWOGNiMlI1M2V5MUwtdVF2MWJjZExlVjVHN1pOSklrR1k2bmNYZA?oc=5
2026-07-06T07:00:00+00:00,Google News: OPEC,True,False,"OPEC+ Increases Oil Production Amid Price Drop - 1310 WIBA - Madison's News/Talk Station",https://news.google.com/rss/articles/CBMikwFBVV95cUxOWFVnVDgzeUFnVmIyYnZJY1BuVjI5SjFQQVcxellwbkotM1VWTVpRWmxTWG1EY2JYSGRJUnlVdE43QWw4ejM5amtsSUhFRk5DYTdqSFFxWUZTR3FONFhuaUJTbTI1cXBBQW9pZmVRWmJPeWxfUkRxUGFGU0FWbWFQMGRyTXg4WHdTSl9EUDhrUWlnOU0?oc=5
2026-05-04T07:00:00+00:00,Google News: OPEC,True,False,"OPEC+ Set to Agree Third Oil Output Quota Hike Since Hormuz Closure - The Business of Fashion",https://news.google.com/rss/articles/CBMivgFBVV95cUxQVGlIMjlTS1AyRmxHcjZRR3RGOW96M05uNDVpOTd1NnI0NEVZbnBFdXo5S291Y3pJTEQ1aXZ1dkZjVUl3ZW9Kc3hoelEtZG9jcFNoUThHb0xweGUwZFk3Nko1UzROXzBTajNQZ1k5SDN0aXNsbXhDaVpnX1NIR0JEMUd2b2hsRTJlWTFfMUVVQnNlN2RWNTFLMjJzTldocmo3elNYUWVjUnVxVDZSODluRDN1Y29Wb1hHYVFWV2FR?oc=5
2026-08-02T06:24:01+00:00,BBC World,False,True,"Trump says he is cancelling strikes on Iran subject to deal being made 'rapidly'",https://www.bbc.co.uk/news/articles/cjwx74qgld2o?at_medium=RSS&at_campaign=rss
2026-08-02T00:55:16+00:00,BBC World,False,False,"How Spain's migrant crisis created a political storm - whipped up by social media",https://www.bbc.co.uk/news/articles/c62vl925dqdo?at_medium=RSS&at_campaign=rss
2026-08-01T22:23:20+00:00,BBC World,False,False,"A bruising 24 hours - what next for Fifa and under-pressure Infantino?",https://www.bbc.co.uk/sport/football/articles/c9w0djx2g92o?at_medium=RSS&at_campaign=rss
2026-08-01T23:56:19+00:00,BBC World,False,False,"Solitude as a new aspirational lifestyle: 'We are not lonely'",https://www.bbc.co.uk/news/articles/c5y63dw2x3wo?at_medium=RSS&at_campaign=rss
2026-08-02T05:29:36+00:00,Al Jazeera,False,False,"At least three dead in Idaho shopping mall mass shooting",https://www.aljazeera.com/video/newsfeed/2026/8/2/at-least-three-dead-in-idaho-shopping-mall-mass-shooting?traffic_source=rss
2026-08-02T05:27:04+00:00,Al Jazeera,False,False,"Gaza students overcome Israel’s genocide to mark Tawjihi results",https://www.aljazeera.com/features/2026/8/2/gaza-students-overcome-israels-genocide-to-celebrate-tawjihi-results?traffic_source=rss
2026-08-02T04:44:55+00:00,Al Jazeera,False,True,"Three dead including female bomber in Moscow restaurant attack",https://www.aljazeera.com/video/newsfeed/2026/8/2/three-dead-including-female-bomber-in-moscow-restaurant-attack?traffic_source=rss
2026-08-02T04:34:19+00:00,Al Jazeera,False,False,"Why isn’t anyone challenging Infantino for FIFA’s top job?",https://www.aljazeera.com/video/newsfeed/2026/8/2/why-isnt-anyone-challenging-infantino-for-fifas-top-job?traffic_source=rss
2026-08-02T03:46:27+00:00,Al Jazeera,False,False,"How Virunga Park protects people and gorillas from Ebola in eastern DRC",https://www.aljazeera.com/news/2026/8/2/how-virunga-park-protects-people-and-gorillas-from-ebola-in-eastern-drc?traffic_source=rss
2026-08-02T03:36:43+00:00,Al Jazeera,False,True,"Trump cancels Iran strike; says ‘deal perimeters’ reached",https://www.aljazeera.com/news/2026/8/2/trump-cancels-iran-strike-says-deal-perimeters-reached?traffic_source=rss
2026-08-02T02:58:51+00:00,Al Jazeera,False,True,"Israel kills eight in Gaza despite Trump’s Hamas disarmament plan",https://www.aljazeera.com/news/2026/8/2/israel-kills-five-in-gaza-despite-trumps-hamas-disarmament-plan?traffic_source=rss
2026-08-02T02:55:31+00:00,Al Jazeera,False,False,"Is criticism of Spain on border management legitimate or politics?",https://www.aljazeera.com/video/inside-story/2026/8/2/is-criticism-of-spain-on-border-management-legitimate-or-politics?traffic_source=rss
2026-08-02T02:24:11+00:00,Al Jazeera,False,False,"US embassies issue alerts after Trump vows to hit Iran ‘hard’",https://www.aljazeera.com/video/newsfeed/2026/8/2/us-embassies-issue-alerts-after-trump-vows-to-hit-iran?traffic_source=rss
2026-08-02T01:46:22+00:00,Al Jazeera,False,False,"Thirteen dead in Peruvian tourist plane crash over Nazca Lines",https://www.aljazeera.com/video/newsfeed/2026/8/2/thirteen-dead-in-peruvian-tourist-plane-crash-over-nazca-lines?traffic_source=rss
2026-08-02T01:26:44+00:00,Al Jazeera,False,False,"Gunman opens fire at Idaho fast-food restaurant; killing two",https://www.aljazeera.com/news/2026/8/2/gunman-kills-several-at-idaho-fast-food-restaurant?traffic_source=rss
2026-08-02T00:49:25+00:00,Al Jazeera,False,False,"Hungary plans to shut down only nuclear power plant amid drought",https://www.aljazeera.com/news/2026/8/2/hungary-plans-to-shut-down-only-nuclear-power-plant-amid-drought?traffic_source=rss
2026-08-02T00:00:00+00:00,Al Jazeera,False,True,"Iran war live: Trump cancels attack; calls for a ‘rapid’ deal on Hormuz",https://www.aljazeera.com/news/liveblog/2026/8/2/iran-war-live-tehran-warns-of-decisive-response-to-any-us-aggression?traffic_source=rss
2026-08-01T23:57:30+00:00,Al Jazeera,False,True,"Singapore bans UK band Massive Attack over Palestinian flag",https://www.aljazeera.com/video/newsfeed/2026/8/1/singapore-bans-uk-band-massive-attack-over-palestinian-flag?traffic_source=rss
2026-08-01T23:42:44+00:00,Al Jazeera,False,False,"New York Times reveals Trump administration subpoena over North Korea story",https://www.aljazeera.com/news/2026/8/1/new-york-times-reveals-trump-administration-subpoena-over-north-korea-story?traffic_source=rss
2026-08-02T05:18:21+00:00,CNBC World,False,False,"An exam leak in India exposed a Gen Z jobs crisis that goes much deeper",https://www.cnbc.com/2026/08/02/india-exam-leak-protests-jobs-crisis-gen-z-unemployment-modi.html
2026-08-02T04:00:11+00:00,Guardian World,False,True,"Anti-LGBTQ+ laws are on the rise across west Africa; campaigners warn",https://www.theguardian.com/world/2026/aug/02/anti-lgbtq-laws-are-on-the-rise-across-west-africa-campaigners-warn
2026-08-02T06:40:41+00:00,Guardian World,False,False,"Queensland reveals concept plans for Brisbane Olympic stadium precinct – but critics say they are ‘fantasy vision’",https://www.theguardian.com/sport/2026/aug/02/queensland-reveals-concept-plans-for-brisbane-olympic-stadium-precinct-but-critics-say-they-are-fantasy-vision
2026-08-02T05:00:19+00:00,Guardian World,False,False,"EVs and hybrids approach half of Australian new car sales amid ongoing fuel crisis",https://www.theguardian.com/australia-news/2026/aug/02/ev-hybrids-almost-half-australian-new-car-sales-april-june-fuel-crisis
2026-08-02T06:00:14+00:00,Guardian World,False,False,"Callas; Beethoven; bee-eaters or storks: competition seeks to redesign euro notes",https://www.theguardian.com/world/2026/aug/02/european-central-bank-notes-new-design
2026-08-02T05:00:12+00:00,Guardian World,False,True,"‘This is where democracy beats totalitarianism’: Ukraine’s drone strike force takes the fight to Russia",https://www.theguardian.com/news/ng-interactive/2026/aug/02/this-is-where-democracy-beats-totalitarianism-ukraines-drone-strike-force-takes-the-fight-to-russia
2026-08-02T00:22:48+00:00,Guardian World,False,True,"Moscow restaurant bombing kills three people as device carried by woman explodes",https://www.theguardian.com/world/2026/aug/02/moscow-restaurant-bombing-kills-three-people-as-device-carried-by-woman-explodes
2026-08-02T04:45:37+00:00,Guardian World,True,True,"Trump climbs down on Iran strikes after Saudi alarm and threats from Tehran",https://www.theguardian.com/world/2026/aug/02/trump-climbs-down-on-iran-strikes-after-saudi-alarm-and-threats-from-tehran
2026-08-02T06:00:14+00:00,Guardian World,False,True,"‘We cannot magic up more water’: the supply problems putting housing targets in England at risk",https://www.theguardian.com/environment/2026/aug/02/we-cannot-magic-up-more-water-the-supply-problems-putting-housing-targets-in-england-at-risk
2026-08-02T06:00:13+00:00,Guardian World,False,False,"UK’s state investments agency hit by data breach",https://www.theguardian.com/business/2026/aug/02/uk-state-investments-agency-data-breach
2026-08-02T05:00:13+00:00,Guardian World,False,False,"Undercover police unit closed down over unjustified surveillance; spycops inquiry told",https://www.theguardian.com/uk-news/2026/aug/02/spycops-inquiry-undercover-police-unit-sds-closed-john-boutcher-unjustified-surveillance
2026-08-02T05:02:37+00:00,Guardian World,False,False,"Shooting at In-N-Out Burger restaurant in Idaho leaves three people dead",https://www.theguardian.com/us-news/2026/aug/02/shooting-at-in-n-out-burger-restaurant-in-idaho-leaves-multiple-people-dead-police-say
2026-08-02T00:04:24+00:00,Guardian World,False,False,"Capital One says it closed Trump Organization’s accounts after anti-money-laundering review",https://www.theguardian.com/us-news/2026/aug/01/capital-one-trump-organization-money-laundering
2026-08-01T23:39:52+00:00,Guardian World,False,False,"Heatwave scorching western US ups risk of hazardous fire conditions",https://www.theguardian.com/us-news/2026/aug/01/heatwave-us-west-hazardous-fire-conditions
2026-08-02T07:34:27+00:00,NPR News,False,True,"Trump says he's cancelling Iran strikes; deal pending",https://www.npr.org/2026/08/02/nx-s1-5917113/trump-says-hes-cancelling-iran-strikes-deal-pending
2026-07-29T14:04:20+00:00,Reuters (via Google News),False,False,"US mortgage rates climb again in latest week; many at year high - Reuters",https://news.google.com/rss/articles/CBMiowFBVV95cUxOZk5Wa3I3M1ZGMmZLd3pPYTQ0ZGY3U2xkZ0kwYTctSTRWQXBYRG5hY2xCRDAwbk5iTlhwbG43OUJ6VkFuWU5MaVZFdHRrRkVJanBXVnl5V3NOczdoWERhcUZsaGdlRjlseDN6WlQyRE9rZHlLd1VNNk9OVk9yQUxGaWVXUEY1VWc4Y0E5MGFUNGFrejhZTXBVeHZKOE9Vd3htSW9B?oc=5
2026-07-29T13:59:01+00:00,Reuters (via Google News),False,False,"Germany's Uniper firms up 20-year LNG purchase deal with Canada - Reuters",https://news.google.com/rss/articles/CBMitAFBVV95cUxQNHRoNHc3V2p5TW5tMlVDd2pJQ2pPODhDRnZEVnJlSkpwNUY0MWtUcmg1c095blNCLWhrdHUyMjBfSlh3Y3R5MGtGcnNVUkJuTGxQYURqUUhoMXdFbU1tLVpTWDlPOFdDNjd6Smt3V3N4RGhDSk5oMU5nVloxdXBHcUNTdFAtcTN4SzRudU5xNHpSSDNvcWtsY05oX19xeWdrbHVyUFEwY25PeE45Q3U0R1J1Tk8?oc=5
2026-08-02T11:45:37.675226+00:00,Investing.com Commodities,True,False,"Bitcoin holds above $63;000 as Coldcard losses near $89 million",https://www.investing.com/news/cryptocurrency-news/bitcoin-holds-above-63000-as-coldcard-losses-near-89-million-4829683
2026-07-31T19:16:27+00:00,Google News: Crude Oil,True,True,"Supply Disruptions Underpin Crude Oil Prices - Yahoo Finance",https://news.google.com/rss/articles/CBMimgFBVV95cUxOd0EzdjN2a3E4LUs5TEZES2g0aldCSUQwcFlUam1saU9TLWI3SlhOTV8zVEVJTm1IekUzb1ozY25yMEgzcnhGanpyWGJtb29YTFF4MnNNMTBycEpleHY0YWJ0VHNZWk5IaVpHbU51QmdXSFRhM2tsZDBETllCRW8xSlVCaVlhM3JQNHZ6S1ZKd3BQR2NmaHo4cjFB?oc=5
2026-08-02T09:04:37+00:00,Google News: Crude Oil,True,False,"OPEC eyes 185K+ bpd output boost before year-end freeze - Shafaq News | Latest breaking news in Iraq and the world - شفق نيوز",https://news.google.com/rss/articles/CBMijAFBVV95cUxNb2V1NkFTUUQtaklwSWtDM0ZkaV9EbTgyN1VmWXZrZEJVRjdTVldOZ0M0UnJOSF9WaEhzYlREcWJxSEVYR3FYcld0ZC1idVVkN2FXaWs5QUNjc3ZEZVowaElQbDVhVlVRNElQWGxpVDBWMHBfS2M1QnhZYjFPSnBKYjM3M3R1U1FFN2tIWg?oc=5
2026-08-02T09:18:13+00:00,Google News: Crude Oil,True,False,"Kuwait raises crude oil output to near 2 million bpd in July; source says - marketscreener.com",https://news.google.com/rss/articles/CBMiwwFBVV95cUxNVE1manRXeGhfVTZkclhEb2ZpR3gwMHFfTjJueVc0UHJDZVpDT0JVdGtid3VEcDFZbkxHVnhNTmc3Z29IUEpxSnBNS3pkSmtLTjE2bHJuWjVOdVFGOURyOFU2MEdIZGdMclcwbEpraGVwbm9hcXBzcVhmUlZDUjJ5b2d4cUh5aTB6TGFZQ1JnU0ozbTVOcXNJQmRyMThuRGN1NmsyeGpYZEFqb0VSRmJ1NU5fWjhJeFlWaVJNeUVLbzJiOTA?oc=5
2026-08-02T05:36:08+00:00,Google News: Crude Oil,True,False,"Yankees’ bullpen falters late as offense keeps struggling in loss to Cubs - New York Post",https://news.google.com/rss/articles/CBMirwFBVV95cUxOVUFDQldSZzc0Z1lRcURoY2IxcWh3YTh2bllRaW9WdUxhR0JwQjZFTDgzZW5VZzBXSF9iT1lXUldqbDBKMVl0RUJwOGdlbmYtMkY0S2RmQ0syek9QR1RtZzF4WXJiWGJkLUJaMUpwVEJfV3pYLXRCOFpaRFVWTXFQTHFzNVJURDZXSEdQdm4tc1g5bDV6dEE0c3pNc1lza3NMWWRjczM1d3BCMlJCbnA0?oc=5
2026-07-13T07:00:00+00:00,Google News: Crude Oil,True,True,"Brent Crude Oil Price Jumps 11% as Trump Moves to Control Strait of Hormuz - Yahoo Finance",https://news.google.com/rss/articles/CBMijAFBVV95cUxNU3RDWUdQVVRsMEI3Umt5V1o3cmw0bzJmcUNhQTJxcWFhUzdMbTltSDlCLUF3c0huTlViR0J2UURjQ2o4bHZsOG9SQXJSUnY4T0lITFM3UWhRcmpQR2RjTUpsQi1wQmNtbmRVMDhiQjVZZGpER2RsRHNsZTI1aEFIclpVU1JEUzVDMFc1Tw?oc=5
2026-08-02T02:34:56+00:00,Google News: OPEC,True,False,"OPEC+ tipped to raise production again but new quotas loom - Al-Monitor",https://news.google.com/rss/articles/CBMimwFBVV95cUxPLVh0VkRHaV9jV0s4a1lKcjhaeUlmeHZab19YOHhZRGV3YnJxV3B2WUJ4R1hIblZhN2RqTzBUdGtLcnlnLWRrcXljOEF0MW1BVS1VaTktWVo1V2pGSDdKR01RcmpxVUxMOWVFTVJHbUhUSXhoRDU0aXVQWmNVeTFXclUxeUdIR21jdGxEa2NUSVo4V3diNmc2MmRzMA?oc=5
2026-08-02T09:20:00+00:00,Google News: OPEC,True,False,"OPEC+ set for September quota increase followed by output pause; sources say - The News International",https://news.google.com/rss/articles/CBMitwFBVV95cUxQZVpFV1dXQ0dfYzN4ZEdZUTRDYzNNTFQ5aEdxWmEyNWVxWjkzRzRaZ3lRMlhFWldiUlRPNENicWlBWmo1SWpqVzdyNnFXY3lwQTN0cEdVMG01NzVkaDFqTWw0Tl9iTUdfRms4dkE4WDV5ZEcyU0lkTHBzeEhuSDR3VElPcUNDZDBoRWlaRFdjU2VobFRGVkNsT1lzQ19QSUJDMFRVSEhGTktzMW0xR1pRZHRrcW1GOWM?oc=5
2026-08-02T09:11:42+00:00,Google News: OPEC,True,False,"OPEC+ Nations Agree For Another Output Increase In September - businesstoday.com.my",https://news.google.com/rss/articles/CBMipwFBVV95cUxPcTB1b1FkRmJCbHJUekhtY29wNTM3MWJWVVdOLTFrRlFKd0JmUHFBWjVaNG9HZkszRHhBczlnMFpscTVZYldSOFZyclF0aloxZ1BDSWQ1SGdnWDJESmF4dnZ4UDFhb3NGYWNYTjlmaWZHRmF0V2xVTXFlUjZaa2gxWUg2WVZNT0piN1ZyaUhwbTZiQnB6a0F2UmVGNTQ0bXYtczIyamtWQQ?oc=5
2026-08-02T09:33:59+00:00,Google News: OPEC,True,False,"OPEC+ agrees in principle to small oil quota hike; delegates say - The Straits Times",https://news.google.com/rss/articles/CBMingFBVV95cUxOVGtFZDdfMkJVdHVuOWIxOUJDNWJHZkdEMEZFd3pWTzN0T2gzSFNtSDlCeEJyaHp5Rzh6eVdleTJydE5fVG1iZ3F6VHhsdUdoak94eEQ4YkdzNkVUWWhMOVFEMlpWakI2MTEtZi1veEZIZ2dyaHNDdU4tM1RTVEdTSkxsOGlYOTJ0cVhQWUN2dnBVZWZOS09sOHo5Wm1wdw?oc=5
2026-08-02T10:46:47+00:00,BBC World,False,False,"Five dead; 41 missing; after Indonesia ferry catches fire",https://www.bbc.co.uk/news/articles/c74g0wjvlrxo?at_medium=RSS&at_campaign=rss
2026-08-02T10:59:55+00:00,BBC World,False,False,"It was about the adventure; says fastest runner to cross the Alps",https://www.bbc.co.uk/news/videos/crk5j6g8lmko?at_medium=RSS&at_campaign=rss
2026-08-02T10:20:10+00:00,BBC World,False,True,"Washington state wildfires trigger evacuations",https://www.bbc.co.uk/news/videos/cpd7912xyq4o?at_medium=RSS&at_campaign=rss
2026-08-02T11:09:25+00:00,Al Jazeera,False,False,"Indigenous groups oppose Milei plan to open Argentina to foreign buyers",https://www.aljazeera.com/video/newsfeed/2026/8/2/08-02-argentina-indigenous-protest-sv?traffic_source=rss
2026-08-02T11:09:03+00:00,Al Jazeera,False,False,"Ben-Gvir mocks Palestinian detainee over prison conditions",https://www.aljazeera.com/video/newsfeed/2026/8/2/ben-gvir-mocks-palestinian-detainee-over-prison-conditions?traffic_source=rss
2026-08-02T11:07:13+00:00,Al Jazeera,False,True,"From Sudan to Spain: Between war and home | Al Jazeera Originals",https://www.aljazeera.com/video/al-jazeera-documentaries/2026/8/2/aje-onl-aj_or_sdn_war-020826?traffic_source=rss
2026-08-02T10:31:32+00:00,Al Jazeera,False,False,"Israeli soldiers jailed over Sde Teiman walkout",https://www.aljazeera.com/video/newsfeed/2026/8/2/israeli-soldiers-jailed-over-sde-teiman-walkout?traffic_source=rss
2026-08-02T10:31:25+00:00,Al Jazeera,False,False,"FIFA boss Infantino’s position looks unacceptable: European Leagues head",https://www.aljazeera.com/sports/2026/8/2/fifa-boss-infantinos-position-looks-unacceptable-head-of-european-league?traffic_source=rss
2026-08-02T09:55:06+00:00,Al Jazeera,False,False,"Residents of Spain’s Ceuta shut down far-right anti-migrant rally",https://www.aljazeera.com/video/newsfeed/2026/8/2/2-08-sv-ceuta-cancel-farright-protests-es?traffic_source=rss
2026-08-02T09:50:48+00:00,Al Jazeera,False,False,"A quiet day in Harare after Zimbabwe’s shutdown call",https://www.aljazeera.com/news/2026/8/2/a-quiet-day-in-harare-after-zimbabwes-shutdown-call?traffic_source=rss
2026-08-02T09:43:10+00:00,Al Jazeera,False,True,"Why has Trump halted Iran attacks; and what is the deal he is hinting at?",https://www.aljazeera.com/news/2026/8/2/why-has-trump-halted-iran-attacks-and-what-is-the-deal-he-is-hinting-at?traffic_source=rss
2026-08-02T09:07:20+00:00,Al Jazeera,False,False,"How Davutoglu helped shape Erdogan’s Turkiye but failed to challenge it",https://www.aljazeera.com/features/2026/8/2/how-davutoglu-helped-shape-erdogans-turkiye-but-failed-to-challenge-it?traffic_source=rss
2026-08-02T08:43:15+00:00,Al Jazeera,False,True,"Trump ‘cancels attack on Iran’ saying deal is near",https://www.aljazeera.com/video/newsfeed/2026/8/2/trump-cancels-attack-on-iran-saying-deal-is-near?traffic_source=rss
2026-08-02T08:23:32+00:00,Al Jazeera,False,False,"Petro urges global support to stop possible US invasion of Cuba",https://www.aljazeera.com/video/newsfeed/2026/8/2/petro-urges-global-support-to-stop-possible-us-invasion-of-cuba?traffic_source=rss
2026-08-02T08:20:43+00:00,Al Jazeera,False,False,"Lionel Messi returns for Inter Miami after extended post-World Cup break",https://www.aljazeera.com/sports/2026/8/2/lionel-messi-returns-for-inter-miami-after-extended-post-world-cup-break?traffic_source=rss
2026-08-02T08:12:54+00:00,Al Jazeera,False,False,"Tarik Skubal acquired by LA Dodgers at the MLB trade deadline",https://www.aljazeera.com/sports/2026/8/2/tarik-skubal-acquired-by-la-dodgers-at-the-mlb-trade-deadline?traffic_source=rss
2026-08-02T08:08:19+00:00,Al Jazeera,False,False,"Arsenal’s Arteta expects more signings as Tzolis scores against Girona",https://www.aljazeera.com/sports/2026/8/2/arsenals-arteta-expects-more-signings-as-tzolis-scores-against-girona?traffic_source=rss
2026-08-02T10:18:35+00:00,CNBC World,False,True,"Trump cancels planned attack on Iran; saying he reached an agreement over the 'perimeters of a deal'",https://www.cnbc.com/2026/08/02/trump-planned-attack-on-iran-canceled-after-reaching-outline-of-deal.html
2026-08-02T10:12:54+00:00,Guardian World,False,True,"Relentless UK heatwaves turn ‘green and pleasant’ land brown",https://www.theguardian.com/environment/2026/aug/02/july-set-to-be-driest-on-record-for-england-and-wales-after-relentless-heatwaves
2026-08-02T09:00:17+00:00,Guardian World,False,False,"Stock market turmoil sheds stark light on the opaque AI economy",https://www.theguardian.com/technology/2026/aug/02/stock-market-turmoil-nvidia-china-light-ai-economy
2026-08-02T11:00:20+00:00,Guardian World,False,True,"US officials focus on identification and rapid action as measles cases rise",https://www.theguardian.com/us-news/2026/aug/02/us-measles-cases-outbreak
2026-08-01T22:33:00+00:00,Reuters (via Google News),False,True,"Trump says he will hold off on fresh Iran attack in hope of quick deal - Reuters",https://news.google.com/rss/articles/CBMizgFBVV95cUxOQnFCZlNtaWNsWjNfQzZYSUltNnlianRRMlRsUmVqWFNEWlEwWERhVmp5dVdSazcwNmo4bTNzQjNwcW1rS1pYSFRzUXZvUkF5dEFRYzY4T3Q4UUF0ZVBFLXlxVzA5YnRXZTliVWN0M2ZlcV9WVEw4ZjZqblVxOFJ6N2JmX1FMSk5HUXdLWWpOM2l1SWI3b0E2NHB5UU5rLUFRbjRXUEZ6ajZ1VUt1N0JIdURWT1VNbkVHX2UxUVU1b1lFTzY4aFNaOEJ5TTJJdw?oc=5
2026-08-02T15:00:00+00:00,OilPrice.com,True,False,"China Doubles Down on Clean Energy Even as Coal Keeps Growing",https://oilprice.com/Energy/Energy-General/China-Doubles-Down-on-Clean-Energy-Even-as-Coal-Keeps-Growing.html
2026-08-02T11:00:00+00:00,Rigzone,True,False,"Woodside Revenue Up QoQ",https://www.rigzone.com/news/woodside_revenue_up_qoq-02-aug-2026-184270-article/?rss=true
2026-08-02T11:57:00+00:00,Google News: Crude Oil,True,False,"OPEC; Allies Increase Oil Output for Sixth Time in a Row - WSJ",https://news.google.com/rss/articles/CBMipwFBVV95cUxNUnc5eUFsSTNBZWs2SFlvWmFhYVdoTXM0cERoVnR2RHR6LWJOZXIzd1B3Q3J3TTdyeXM2d1BUNHlLR1pBSjQ0bDFVemRfUzJzTGZhMzBpbHFPYzkxNUg2V000dFhXZUpFNU55X1ZkWGsta2N2c3Y3TmxnMWhZSjR5QTk2VGJuYTVPSi1sUTZlRnByUmYyX3hNWHBpb2tiQ2pKb3lqOURRMA?oc=5
2026-08-02T11:25:27+00:00,Google News: Crude Oil,True,False,"Organization of the Petroleum Exporting Countries - Organization of the Petroleum Exporting Countries",https://news.google.com/rss/articles/CBMiaEFVX3lxTE5TYnpCM2R2ZEh2OGpWR1o3VXRJZjJTQWZMRWMyOGQtUG9JdUxwelZUUjNyWjJteWE5Qmlod3l0dFAtNDBvZVprVGVyRzhZeU9CNndJU041eUtXMzNPdHU1bl8tZS1XVHU0?oc=5
2026-08-02T11:53:04+00:00,Google News: Crude Oil,True,True,"Opec+ agrees output rise in September amid uneasy pause in Iran war - thenationalnews.com",https://news.google.com/rss/articles/CBMi0gFBVV95cUxQX2dwbnNfRVBkWU8tYXFzVFBzNk1ZbzlraXdzcDZQSlFFb1Q0dEFkbUZEbVYtMDk2b2xpY3JFTUd2Mk5TS2o1V0h0Y1lhalpTbXNydXJBOVMtM3UzSnp6WnY0d3ZHWmtfcW02MnBjQU03V2tXVmFoVVRJdHkxOHJENDZHZmdHVlhYT0tDOGIydnZ3Q3Nza1A4WGlfeEZaTHlfY3RqejljaV9UVjh1Yjg3aXFjNEpUelRRNVFYbFRWZk5jdUM1N092VGMtOEtVa2E3YWc?oc=5
2026-08-02T03:06:02+00:00,Google News: Crude Oil,True,False,"BRENT F. REAMER - countypress.com",https://news.google.com/rss/articles/CBMibkFVX3lxTE5VZ1BFRjNlX19xS0tqYnRTandqeVlieXFqU2tUcnVHa3hTYTNRVTVNX29WTU1tenFBOTA4U1E0U2tEdXNiQ25KckpSM050LXZiOXlnb3Ywb1RaRW84c0RvT29TdzhSai1wa2ZYbFl3?oc=5
2026-07-31T20:01:00+00:00,Google News: Crude Oil,True,True,"Free Press Opinion: Iran war; other factors weakening OPEC - Chattanooga Times Free Press",https://news.google.com/rss/articles/CBMilAFBVV95cUxOT0tvQUJySUVobmJXVmE2cjBVejRCSzBOUFB5Z2N6LThIRi1Tbkgta01yYUoybVloZE4tRWxCLXlJV1d6dmVjTm11Sk8zX2ZKRUt0bDRHSlhDMlNzeUdPVmFxdThCeWQtazJHUFM2dWxqTzcyMHdpM01uVjdpZ1diVnMxaEpRTGNiU0VfTGREaVEyMWdB?oc=5
2026-08-02T12:35:53+00:00,Google News: Crude Oil,True,True,"Satellite images show evidence of oil leak spreading from sanctioned vessel near Oman - Fox News",https://news.google.com/rss/articles/CBMiqwFBVV95cUxNMkZsekxfQnE2WVN1blByTWR3X0Y4RE85dHBiTVRyV3ZnbkkxT1Rxb01kQnFFWUZMRTNhZGZTajZ1NFVKR216dzhWTUtpY0prWmdZR1dRYW1qaHJ6VUY0UDNHemlva3JZcmNiR21Bb2tGdFN2b1JSS3hJTEl5VFBkdFM4Wl82NVVoS1lvMUFNNVlqZzVJZlJYRFdzcXMxckh4cGRTTXFXdVpVU3PSAbABQVVfeXFMTV9sNkNYZGwxdEQyY3BXY0NkbVlXY3RrdkQ4VjlraDVhR0M3c2h0WC05cGozdHNpS0paREd5UVJ0ZVktZEpHNTdGVTlpRnJLVVNNTnBITkRXRzNyLUx0SUdPdk1Da2pobThIVnc5akhPWWt0RUtrNnJmY29HR2QwbHlfeGZMcmlILXNxcFhOdEtZMGZ0dXNaS3ZsdEVqLVh3aDV1NE9ZZEJaeGp0WlcwdnQ?oc=5
2026-08-02T15:32:21+00:00,Google News: Crude Oil,True,False,"OPEC+ Will Again Raise Production in September to 188;000 Barrels per Day - teleSUR English",https://news.google.com/rss/articles/CBMipgFBVV95cUxNN0JjVlllZE41TGNGdDBDaUs0YWxZeDBVVUl6SktnOHhvR0szb3g5X2VuMkdzSmQ4LW5MLUxtUk5GanFuc2lLdnNEVVBua3djWENtOERPd2lLdTNBMFBLci1Rb2U4WkN1dThEV2V3Vm4xQTV5ejZtTFQ4T01QanpUNEhMTVhHQjFrYmtwN3FyXzl6bjkzSURobGcwMUgzUF9jeGhGajdn?oc=5
2026-08-02T11:53:04+00:00,Google News: Crude Oil,True,False,"Quote Of The Day By Jeremiah Brent: 'If It's Not Absolutely Beautiful Or Absolutely Functional; You Don't Need It...' - aol.com",https://news.google.com/rss/articles/CBMifEFVX3lxTFByQnNUQWV2b0dyU3o5c2Z4V3V3ODNhaE1xTFBTd1hfSDREWnNQczBwa0k4ZmJuY0YyX0xRbFREYVBGSnF2anVJQnhVVXBxZldnS1JlZnE0bVNSaThXRmRDZUt2U3IxamhtUnhGRFR1NVVHX2Nyb1NKdFFibEQ?oc=5
2026-07-31T18:40:00+00:00,Google News: Crude Oil,True,True,"Crude Oil Surges As U.S.-Iran Conflict Keeps Strait Of Hormuz Crisis Alive - RTTNews",https://news.google.com/rss/articles/CBMirwFBVV95cUxPVDNGYml2ME1zOXRJNXZrWXhXZV9sTjZoNDNPVGRjc1M1NVpMQVZ2Ynh0TW9ldFV3MmZJblp2SmZqTnlvOFEyaC1zRVRhbnprSFktNFpaVU1URVFfRkpwU2g1ejhmWDhSeTFoeU96Ums5M1pHWkxNbzgyTTQtcmN0ZWpERl82UTc2a3VzUjhIY0VOZ0xwaUUwSUhWLTY5aDBWZVlTcWgxRGl1Q09RMUtn?oc=5
2026-08-02T15:15:13+00:00,Google News: Crude Oil,True,False,"FOLLOWING Winwyn Marquez; “Pinoy Big Brother: Celebrity Collab Edition” Big Winner Brent Manalo has also spoken out against the controversial Pax Silica project. - facebook.com",https://news.google.com/rss/articles/CBMi3wFBVV95cUxNNWlTNEZRRHh6Q3J3TGJOSU9kWUx3UllKVHYwV1BrZUxGQ3VCcmtkZ1Azdl9jUnhDQVhJOVE3Z3p0dkNjNGdoZjN0cHlVcklSWmE0eFZuMUc1TDJTbzE5a1I2aUg5REhvNnRmUkVZUzQ5djdxbmlBejdLdUR6WC04Y3czWUtDaFhzdXA4QWlpbkFPcXQ4aFBIMXA4RksyYWNQWlBTSXg3T3NQUC1HX1ZMbEFRdC1ZQ1dCM1pjN1Zmdy1FMWZnZWpmNllMOUd5dG01SDZ1SFFvVk9oUk5uaWhr?oc=5
2026-08-02T14:14:33+00:00,Google News: Crude Oil,True,False,"Brent Crude Price Outlook For The Next Five Quarters - businesstoday.com.my",https://news.google.com/rss/articles/CBMingFBVV95cUxOM2dYQTcwd2tKX3hJVW5MQWtTcDZhdEVkMG5na1BianhDeVgxSDkyVVpFUk1IMmJLSlM2c2dzRGdGdzlycVU4RExzeUR1X2FJSWVDdzRvMWFOSVo2TW1sUnY0MEFOSUg4NUJucjZBbk00RlNRaGF3Sjd3WnR0X1pqeC1XU2dqXzQxT3EwOEhGbzZUSHgtR2M3MDRTVEc2QQ?oc=5
2026-08-02T12:01:57+00:00,Google News: Crude Oil,True,False,"OPEC+ agrees to small oil output quota hike for September - The Standard (HK)",https://news.google.com/rss/articles/CBMirwFBVV95cUxNMm5mOW1mUlhZY1dvcjhHMTlFa1liRy15cFhuVzVQVFh2Z3BvODI5bFhPY1pqV0JiZWdubDJsaDhEMUtQWmVQbV9OWm1SM1dTVmFpNXhfOF8tYlZQRkdOaFRpRHY3SVJEalRPZ2p3cWpERk5DNGljMU44QXRwVW9EdVVYenBQU2RSVGpSeHEyVHdVN1VCNUJNTFZoTGtURjhEOElEWk5wVXRubDBVSzNV?oc=5
2026-08-02T11:41:20+00:00,Google News: OPEC,True,False,"OPEC+ to raise oil production cap by 188;000 bpd in September - China Daily",https://news.google.com/rss/articles/CBMifkFVX3lxTFBrVlFLak4ya00tTHpxUGZfSjRra0ZCY2pneGx4WkQ4aGw4ZFhMLUQ4RW42ZFFmLTkwVUl4TEs4a0V2dFFNTDhwQ0hVZTUxZnFzUWEtUWpLUmdieFVCNURvRTZkbEU4MFpNWWxvV0tXZFJCS0xITHAzRzR4NHJOdw?oc=5
2026-08-02T12:44:08+00:00,Google News: OPEC,True,False,"Seven OPEC+ countries will increase oil production in September - UA.NEWS",https://news.google.com/rss/articles/CBMigAFBVV95cUxPak0ybWc3TXI1VmlabjZUSVlwY3E5TlNrdzVtbTV1YVlRaFF4MDg1R0QzeVZNcG14ajhIbUlvWWNfN3pqaGw3T2ZQOGFocXJqSnVLamRVcWx6QnZ6T1VpRF80NGlIS2VqWFFISEVPMUcyd1ZWZ0JSbm5CWHNNcFVfTw?oc=5
2026-08-02T13:31:59+00:00,Google News: OPEC,True,False,"OPEC+ completes planned output hike; eyes bigger supply increase after Iran conflict (CO1:COM:Commodity) - Seeking Alpha",https://news.google.com/rss/articles/CBMivAFBVV95cUxORmY3SlRQcHVHdjQtZTA2YmF1ek9QVWZqS3dOeWNfcjBlWjBxRU1EenA0MzRhbmdMbGRxbG5VVm0yN2pSLXI0cXBDdTFUZF9UOUFOd1ZWWHoydlh5UlJMTnlQMDF0Tld0bW9HWF9hVjRFeXlRVXA0MUp2aWdPUGN6Y3htSzhiSS1vdGpvaDgydUpRUFB2Wm90RzZ0UTZjQ2xCMEhWNEdBblZrWi1LMUQ2Qm5yaDJOaUJGaUF4UA?oc=5
2026-08-02T12:11:42+00:00,Google News: OPEC,True,False,"OPEC+ agrees modest 188;000 bpd oil output hike for September - Arab News PK",https://news.google.com/rss/articles/CBMiY0FVX3lxTE1HMW9jNlBLWjJtZU1xRUlETnBZcUE3ZUVtRkF4VmhVMVpOQURGbG1wckgyeDRFUkdlaE8tT3NoX2NIWDI2SjVMUnFoOEpjNkt6Tm1aNHdBeDcxQmJqY0sxckQ3NA?oc=5
2026-08-02T12:56:47+00:00,Google News: OPEC,True,False,"OPEC+ set to raise oil output in September; then pause increases - news.az",https://news.google.com/rss/articles/CBMiiwFBVV95cUxNbnktaFBFUHVOemhHR040NnZxUkFub0d5WUxWcnItTnhudWlUZk1vamNBYk03UXM0TmpqTDNZNWNRSGRCcmNNTF9hZVFxbUdWNkhoX1Zob3NOa3VzQThJTXMzeVRrWm9FNFVQLUNndDNkTll5elN0YnhqdU5NTDE3cGo5RUk4Yy1FVFdv?oc=5
2026-08-02T13:25:18+00:00,Google News: OPEC,True,False,"OPEC+ boosts September production by 188;000 barrels/day amid West Asia conflict - The New Indian Express",https://news.google.com/rss/articles/CBMiywFBVV95cUxNSEh3Ym0yU1FRbjI5RUl0MEl5M3RWNW5UZGxpbnNnblc2Z1V1RHlzSlpGblEtdnhDZ2FxT0o3X3M2MHBtcGh6cGl6SjRaSDBKVF83N2h2NHpnQnlGSWJuX1UxcTI1bE1BRGZ3RXk0VVVkNlBCMnM2T2hoV0RqNWJlZEJMMkEtSnBzVy1vaG41UEhZdU1HQnN1YzhSRmlGeEI0b0Uwb3BXb0tienpDOUtnQi1oMnBpUkNQb0NwQ1FrUDV2VUFGZDJVZXozVdIB2AFBVV95cUxPbXpkTlN2bllpa1lxeS15UWpQdjNlM2JPaGtGZjBqVUFLMXlhUTZpVmloTVVfazJmX0JXSVhmWDdCMlRtWHluZ2NscHl4NzhOQ3RxeHNMSE5WMFFEcVJkVFNObmk1bHlqck5tWExhWHB3WmdpZkw1RjQ3eUVlaW12dGpzQkQ1UmowZzNLUXgxZkJrUElpaTlJeHl4cmZwQkhPbnItZ21hM0tzYzBYZGdnbjR0S3E1TEwyWG13bFlneGpjbDljVGhET0FreThyWFNaRm95R19aVU8?oc=5
2026-08-02T13:59:00+00:00,Google News: OPEC,True,False,"OPEC+ to raise oil production by 188;000 bpd in September - Saudi Gazette",https://news.google.com/rss/articles/CBMiVEFVX3lxTFBTSFcxVkNyVTU1aW43WXV0dTNEQWhVNHFfUGJCSDlYOV9SMTBDX3pEb2IyUWdWbG9uRlROaXZBWWQ1YlRUVG4tQnltLVhPNEt2aE9fWA?oc=5
2026-08-02T14:09:21+00:00,Google News: OPEC,True,True,"OPEC+ Approves 188;000 Bpd Oil Output Hike; But Bigger Supply Boost May Come After War - NDTV Profit",https://news.google.com/rss/articles/CBMiyAFBVV95cUxNdW50WlhxMFBTX01NWnVWZEdyN3hjVWQwTXRqRWx5U3MtbzBObU1aU0l4V0xWd2tRREQ2OV9YUE1EWkNhSGExdmVEOVZ2QVJsb2RjbjJta2tjZGQ0U19QOTlsRUtHT2hhaGdMcDN2S3luTlBFcHlzNi1NQlp1b204VEZWYzZIcmdOZk1VTUozakJqYzl0c0RMS3lYVTc3eWZNemw3OHpJallqWXdmaEJ4UjVfN1hqZWdReHBlbXZSU1FsQVkxM19ZcdIB0AFBVV95cUxNMWlUdktqQVhZcEtMMFVHYVMydHZsOV84WnlwY29VZXNxcGVvRjRJbmY2THBtcXBOZXhxb0N4dTRRc2NxU19OaG5iNFgxVjhVdXdaenJQZllCcnFod0JVckxOY2RmTkhxdUhZb3ItVlpMamNEbF9HaXFfSHlFengyem5yQkRiREE5bVo2dGhoU3JZbTg3YzJRckdCZWpkODY1WTlfM0ZWUHd0RlFvRjBFb1g4ZnNGNGtTc1FnSWtTcDB2b2V1eVFKTzZMNWo2TV8t?oc=5
2026-08-02T13:32:07+00:00,Google News: OPEC,True,False,"OPEC+ agrees September oil production increase - Dubai Eye 103.8",https://news.google.com/rss/articles/CBMikwFBVV95cUxQVVNHanZfUllsNURQYUtkM3ZueVlSTXktV29mQ1JLTFViRUlEQkZsdHJ4c29IYjRITTRYYURKWjFqcmVmSlZqVWpnTkhwbXQxUHJhemFVSVpMSE5vNnFfU1pOLVNjMEhqVzczRWxDZTFDYVRnZ0RlMlJGWTBaVXZnTDI5S3FDQmJRRUo5U1VMVUZ6UFE?oc=5
2026-08-02T12:40:27+00:00,Google News: OPEC,True,False,"OPEC+ to Raise Oil Output by 188;000 Barrels a Day From September - Seoul Economic Daily",https://news.google.com/rss/articles/CBMiowFBVV95cUxQS01NbnZoVWM4VnJsaVRSUVd4UUEzRV8wOXFGTnpUcmxhTjBNdWM3ZWtZYk5qQm5ob3dDYVh6UDBwMm1ieThJamwwdDFEdFl1cktCeWVoUUp1ZTV5SndGbnR2Ull6bWI4djBVOFBlZmsyYmpGWHVuYWthQVJ0WFlQSnR0Q1ktYm5PcG9WX0U2RnFrYXl6eWh1bW1Ua0Q4QVVlVE1J?oc=5
2026-08-02T12:15:00+00:00,Google News: OPEC,True,False,"Opec+ makes small quota hike to finish unwinding 2023 oil cuts - businesstimes.com.sg",https://news.google.com/rss/articles/CBMiqAFBVV95cUxNNVRCUUs3UWIzWTZSUFFBZXJaRjAzYW1GQ09CR3pBREtGeU50OWZ0czF6MkVfSF9IRE1VTk1yV0pycW4yU0xEeDBJZmFYNVBoUmd6NWw5czZGRGp4Q1Q3bGZPQTNLS2UzSkt2RE5oN21qQnJoSUczZGJRQU83NU02RklIT3NZLXVpQjVlRjZTa1czbzgtS2dKZ2kxRUwzUVlJWUZqZzYyY3I?oc=5
2026-08-02T12:53:27+00:00,Google News: OPEC,True,False,"Opec+ members Saudi; Kuwait; Oman; four allies raise September oil output by 188;000 bpd - Khaleej Times",https://news.google.com/rss/articles/CBMimwFBVV95cUxQbHhoMnVXV3NnVDFNTVBuNnN2S3ItLXZjcTJOSFlyalNOQ256STRPd3hCaGdfVEhSdVNUYnFLNjJVdGhUUjNrNWt6bF93aWtZbjVhVVNROHJTOTdVa01Ka2d1aTlYd09yMW5WWWMxV1B4Nl9ST19OOGNnNF9ubkhrblpCX292NmkxTGM4alhsM3QwbEYzUWZCdlluSdIBowFBVV95cUxPV1VXNnRrTjdIUTdfdUw0S3BlS09aSEI0Q25Kd21DNG5DdTJZZXNLS3hRODMwLXlPZVJzbnBXLUNCUHRlSFQyMF9tMGRJdHBCUXl2YXlwT0syVE1tUktTLVNIRGNJekIwQ3AtNWJVblZ1dlcweUdtOGxvUGFGb29UeXBfTWIxLVQxaDhqbGl3amhTcW0zYUlCZDZwWDh6SkRYZWE0?oc=5
2026-07-05T07:00:00+00:00,Google News: OPEC,True,False,"OPEC+ raises oil production quotas again - New Age BD",https://news.google.com/rss/articles/CBMikwFBVV95cUxPWHI5VFZOWldtTmJTM2JGeU8xdkw5MDh0SWp1YTB0eTQxQW12OF9xOHZrNVlLdDRzMl9WaTRObEtNMGVXT2d0OWFtSXM5c0RTMnZDZTlqcVpzX2NMS1ZwUkx6Q2VXQm5EY3ZlR1VaaGtHVkxNUkItZklnNVhVSWs5SWd6ZXlLYl9JSXZFZnBZWDJ3aFk?oc=5
2026-08-02T15:21:56+00:00,BBC World,False,False,"Helicopters fighting Greece wildfires collide in mid-air",https://www.bbc.co.uk/news/articles/c1417713ve6o?at_medium=RSS&at_campaign=rss
2026-08-02T15:02:56+00:00,BBC World,False,True,"At least eight killed in Israeli strikes on Gaza after Hamas agree disarmament deal",https://www.bbc.co.uk/news/articles/czjlvvkzj20o?at_medium=RSS&at_campaign=rss
2026-08-02T15:14:26+00:00,Al Jazeera,False,True,"Ukrainian farmers use temporary storage to revive grain exports",https://www.aljazeera.com/video/newsfeed/2026/8/2/ukrainian-farmers-use-temporary-storage-to-revive-grain-exports?traffic_source=rss
2026-08-02T14:44:34+00:00,Al Jazeera,False,False,"Heatwave forces nuclear shutdown in Hungary",https://www.aljazeera.com/video/newsfeed/2026/8/2/08-02-2026-hungary-nuclear-plant-sv?traffic_source=rss
2026-08-02T14:34:21+00:00,Al Jazeera,False,True,"Tanks; troops and space",https://www.aljazeera.com/video/talk-to-al-jazeera/2026/8/2/tanks-troops-and-space?traffic_source=rss
2026-08-02T14:20:36+00:00,Al Jazeera,False,False,"CIA whistleblower John Kiriakou on accountability and CIA’s history",https://www.aljazeera.com/video/upfront/2026/8/2/cia-whistleblower-john-kiriakou-on-accountability-and-cias-history?traffic_source=rss
2026-08-02T14:15:34+00:00,Al Jazeera,False,False,"Greek firefighting helicopters in mid-air collision; four crew missing",https://www.aljazeera.com/news/2026/8/2/firefighting-helicopters-collide-near-athens-as-greece-battles-wildfires?traffic_source=rss
2026-08-02T14:14:25+00:00,Al Jazeera,False,False,"Deadly ferry fire leaves dozens missing in Indonesia’s Java Sea",https://www.aljazeera.com/video/newsfeed/2026/8/2/deadly-ferry-fire-leaves-dozens-missing-in-indonesias-java-sea?traffic_source=rss
2026-08-02T14:11:54+00:00,Al Jazeera,True,True,"No breakthrough on Strait of Hormuz as Trump halts attack on Iran",https://www.aljazeera.com/news/2026/8/2/no-breakthrough-on-strait-of-hormuz-as-trump-halts-attack-on-iran?traffic_source=rss
2026-08-02T13:59:49+00:00,Al Jazeera,True,True,"Rubio’s bypass plan: Can the world escape the Strait of Hormuz chokepoint?",https://www.aljazeera.com/economy/2026/8/2/rubios-bypass-plan-can-the-world-escape-the-strait-of-hormuz-chokepoint?traffic_source=rss
2026-08-02T13:55:07+00:00,Al Jazeera,False,False,"Communal violence between Hindus and Muslims grips southern Nepal",https://www.aljazeera.com/video/newsfeed/2026/8/2/communal-violence-between-hindus-and-muslims-grips-southern-nepal?traffic_source=rss
2026-08-02T13:46:23+00:00,Al Jazeera,False,False,"Hundreds mourn Moroccan footballer who died trying to reach Ceuta",https://www.aljazeera.com/video/newsfeed/2026/8/2/hundreds-mourn-moroccan-footballer-who-died-trying-to-reach-ceuta?traffic_source=rss
2026-08-02T13:40:55+00:00,Al Jazeera,False,True,"Pakistan-administered Kashmir election boycott follows deadly crackdown",https://www.aljazeera.com/video/newsfeed/2026/8/2/02-08-reported-kamal-hyder-pak-pk?traffic_source=rss
2026-08-02T13:08:25+00:00,Al Jazeera,False,False,"Yemen’s crumbling roads mean an arduous quest for water for Taiz villagers",https://www.aljazeera.com/features/2026/8/2/yemens-crumbling-roads-means-an-arduous-quest-for-water-for-taiz-villagers?traffic_source=rss
2026-08-02T12:34:35+00:00,Al Jazeera,False,False,"South Korea has hottest day on record amid extreme weather globally",https://www.aljazeera.com/news/2026/8/2/south-korea-has-hottest-day-on-record-amid-extreme-weather-globally?traffic_source=rss
2026-08-02T12:33:29+00:00,Al Jazeera,False,True,"At least five dead; 41 missing after ferry catches fire off Indonesia",https://www.aljazeera.com/news/2026/8/2/at-least-five-dead-41-missing-after-ferry-catches-fire-off-indonesia?traffic_source=rss
2026-08-02T12:32:51+00:00,Al Jazeera,False,False,"Why has EU called an emergency meeting on Spain migrant surge?",https://www.aljazeera.com/news/2026/8/2/why-has-the-eu-called-an-emergency-meeting-on-spain-migrants-surge?traffic_source=rss
2026-08-02T12:07:11+00:00,Al Jazeera,False,False,"Spanish Ceuta witnesses a deadly ‘game’ for Moroccan migrants",https://www.aljazeera.com/features/2026/8/2/spanish-ceuta-witnesses-a-deadly-game-for-moroccan-migrants?traffic_source=rss
2026-08-02T12:06:31+00:00,Al Jazeera,False,False,"The Board of Peace is a failed body and should be abandoned",https://www.aljazeera.com/opinions/2026/8/2/the-board-of-peace-is-a-failed-body-and-should-be-abandoned?traffic_source=rss
2026-08-02T12:02:04+00:00,Al Jazeera,False,False,"Israel’s influence industry in the US",https://www.aljazeera.com/video/the-listening-post/2026/8/2/israels-influence-industry-in-the-us?traffic_source=rss
2026-08-02T13:11:56+00:00,Guardian World,False,False,"Chaos of border crossing gives way to limbo for Moroccans on Ceuta’s streets",https://www.theguardian.com/world/2026/aug/02/ceuta-border-crossing-spain-morocco
2026-08-02T15:00:27+00:00,Guardian World,False,False,"Alan Jones trial on indecent assault and sexual touching charges begins in Sydney",https://www.theguardian.com/media/2026/aug/03/trial-alan-jones-begins-sydney-ntwnfb
2026-08-02T15:00:24+00:00,Guardian World,False,True,"A record number of First Nations people died in NSW prison custody last year. Advocates fear this year will be worse",https://www.theguardian.com/australia-news/2026/aug/03/rising-indigenous-deaths-custody-nsw-ntwnfb
2026-08-02T14:01:23+00:00,Guardian World,False,False,"House prices slide across Australia as Middle East conflict and tax changes begin to bite",https://www.theguardian.com/australia-news/2026/aug/03/house-prices-slide-across-australia-as-middle-east-conflict-and-tax-changes-begin-to-bite
2026-08-02T14:56:41+00:00,Guardian World,False,False,"Man arrested after Scottish woman found dead inside suitcase in Athens",https://www.theguardian.com/world/2026/aug/02/man-arrested-scottish-woman-dead-suitcase-athens
2026-08-02T13:52:53+00:00,Guardian World,False,False,"Evacuations near Athens as Greece becomes focus of Europe’s wildfire crisis",https://www.theguardian.com/world/2026/aug/02/western-europe-wildfire-crisis-retreats-greece-evacuates-hundreds-athens
2026-08-02T12:42:40+00:00,Guardian World,False,False,"EU citizens in UK get letters telling them post-Brexit residency rights were given ‘in error’",https://www.theguardian.com/politics/2026/aug/02/eu-citizens-uk-letters-post-brexit-residency-rights-given-in-error
2026-08-02T15:10:17+00:00,Guardian World,False,False,"National Gallery security staff segregated like ‘second-class citizens’; curator claims",https://www.theguardian.com/artanddesign/2026/aug/02/national-gallery-security-staff-segregated
2026-08-02T14:42:01+00:00,Guardian World,False,False,"‘Stench of sleaze’: Farage struck deal over political return months before 2024 election; reports say",https://www.theguardian.com/politics/2026/aug/02/nigel-farage-deal-political-return-reform-2024-election-reports
2026-08-02T13:58:43+00:00,Guardian World,False,False,"‘Tiger mum’ Lucy Powell on Labour’s vocational skills drive: ‘It’s about ambition for everybody’",https://www.theguardian.com/politics/2026/aug/02/lucy-powell-tiger-mum-vocational-skills-labour-education
2026-08-02T13:00:23+00:00,Guardian World,False,False,"‘There’s no nurdle fairy’: thousands mobilise to clean up plastic spillage in north-east England",https://www.theguardian.com/uk-news/2026/aug/02/nurdles-clean-up-plastic-spillage-beaches-north-east-england
2026-08-02T12:00:22+00:00,Guardian World,False,False,"‘He’s a narcissist’: could Idaho killer Bryan Kohberger win a new trial?",https://www.theguardian.com/us-news/2026/aug/02/bryan-kohberger-idaho-killer-guilty-plea-trial
2026-08-02T12:00:22+00:00,Guardian World,False,True,"Trump is determined to pursue his trade war – and he may be difficult to stop",https://www.theguardian.com/us-news/2026/aug/02/trump-tariffs-weapon
2026-08-02T12:00:21+00:00,Guardian World,False,False,"For most US small businesses; Trump’s tariffs aren’t the big issue they were",https://www.theguardian.com/business/2026/aug/02/us-small-businesses-trump-tariffs
2026-08-02T12:08:07+00:00,NPR News,False,False,"Breakfasts around the world: In Australia; being denied vegemite is grounds for suing",https://www.npr.org/2026/08/02/nx-s1-5896064/breakfasts-around-the-world-in-australia-being-denied-vegemite-is-grounds-for-suing
2026-07-31T16:47:51+00:00,Reuters (via Google News),False,False,"Europe's shrinking rivers curb power output; transport and company earnings - Reuters",https://news.google.com/rss/articles/CBMivgFBVV95cUxNUkU4R0ZEVWd5enVhT0hmUzRjb3lkc1N3M1d4Xy1NczJqN2xpc1F6cVhvZ0tva1lLMUc0dGlrM2JnZWhfRWt0ek9CX1lJTnVldEhRYXgtTnhnR254enZIbFIwdFQ3Tl8tZDdidHozQk9oeld5UXVSRmJoZnVFS3ZOUFBDdEU5S3M2VEpESklZSHRzMmZQbDctZ09QMFFtRHNhaTV0cFBtbDB1ZzVWNm9ZM000X1ZWMUh1T1gxVGhn?oc=5
2026-07-30T17:02:07+00:00,Reuters (via Google News),False,False,"Mastercard beats profit estimates as stable spending drives transaction volumes - Reuters",https://news.google.com/rss/articles/CBMizAFBVV95cUxPU2hkcGlLSUwzNGh3M21ERmZNSTkzeTNoTUJ0dW9CQ21ybGJFa0thR2ZKUVdsSVhjckx0OFphS3hBY2NmcXdWMnRaYmlVaGloZFQ3YzVDNGREMHhoZW1Hbjlna3hka0xtLTNibE0wN3Jnai1WMFN1SGZ4UGRtWS1FN3dUQ09xVUFNM1NrVHo3QXB2X3g2WUI4YnZScjB2MTg5NHhlbzRBTTBGSlhvYTEyVWNpb0NfZ2tvbTFJcWNWemFXUmNWZXZGcDZSbU0?oc=5
2026-08-02T19:00:00+00:00,OilPrice.com,True,False,"China's Car Market Stalls Even as Global Demand Keeps Growing",https://oilprice.com/Energy/Energy-General/Chinas-Car-Market-Stalls-Even-as-Global-Demand-Keeps-Growing.html
2026-08-02T17:00:00+00:00,OilPrice.com,True,False,"Tidal Energy Could Cover 57% of US Electricity Demand; NREL Study Finds",https://oilprice.com/Energy/Energy-General/Tidal-Energy-Could-Cover-57-of-US-Electricity-Demand-NREL-Study-Finds.html
2026-08-02T19:03:14+00:00,Google News: Crude Oil,True,False,"Angels’ Brent Suter; a high-ranking player in the union; braces for Tarik Skubal debate - Orange County Register",https://news.google.com/rss/articles/CBMiwAFBVV95cUxOQ2tGSXpsZ0hmbGhMZXUzLWo2b01yVGYydnd1OVJhVGVieTlWU2lDWjVDV2ozNDRsMDhqTlhmeXNYdkhSc1ZNczlkZTlsa0FJaWtvekY3MThqeVFORnNwWHFsU3FaVDVKY0JXZTVTMmJHSVJ6WGhrV203dWtYbmhyQ0R0VGNmTUQ1Zkl1c1hudDZLdTNDVVd6RGJybTlXVnlva0pzREpyTXRoelZhaDUwYm1YM3N1ZTJPdkVqTUxJZTc?oc=5
2026-08-02T16:31:38+00:00,Google News: Crude Oil,True,False,"Crude Oil Price Dives as OPEC+ Agrees to Another Supply Hike - Benzinga",https://news.google.com/rss/articles/CBMiuwFBVV95cUxQUVUwakljYzVxVGFEZDFjaEpidkdhQWxORkMzTFprQmpmLU44MVgyaDc1OTFRTGJ0NlZWaXVqV0RzS09YZG1YMmNIYnNzTm1GRG12V2VJRGoxTVFwSkpvRTY2bHhSVXpjVFA0OERjVzZpLVZpMG1pSkt1VzIxUDYtcWN2dFlMV3Q1dkpGcFdranNiaFRGUlQtOThUa1E0SF9fZl84dUYyRHpvcTlRMUxZUnE0ZHlNLVA2eEpr?oc=5
2026-08-02T15:51:18+00:00,Google News: Crude Oil,True,False,"Crude Oil Weekly Outlook: Tight Inventories Keep Bulls in Control - FOREX.com",https://news.google.com/rss/articles/CBMisAFBVV95cUxNZTZQSi14Ym55THpyWVp0VU8zTTBmcVI3X2F1TEcxeXhUS0VqaUlQRU0xd0JOaUFZNHNqRVFoMmVtemZxWWo5U3I3SVcwSHVPU05oVjFBR2VLMnYyaklWcUtMRTg4OVZNY1ZGek5QeHRUdXkxZWhNY3FIUjRueWxGSUJPeDRKQmk0LXIwZVlBeXpLY3NFVDhMLXhRdWRzdFlzaGNDQjZRYm5Pb2I5Mk5MVQ?oc=5
2026-08-02T17:00:04+00:00,Google News: Crude Oil,True,False,"From Kirby Smart to Shane Beamer; where Brent Venables falls in SEC coaches hot seat ranking - Stormin in Norman",https://news.google.com/rss/articles/CBMiuwFBVV95cUxOdWxZdjJGNTZNVE02aDQxa3pFOW1KRWpBbVY2SWlZa2JzTC15bVV3TDFFVS01UmFFYXFSVU1LdV9PMkw4QXhiVkVjNHZPcU1lY3lQR05HRWdJTklUa1d5SEJTa0VjbllmZXNxUlhOeUsyNzVFWDhsTHhjZU0zUU1SbHRJWkxyOHppcHlhdlQ1bEVVUXI2S0R1UWdHS2RvM1J3VUoxWHgtbmRWWVhEY25fLU1OWENlbldsU1ZF?oc=5
2026-08-02T18:56:00+00:00,Google News: Crude Oil,True,False,"WTI Crude Oil 02/08: Traders Test Rough Peace Narrative - DailyForex",https://news.google.com/rss/articles/CBMisgFBVV95cUxPOXZsY3dFZGIwQWNyU2pXMkJHNE5ZY3g5WU5BX0Q4UEg1ejhxbUYtTzVEc0hVMnZvTlhrbFlzNGdMRjh4VUR4bkt3TnQwelJBeVVGYVdDYm1QVHVuU3c5ZkRmTGh6ZFVyYUpqRnpoVWVIQVd3c3Fjc0kzdWZxUjdSZ3p4ZS04V0wya1ZxaXhvQXAtMXdMeFNEbG9yakNKT183ai1LaC04d0w1RVQ2MEpLM053?oc=5
2026-08-02T19:43:01+00:00,Google News: Crude Oil,True,True,"Hormuz LNG Attack Pushes Brent Above $90; Qatar Gas Carrier Disabled; No Bypass Exists - Tech Times",https://news.google.com/rss/articles/CBMi1AFBVV95cUxNOHp6YmhtYkVKYU90VDlhQWhvcnQ1WW4tczRkOENtcmhVU3lSZm9pbG5ib0FONVlRbUl4UVlMTldvcmdpNlJuY3U0TGxpbTd3YmV6ZjhkekpmSVpsTUs1N2l5RVp0bVV5S1N1bV84X01paUVjTEZ3eW4wSWZseDgyRzFkazJUZm9zR29aNkdyak1ORUV6SjhQMTVWWnNpS1l4Y3ZOTnRBZjBFLWpPMGdJMXJUd0NVMURmNXVYU1pZR2RLc2VsWEV3dXJyTEVITkM5ZXV1Wg?oc=5
2026-08-01T20:37:00+00:00,Google News: Crude Oil,True,False,"DECISIVENESS: Georgia Tech's Brent Key Needs to TRANSFORM 4th Down Strategy to WIN in 2026 - WBIR",https://news.google.com/rss/articles/CBMiqgJBVV95cUxQOW9yaVpJVGpuWHRncWhHWkxrRnUzT0llbzZRel9hWGtqcnB5QmJLT1NSYy00N0txOWZIVmh1TmJNaFYydm1oYW1yWmxnVmQyRTA0aTI4U3pHOG93SlNqenRaeV9xaUU5QlVGVWhiOXExT1N1TWVEdkNmUXFab0p0ZXk2S29TNlFtSFpNRXlGcGgxSDRYUGJMSEFoNThqX1p5Sl8zUS1NdkgwdkNad2hSZkFoWG5lZ3Y0MDFpSkxDQ0tMeDhTb2xFcmZPTkFjVnN0ZnB5WE1SWm1YQ3A3Y0gweFdPQmxFd29wcS1WSTM5N3pRQ1h6TVp3cGRXdWVSU01mOTRINVk2UWEybHNqTWlmcUlJVFZMaE5VdkRYcXBnV25UdGJ3LWROdDJn?oc=5
2026-08-02T12:21:00+00:00,Google News: OPEC,True,False,"OPEC+ boosts September oil output; future pause foreseen | Daily Sabah - Daily Sabah",https://news.google.com/rss/articles/CBMiowFBVV95cUxPSVVPX3RzMWZMY1VLbVBNM3BYRm5HV0dqSi1zYWFISVpSaTJ1Vk53VVdYWnBCVkR5WEZCY0tuNkhDVnBTQUtHVllWQmhqbXJUcTVzU3JOOFpOejEwLU4xUEwzLS1ZTkVXeVk3VWhsVVlHMWhkVnF0NXd3TW9ZeFg1VHVQUDIwcm54VTA5MXFPejlaRXNKeXpkRDB6RV9aNEhxLTdv0gGjAUFVX3lxTE9JVU9fdHMxZkxjVUttUE0zcFhGbkdXR2pKLXNhYUhJWlJpMnVWTndVV1hacEJWRHlYRkJjS242SENWcFNBS0dWWVZCaGptclRxNXNTck44Wk56MTAtTjFQTDMtLVlORVd5WTdVaGxVWUcxaGRWcXQ1d3dNb1l4WDVUdVBQMjBybnhVMDkxcU96OVpFc0p5emREMHpFX1o0SHEtN28?oc=5
2026-08-02T16:10:45+00:00,Google News: OPEC,True,False,"OPEC+ Agree To Boost Oil Output. It May Not Reflect In Market Soon. - International Business Times",https://news.google.com/rss/articles/CBMilAFBVV95cUxPOWhXUW4tcjNGRjNVdnFnTVlnZ0pIUjhfWmdDQ1N6a0RKVVZNdDdVM3VFcFA2Q094V0JQLTU5MlQ1UXBpTE1MMTBNWFZHRjJQOFdPdnBacjRMQlVPSElwZmtmanV1bDB5NGdHa1ZHeDc1X21BQkY1bWJ6Y2hWTjFaM0g2eG1vOVlMcXRfZ3JTcFI3WXVh?oc=5
2026-08-02T14:19:00+00:00,Google News: OPEC,True,False,"OPEC+ to increase oil production by 188;000 bpd in September - Al Arabiya English",https://news.google.com/rss/articles/CBMitgFBVV95cUxPZlRhY05yOFdFWU90YXE3N2N3djNLTk9KYlZuT0ZMeWMyV2dvVFVhZDh4UzJCRTZxSEtJSkNHTkpha2lzS3FWMk9oUnNnRmt2UmxqY3luTmg0d1BRSVEwN3d0WG8tSkdka0Q3OWlZeU0tOU5Bd0hQcU9BcmtrSjhobE1hR1pPVFdwQnM4NXNOWGlhQkVNNHdMYnIwVW1lWDZERWJiLU9qMzQyNzZHbmJVTGJOV2swUdIBuwFBVV95cUxPWDN5YzRXMUYyaFdCNVhlNDZtSDMyU1pZSi1Ielg4WDVUUGYteWFhbnBDN2hUM0dmc2dOZEMtWUMwRlNndkxIazlXR1Y0RzdITndwU0hZdzJXQ0JjWHJFY2pvYi04MWp6NUJKSDU0WUtCUTM1bVpRQktRaXllSW1salVkM25VOE5aakxMbVNLTnRsSDZTUlVwTk9OLWozY213Sk0wYWZ2TS1MeU56SGRpaS1ldl9GUm5ldGNZ?oc=5
2026-08-02T15:35:35+00:00,Google News: OPEC,True,False,"OPEC+ Agrees September Oil Hike - ASHARQ AL-AWSAT English",https://news.google.com/rss/articles/CBMif0FVX3lxTE9GLVBBdDNPcGlnZmp2LS1zWFBjcGl3dVEwbWd3VFJIaDB6ekgtY01FaFhHejZKM0VwY1NFRTkwOERzbTRMc1hudUJaV2ZNM1FCR3hYSzNEcHhSd0ZQQXJBcnhQSWpnSlkxTG9EUDJua1FwRmNWQmltNkxtUldNTjQ?oc=5
2026-08-02T14:18:00+00:00,Google News: OPEC,True,False,"OPEC+ to Increase Oil Production by 188;000 Barrels Per Day Starting September - news.sbs.co.kr",https://news.google.com/rss/articles/CBMiZkFVX3lxTE5yTndRN3RrdVVsdl8tZERuQkVWS05PUzZJTzBoMm50N3BCOTFBdkE4V0FlbzlDUWxyeWxyU09fSGRnem5rV2xHZzBZaV9Gdkl6NEdJOEJUS19kWVBnYnN3cm1wa2NlUQ?oc=5
2026-08-02T17:25:55+00:00,Google News: OPEC,True,False,"OPEC+ Expands Oil Supply Again as Nigeria Watches Revenue Outlook - nigeriahousingmarket.com",https://news.google.com/rss/articles/CBMilwFBVV95cUxQeTVpMGd0cjh2T1dyekJrM0FOajJLOXRfOU5qekp6cFFrVVFaaTZOS0ptUE1ITmJzY0RHWUVsend5R2dINTlQUkRwUmVCeWFEdmxqWlAwVndHNFU2dlJ1V0YyT3h2QWF0UFN2RmZ3c0ptY3ZtU2ZiU2ZQdkNPei1DQVo4bmxBeUdWOWxWcFRPTmJNX0VYM253?oc=5
2026-08-02T17:08:27+00:00,Google News: OPEC,True,False,"The OPEC+ countries agree on the sixth increase in oil production in five months - Diari ARA",https://news.google.com/rss/articles/CBMiwAFBVV95cUxOZERhUUVCa3pTZExZTzhEVzQtRU8zSmEzLVpvd3h2V08wb3o5czVCZjc1MmJuSDBKUzB3ZHIzWjVKV0YyYWtyT2pQRDhrdy1HdjRQQTJWU0ZtUGZkaHMxN09TRUpJVEJCTVFpVnhsYVEzU01JZFBxUjBpYUpwd01RVXJVaUd3b2VQbTBIZGhtQWtqb2dHUEV1OEZLek9ER1dyb0YwSURrVXhMT19SZWxhd3hPYS1yNFdZWGl5Y2txRTLSAcABQVVfeXFMTmREYVFFQmt6U2RMWU84RFc0LUVPM0phMy1ab3d4dldPMG96OXM1QmY3NTJibkgwSlMwd2RyM1o1SldGMmFrck9qUEQ4a3ctR3Y0UEEyVlNGbVBmZGhzMTdPU0VKSVRCQk1RaVZ4bGFRM1NNSWRQcVIwaWFKcHdNUVVyVWlHd29lUG0wSGRobUFram9nR1BFdThGS3pPREdXcm9GMElEa1V4TE9fUmVsYXd4T2EtcjRXWVhpeWNrcUUy?oc=5
2026-08-02T19:07:40+00:00,Google News: OPEC,True,False,"OPEC+ Is Pumping More Oil: The Stocks That Win and Lose When Markets Reopen - Stocks Down Under",https://news.google.com/rss/articles/CBMidEFVX3lxTE9GempwSGRmZEVhekxUN1dFemtQZTVfdm5SQTBaalNTNVZGcUJJbUdLZVBQUmRubjRNTFoyWEJFdnRCZDNvM2VVaFlIMTR5NURLeEN6a2IyRzI4QWo3ZXRUdUhjdnZyM2l3a0ZNRDFTNnJIVmx4?oc=5
2026-08-02T08:11:00+00:00,Google News: OPEC,True,False,"OPEC+ September Production Increase of 188;000 bpd Expected; Followed by Year-End Pause - News and Statistics - IndexBox",https://news.google.com/rss/articles/CBMikgFBVV95cUxQT3l3S2dYQWw4aEhCTFlWZm4xWWJJbU0xUUZON0ktUm5VY0VpbEotRlZJemtLRVhpVGFUbkQ1N2xrdEF3eENZZHA4c2VLakxkc0NHNmg1TmJjN3NMdGN1NjFsdGQwME1acjV5emZ4b0gtOGg1RVpib1lfRjNUaXpwSl9iMG1CUjZvR1pNQWhfQkxrdw?oc=5
2026-08-02T13:05:54+00:00,Google News: OPEC,True,False,"OPEC+ continues to raise oil production by 188;000 bpd in September - report.az",https://news.google.com/rss/articles/CBMimgFBVV95cUxNemZaLVhtWHljZUQ4OEZERHM3bnNRM3A4cFpXNGlIMnhPT2QyV0VzSG02dVE3MjQ4NFpvX010M3lGRDZYZnhZampWUDNmblhFelVNM0szdWRiYVM5TEJFLWlPVWpmUkRYNzNTMnRyLWJ4WmxlYmNNZjdFYjJ1eGNzQTNOaWhqQnFQbTE0TDIxbDNzckhlZlFxb1Z30gGfAUFVX3lxTE0tYVZCRmllb1o1bGlnbktBTHcwWVhOYkRReDk2RnRNN2ZiRDdEcVJxWmhUWVo5cm4xZnJyRlRvWUFKd3Etc1VrTkZqTG00WXhUWVk0VWp3VnBPd1VsZ3lxdmJCWlJfVkJGVXJnbXFXNGg1bjlydWxPTUk1RlNIa2FMVkZjblNkczZlVjBIejVDaU9HdFltRkh6dGx5Y0xPcw?oc=5
2026-08-02T15:45:50+00:00,Google News: OPEC,True,False,"OPEC+ Agrees to Increase Oil Production by 188;000 Barrels Per Day - english.ratopati.com",https://news.google.com/rss/articles/CBMisgFBVV95cUxQaWlveEJfbnhDSmZicU44YmhObnplWk1RVjFKd2Rab2ZhSUZGX3c4OElMX0RiUVl2MjEyNzd2b1p6T19yWU5vNG9HYko2MzdnVndRWVV6aUJGblRwaUsweFVRVVhUNzRpMjlHYWdVVHJ4S2JvcEdxTmFIN2JPZkpNcDFMMERVU0VYeU9rNFhFQVhxblZXSnV1Z2NkQ2ZRanI5LTNCSmpuSGZBY1FjVkIxMFRn?oc=5
2026-08-02T18:16:31+00:00,Google News: OPEC,True,False,"Good news for Indian economy as OPEC+ cartel agrees to hike oil production by 188;000 barrels per day - india.com",https://news.google.com/rss/articles/CBMi2AFBVV95cUxQU0lnRlV0VFpEeFE1QjRTQm1ZcEU4bTNhYUFKbXFpR1NXNkwweVpHOEhOY3FBb3pvZTFGYlVVc1dXb2NpMEh1NFR6WE9MNE1naUVaSWtyazNtS0k0R1dDdVFZbXFMY2s0SHFmTkNlV191dThNVlBsVXFZbnBxYVNod05uMGhlZkQwWnRkRmlaWWowUkFRck15SjdMMjViVFNvaWJiQy1fZ2JMdTg0akxkOHB0NzZ4cVZNbko4YUZndWp0SUpMUTRsekdmbUsydkFpbzlRdzB1eFLSAd4BQVVfeXFMT2F5TDYxM3ZkSTBhdjBGTm45Q3gwcWxRb3FhdW9tTE0waUxSYlRSVVcwTnBYeGlTVkEtVXFNZ0ZSelZFOE1ZWFJuZngwMTBJUFRoQU5pMmRkci1VdXJlZXRlRTV0M0FmY3owVGpfN2x4SE8tUUZBZVFmNzZiaVlwMFN3eGhBbDJ3OC16c1VYRkVTUERaN3V6aWxoVU5URFNxek9LU2xIXzRudDRwbW1mNFZsV24wc0lwTzlZVEZhWkkyNVhITTQzS1VfZ1pKZ0NQelU5UDQwZEs4MHMwQWJ3?oc=5
2026-08-02T15:56:18+00:00,Google News: OPEC,True,False,"OPEC+ agrees to increase oil production by 188;000 barrels per day - وكالة الانباء الاردنية",https://news.google.com/rss/articles/CBMimAFBVV95cUxQbjBnWXBxVlBKWWU2bjJDeGwwTTZJRVlIT3Q5d0tOWVRuNVZnTVBwOXdEbDBSLW9wazZGWnJscWtiZGdXanExYUliM2hyLTNveWNJOXhmZ2hfZWJDVFYwWnQ0ZWRvWk51Y0gtQ2JWNmp2MDgwNlZvZTB2c0FQWTdXNWh6a01wVGJVVTVOOFZhNm92a1FTMVhOZg?oc=5
2026-08-02T16:04:17+00:00,Google News: OPEC,True,False,"OPEC plus countries agree to increase oil production by 188000 barrels per day from September - News On AIR",https://news.google.com/rss/articles/CBMiuwFBVV95cUxQMWF2clJRQTh0Z19SeHZWOG5iX21WcjdWbjJxdFI0UE1VWndjRUNtZFhMeWF0RkhZZW1pVndpSWU2NEpQRG1iay11RlBPV1hXSExVRmFoN2FsRE9MVy1VNDNlcktSREFEZUJBQ01yMkQySW9ZNnFmd29QWWpZRHpQeFFVYXZwRHpKajVLaDFBTktZSkxSSHFhYXRSUm9kWS1vRkc4R3NpZmNtLXBiYVZMTFgzT05tYXpnQ3RB?oc=5
2026-08-02T17:13:34+00:00,Google News: OPEC,True,False,"OPEC+ boosts September production by 188;000 barrels/day - Oman Observer",https://news.google.com/rss/articles/CBMiqgFBVV95cUxOUGl0TndIbk01RE9jc3IzTjRGSm1vQk94aHNfMm1qeXdnczFFeFhHM05QUGlHWERBTUVQVmNlS29FaWlMSGRNcVprU0lxcFhMQllDcWMwUllvc2hQMGNFY1hBQUM0NVlBS0JiNV9xakVSQnJKQXJfeWIyRzU2ZnlNZEJKZV9WRWpnd1RDZWdNR1ZsbTY3TjlianQ5WXREeVhQTFRjODVjaWxkUdIBWkFVX3lxTE50MHhXLUNFN2xDeXJFV21Nd0ZTVjZrb19rYk9hUVRCb0FBZ09qYXBmYjgtdDg0MGQwVndzbFBac0p3cmpYUUFpY2s2YkFXY2tnQV9VUFhOUVE1Zw?oc=5
2026-08-02T02:42:08+00:00,Google News: OPEC,True,False,"OPEC+ tipped to raise production again but new quotas loom - NST Online",https://news.google.com/rss/articles/CBMisgFBVV95cUxNdUhtZlppY2tuZTRPdkJGYkQ4SC1POW5ybGI3RGJ1WmpNQm9maEl0NFppalc4bERaWFFPeFpoZmM5NWdCTWhrRDJrOUVIeEp6TE9feURpNjcyR2V0QU9MNS1QSWhRTGRGU0pMN1pWMkpOQTRoeGxLamhWdUt2Vm5CMEQtaVNsbFgtNlZpRWFNeHV4V3B1TDVJaWwyNW9XYnRNQk5DY2prRmxRWjloM1ItM1dR0gGyAUFVX3lxTE11SG1mWmlja25lNE92QkZiRDhILU85bnJsYjdEYnVaak1Cb2ZoSXQ0WmlqVzhsRFpYUU94WmhmYzk1Z0JNaGtEMms5RUh4SnpMT195RGk2NzJHZXRBT0w1LVBJaFFMZEZTSkw3WlYySk5BNGh4bEtqaFZ1S3ZWbkIwRC1pU2xsWC02VmlFYU14dXhXcHVMNUlpbDI1b1didE1CTkNjamtGbFFaOWgzUi0zV1E?oc=5
2026-08-02T14:30:10+00:00,Google News: OPEC,True,False,"OPEC+ boosts September production by 188;000 barrels/day - The Peninsula Qatar",https://news.google.com/rss/articles/CBMipAFBVV95cUxNQWVXS3l4UUxiUFh2WmoyWXBxaTFKVi1UNDN6OEFPem1UNTNSOExkaEJrS2Y0eWtRbVZwQkszVXFuVmVEUFpsbGFxZFRMX3JDbzQxR3BWQ2NPWmYtSW9SdzNpd1BDSTl6ZG1XMGF6emotaFd6djJpZlVGbm9zeHlyLTJKQjA0OHhmWUZFN01fbWdFOGpoRUR2LU54SGlla1Vic0tkQg?oc=5
2026-08-02T12:30:27+00:00,Google News: OPEC,True,False,"OPEC+ boosts September production by 188;000 barrels/day - bssnews.net",https://news.google.com/rss/articles/CBMiUEFVX3lxTE5vMUxxcUplUkpUeGIwWF9NcGt6MmlKSDhWa25MV1JYTmUyR1RmQ0hLdTY3TlRhUkpULWFfeEdLMmx0MDN3eFdjRzJJdzhFM01J?oc=5
2026-08-02T15:48:00+00:00,BBC World,True,True,"Ukraine says major Russian oil refinery and airfield hit; as Moscow reports eight deaths",https://www.bbc.co.uk/news/articles/c998gg5pe09o?at_medium=RSS&at_campaign=rss
2026-08-02T16:37:02+00:00,BBC World,False,False,"Uganda unveils statue of Israel PM's brother who died in Entebbe rescue mission",https://www.bbc.co.uk/news/articles/c9v471x89m3o?at_medium=RSS&at_campaign=rss
2026-08-02T16:52:35+00:00,BBC World,False,False,"At the scene of deadly Moscow bomb blast",https://www.bbc.co.uk/news/videos/c1719pk0xq8o?at_medium=RSS&at_campaign=rss
2026-08-02T19:39:32+00:00,Al Jazeera,False,True,"Israelis attack Armenian monastery in Jerusalem’s Old City",https://www.aljazeera.com/video/newsfeed/2026/8/2/israelis-attack-armenian-monastery-in-jerusalems-old-city?traffic_source=rss
2026-08-02T19:30:25+00:00,Al Jazeera,False,False,"Body of climber Nirmal Purja; six others recovered after Pakistan avalanche",https://www.aljazeera.com/news/2026/8/2/body-of-climber-nirmal-purja-six-others-recovered-after-pakistan-avalanche?traffic_source=rss
2026-08-02T19:26:05+00:00,Al Jazeera,False,False,"Most Americans say Trump has gone too far on US immigration: Poll",https://www.aljazeera.com/news/2026/8/2/most-americans-say-trump-has-gone-too-far-on-us-immigration-poll?traffic_source=rss
2026-08-02T19:08:06+00:00,Al Jazeera,True,True,"Iran says negotiations with Oman over Strait of Hormuz in final stages",https://www.aljazeera.com/news/2026/8/2/iran-says-negotiations-with-oman-over-strait-of-hormuz-in-final-stages?traffic_source=rss
2026-08-02T18:38:47+00:00,Al Jazeera,False,False,"Two helicopters collide mid-air while tackling wildfires in Greece",https://www.aljazeera.com/video/newsfeed/2026/8/2/aje-onl-nf_two-helicopters-crash-mid-air-wildfires-in-greece-020826?traffic_source=rss
2026-08-02T18:37:23+00:00,Al Jazeera,False,True,"Ukrainian drone attacks kill eight in response to Russian missiles",https://www.aljazeera.com/news/2026/8/2/ukrainian-drone-attacks-kill-eight-in-response-to-russian-missiles?traffic_source=rss
2026-08-02T18:28:13+00:00,Al Jazeera,False,False,"‘Iron fist’ doesn’t work with Iran: Former US hostage in Tehran",https://www.aljazeera.com/video/the-bottom-line/2026/8/2/iron-fist-doesnt-work-with-iran-former-us-hostage-in-tehran?traffic_source=rss
2026-08-02T18:27:41+00:00,Al Jazeera,False,False,"Republican senator says former son-in-law should resign from US Congress",https://www.aljazeera.com/news/2026/8/2/republican-senator-says-former-son-in-law-should-resign-from-us-congress?traffic_source=rss
2026-08-02T17:57:01+00:00,Al Jazeera,False,True,"Fetus found among the ruins of a deadly Israeli strike on Gaza",https://www.aljazeera.com/video/newsfeed/2026/8/2/fetus-found-among-the-ruins-of-a-deadly-israeli-strike-on-gaza?traffic_source=rss
2026-08-02T17:15:56+00:00,Al Jazeera,False,False,"Migrant deaths in Ceuta rise to 72 after border surge from Morocco",https://www.aljazeera.com/news/2026/8/2/migrant-deaths-in-ceuta-rise-to-72-after-border-surge-from-morocco?traffic_source=rss
2026-08-02T17:06:30+00:00,Al Jazeera,False,True,"‘Iran war participation trophy’ mocking Trump appears in New York",https://www.aljazeera.com/video/newsfeed/2026/8/2/iran-war-participation-trophy-mocking-trump-appears-in-new-york?traffic_source=rss
2026-08-02T16:55:39+00:00,Al Jazeera,False,False,"Deadly floods and landslide hit India’s Kerala",https://www.aljazeera.com/video/newsfeed/2026/8/2/deadly-floods-and-landslide-hit-indias-kerala?traffic_source=rss
2026-08-02T16:40:44+00:00,Al Jazeera,False,True,"Suicide bomber kills 14 outside police station in Pakistan’s Swat",https://www.aljazeera.com/news/2026/8/2/suicide-bomber-kills-14-outside-police-station-in-pakistans-swat?traffic_source=rss
2026-08-02T16:27:58+00:00,Al Jazeera,False,False,"Capital One cites anti-money laundering concerns in Trump Organization case",https://www.aljazeera.com/economy/2026/8/2/capital-one-cites-anti-money-laundering-concerns-in-trump-organization-case?traffic_source=rss
2026-08-02T16:10:32+00:00,Al Jazeera,False,True,"Saudi Crown Prince MBS urges Trump to ‘prioritise dialogue’ in US-Iran war",https://www.aljazeera.com/news/2026/8/2/saudi-crown-prince-mbs-urges-trump-to-prioritise-dialogue-in-us-iran-war?traffic_source=rss
2026-08-02T15:36:28+00:00,Al Jazeera,False,False,"Israeli settlers shoot Palestinian child during farm raid",https://www.aljazeera.com/video/newsfeed/2026/8/2/israeli-settlers-shoot-palestinian-child-during-farm-raid?traffic_source=rss
2026-08-02T15:33:20+00:00,Al Jazeera,False,True,"How to end the ‘Hormuz war’",https://www.aljazeera.com/opinions/2026/8/2/how-to-end-the-hormuz?traffic_source=rss
2026-08-02T20:00:18+00:00,CNBC World,False,False,"AstraZeneca in talks with Bristol Myers Squibb on $400 billion megadeal; FT reports",https://www.cnbc.com/2026/08/02/astrazeneca-and-bristol-myers-squibb-mull-400-billion-deal-report-.html
2026-08-02T15:54:05+00:00,CNBC World,False,False,"'Spider-Man: Brand New Day' chases 'Avengers: Endgame' opening record with $355 million domestic debut",https://www.cnbc.com/2026/08/02/spider-man-brand-new-day-box-office-355-million-domestic-opening.html
2026-08-02T13:00:01+00:00,CNBC World,True,True,"Investors scored on Iran war's oil market boom. Staying long the trade will get trickier",https://www.cnbc.com/2026/08/02/oil-prices-iran-war-energy-market.html
2026-08-02T18:16:26+00:00,Guardian World,False,False,"Burnham to be ‘relentless’ on small boat crossings after Ceuta crisis",https://www.theguardian.com/uk-news/2026/aug/02/andy-burnham-small-boat-crossings-uk-ceuta-crisis
2026-08-02T17:21:18+00:00,Guardian World,False,True,"Healey’s profiteering warning on food and fuel risks row with retailers",https://www.theguardian.com/business/2026/aug/02/john-healey-profiteering-warning-retailers-backlash
2026-08-02T16:54:07+00:00,Guardian World,False,True,"Britain could face food shortages as drought continues; farmers warn",https://www.theguardian.com/environment/2026/aug/02/britain-food-shortages-drought-continues-farmers
2026-08-02T16:47:22+00:00,Guardian World,False,True,"Cleveland police failed to arrest man who later killed two-year-old girl",https://www.theguardian.com/uk-news/2026/aug/02/cleveland-teesside-police-failure-murder-sexual-assault-two-year-old-girl-isabelle-walsh
2026-08-02T16:27:51+00:00,Guardian World,False,False,"Burnham to focus on keeping child rapists in prison as release scheme talks enter final day",https://www.theguardian.com/society/2026/aug/02/andy-burnham-child-rapists-prison-release-scheme-talks
2026-08-02T18:28:43+00:00,Guardian World,False,False,"RFK Jr tells US families to vaccinate children against measles amid outbreak",https://www.theguardian.com/us-news/2026/aug/02/rfk-jr-measles-vaccination
2026-08-02T18:09:18+00:00,Guardian World,False,False,"Republican calls for Max Miller to resign from Congress amid abuse allegations",https://www.theguardian.com/us-news/2026/aug/02/max-miller-domestic-abuse-allegations-calls-to-resign
2026-08-02T16:06:14+00:00,Reuters (via Google News),False,True,"Italian-led EU force boards sanctioned tanker from Russia's 'shadow fleet' in Mediterranean - Reuters",https://news.google.com/rss/articles/CBMiyAFBVV95cUxONW5zbU8yMjdVdGc1Z0pTSGFZVUZRTDJPR2lQM3NNU2p0Ym5OcW5xSkgwbnZ5ZmNsUWRaWHgwckZSRFFPMHNWQWtkVS1wcHIwX19uUEdER3Ewd3BLS25NdnFEb29WNHd3dzVPaHJZRVBwamp6MWltM29hbXNNYTVTc2FCUmZpaWF4b0dsNUJzYnRYMHhfRWR4emdRaFBkd0tHX0ViZlZoMXBDN3FEWS1rV21kaXpqdWlHXzkxaU50SGlfaGdvZEI4LQ?oc=5
2026-07-31T01:38:00+00:00,Reuters (via Google News),False,False,"China's factory activity shrinks in July as demand falters; fuelling slowdown concerns - Reuters",https://news.google.com/rss/articles/CBMipwFBVV95cUxOQWpqV214OXV5ekxGT2NOR0hPTXljM2dVWUd3SGVVeG9Id2RqT0lIY2laLVFKZ3BqeTJncm1wcUZmRGdIZlBoM2tjMlc5NEZkNnRYZXYxenNqVlY4cEt3WWhGYmEtUUwxbVhKTmNQcU9GZHMzNEZiY0dDMXJ6bjg2bkgxcFFvRzNRQy1CZDdkNFlGVTNHek9rbU9kc2pwZHFoWkF0R085UQ?oc=5
2026-08-02T23:33:07+00:00,Google News: Crude Oil,True,True,"Oil drops over 4% after Trump calls off planned strike on Iran - CNBC",https://news.google.com/rss/articles/CBMiiAFBVV95cUxQTlo2dTFvaHRvczRaNmk4ZDMzVDZlMGNwSy02azBBSnV6Q016Tm9iWnhXMDFUNVd6eTdMWURkLWszNnFVVUYzMVhKRm1LRnpnUFcwQ0xsaG1XenNPdlhwTi15UEI5T3ROZklQVkVVYm1NdTRxSGdXTGxRdzZhTDF2aThqSFQ2NXhh0gGOAUFVX3lxTE1IUkFZaldQWjJ1NDlNMWQ0S1YtVnVsNWdYTW9UcXF5b1AxSDc0dUMzQ09Ga3pfU3E3OFU3dkM0RzFYbU94bWhxMlZnZjdkZWlkbmllYTJxSUd3YWxMVnZyMWxpWk1BZm91Nk5SSmJzY2VmNDFPQy1nRWhOUmJZTENuSU5wem40SmpMQU1CSVE?oc=5
2026-08-02T19:49:33+00:00,Google News: Crude Oil,True,False,"RAW: OPEC TO INCREASE SEPTEMBER PRODUCTION - crossroadstoday.com",https://news.google.com/rss/articles/CBMi3AFBVV95cUxQZ1B1WmNZZjByeFQ5elhMdFl0Wkk1aU9PaUhUcWc3Zm0xYzNDRnpQTnhfNkFJcVkwZkdCNU5XYzFnMGhReTA0N3NXakpxSFF6SDBRVGloOFhoTl9uX19Ld1czSDkxaEZ3N3ZsSXd6eUozWm1TN0E2VFlqcEZWVVVQZmhVYlltZ210aWZjMzRYeVk1VEcxakNBV1o5SXI5dXIxOXNIYkRhUGFSLTEyRnFvOU94cUpuYWFQcFc5bzVac0x1dHJxM04zbnByaGhvQnZFY19UVUx5RmVCRGFE?oc=5
2026-08-02T20:05:40+00:00,Google News: Crude Oil,True,True,"Column: Will the Iran war deliver the final blow to OPEC? - The Virginian-Pilot",https://news.google.com/rss/articles/CBMimwFBVV95cUxQdHpsY1dHdDQyb3Q2TUlrQ3lkbFJUcDBTS2U3Q0trcnFUaFBPZXZING0wZEFsR1UtdXhZTVNiNlBINm1pdlUxYnZISDdNQm9zWG9Fbk53eDZXQmtIVWVPaUszTGVocHRMZHFyd1h0ZWZidWprSURGVEJyN3BzMHZsWG5fWktjbDF5MGVfU2ZpemtfWDJOOHMzenJJVQ?oc=5
2026-08-02T20:57:13+00:00,Google News: Crude Oil,True,True,"Brent Headrick strikes out the side in the 7th - mlb.com",https://news.google.com/rss/articles/CBMifEFVX3lxTE1LNWV1dFpGYlZRS1dicUZjbWxJMFR5R0dOa2lpQXF1SFRCSlcyNVZ0Zll5V1E0ekIteW90MUlmdEY1NHNZWGF4cFJ3YWRWZi15ZTVwYTFEX1VINHdFd1NVN0lINHBmdWdBdWN3VXowMVRIRW9wM2lvcGRSd0I?oc=5
2026-08-02T19:49:33+00:00,Google News: Crude Oil,True,False,"RAW: OPEC TO INCREASE SEPTEMBER PRODUCTION - Tulsa World",https://news.google.com/rss/articles/CBMikgFBVV95cUxPNFFZQXN0eXRnUmJHVm94amlOREc4aHRRTWpTTFA2aUVrUHRsTzZQSzJLS2gzNkljVU93REM2d0h6OGJSZFdMTXRUcnZodXdWanYtcHBBWFZob3JJeGpzLXZLU2JESG15eE81UnNNR0FBYVkzZ0lGZVVJUG1IazNfTVdoUWlYakdsU2ttOV9qTFRfQQ?oc=5
2026-08-02T19:49:33+00:00,Google News: Crude Oil,True,False,"RAW: OPEC TO INCREASE SEPTEMBER PRODUCTION - Kearney Hub",https://news.google.com/rss/articles/CBMiiwFBVV95cUxOZ2FVSEJ4Qnk2OHZuOEJvbXhCRFZreWdaZVZ1MTM0OWRQbFQza0gyT1dLc3ZMS1N1SEdaQzRGRTVIckpUUE5WcE9CMU90OWMzMFdpdnlIeGxkdzd3NUhQX1o1cUJmMnE5M1ZYazFYRnFGcGVIamhJZHpKNEUzZG1DYTNOUkgyTVJ5Z0g0?oc=5
2026-08-02T19:49:33+00:00,Google News: Crude Oil,True,False,"RAW: OPEC TO INCREASE SEPTEMBER PRODUCTION - Lynchburg News and Advance",https://news.google.com/rss/articles/CBMijAFBVV95cUxPLWdBWWo1ejRYdS0wU19rTllFTHJoY3ZHdE1zeGd0U2l2Y2hTc1RUdmVpOXFINVJJbjVZU1ZZbjJISkhUZENieDd2NHpReTJob3VQYUxpNEh0Nk9QMU9BbnE0SC14ajdoaEJqbFNrQ1A4SEdabVFYU0dFMWN6dTl0LVl0dnkwVVlEQXBQNQ?oc=5
2026-08-02T19:49:33+00:00,Google News: Crude Oil,True,False,"RAW: OPEC TO INCREASE SEPTEMBER PRODUCTION - Waterloo-Cedar Falls Courier",https://news.google.com/rss/articles/CBMiiwFBVV95cUxPU0h6YllhU2FlM1c3cWJ3V0ZEbDk4TGF4NXlheUEtcEU0dVNJd0t6M2Zmdm5YOXBwNWxhVHBXbDNQQnpFaXFSZ203bE1vUG91VzJNY3Ztb0syVWxUdXRpYlQ1czNMWXRveWZMZkEyV2FnekRVQzVPRVFocjYtQXlKTm5jQlVfVmZTaXZR?oc=5
2026-08-02T19:49:33+00:00,Google News: Crude Oil,True,False,"RAW: OPEC TO INCREASE SEPTEMBER PRODUCTION - Bryan College Station Eagle",https://news.google.com/rss/articles/CBMiiAFBVV95cUxQZmY3bVRzczJxbUR5ODE2ZnY4Q0FEWVgwN2RTYW93c05ieURvQnFFR0xDY01pUEJLdUR0dkFhOUFSNVJ0dmg2RWJMc2s2M015OEpfMGlsNDR3dHJ1aDRmenZrWHBqVlVKc1h2ajNMeGpsNWNncXRjYjk0X2N2bzJtSU1IMkdzNUR2?oc=5
2026-08-02T19:49:33+00:00,Google News: Crude Oil,True,False,"RAW: OPEC TO INCREASE SEPTEMBER PRODUCTION - The Times and Democrat",https://news.google.com/rss/articles/CBMiiAFBVV95cUxQTU5Zak1EZ1QxeXd3MF9rV0h2WlZraWc2NEZNRmJnMHFJV3Zlcy1yU2lGWU9JTU56SkV6WU1oWnVQemVLT1RwUS1leUVWTG9nOWZLSUtmU3NGS3kyUEh2UmtBOTI2YXl4RDVNNGliRTc4c2tPVV85LXU3aG5RZDZJTExqUF9RQnMy?oc=5
2026-08-02T13:00:01+00:00,Google News: Crude Oil,True,True,"Investors scored on Iran war's oil market boom. Staying long the trade will get trickier - CNBC",https://news.google.com/rss/articles/CBMiekFVX3lxTE9LY2JjZElLTGFUT0wxcXhvbnJFd2taYzlXaUhRNWNwOUFvbFBLX3MtWnhWeXpHUUlxRjBJcWwyaktlVnBOVmxPdFJSSUhIa0FZQmU2VU5zTHdVN0VXdVVWMWFrZUVBSlgwcXc3cXliY2FkVWNYbkdGX0dB0gF_QVVfeXFMTnJKWHBaeTFfYUZ3RHoyMWx0c0NWSFpsc1ZZUzZoN3JiRUFla3FfVDFVMllZcHplSTRmRExUMHU4aG16T29MOGluZ1RyOFJ5ME13aktEZUJ0c01OQmlaUzRNRHFYblNGOE0xVVc2WG1lcWZkLWpDTGsxS0Z3blVvSQ?oc=5
2026-08-02T19:49:33+00:00,Google News: Crude Oil,True,False,"RAW: OPEC TO INCREASE SEPTEMBER PRODUCTION - Montana Standard",https://news.google.com/rss/articles/CBMiiwFBVV95cUxPSkxxSFhGT1h0Szh6NldFcU1GLVFrX1ZOY185UkVVNWlWRmJid3RZXzE4WWNRaW5fLUdfUUduTnBVZHhCZ0lQdEYzXzQ0aW1VYlN0V0g1ZHp0RDJ0dkhVZDdJVUd5dmF4T2VuTjVlcGZ2dDhxRkN2cldXa3pEM3l0VmVEaERCOGNvdURR?oc=5
2026-08-02T19:49:33+00:00,Google News: Crude Oil,True,False,"RAW: OPEC TO INCREASE SEPTEMBER PRODUCTION - Kenosha News",https://news.google.com/rss/articles/CBMijAFBVV95cUxNZTd0TVZuNVFlTm8zMU0zbmlLdWpNd2laUEQtQWs2NzZOaUw4WW9iQjlWVVpOLS1TSHVCMkNtWGMtQUk1cXo5UjVmbXdqX2pIVU55MlFjQ0tENmlLOUdPVV83cGxSaGtYa1NoVlU3RXlMRlJadk1hYjlTTWt0NmYwMnI2NjQ4Tlc5M2dpcQ?oc=5
2026-08-02T19:49:33+00:00,Google News: Crude Oil,True,False,"RAW: OPEC TO INCREASE SEPTEMBER PRODUCTION - The Bristol Herald Courier",https://news.google.com/rss/articles/CBMijwFBVV95cUxPd19aSWtMcmdPUlJHOXV1NlFZUUpHUk1jT2E4SWJvTm1PN0R0S082OU5DeS1MX2d2bF96YV9HV3loNUpmVkdkRmNKZl85NmpsRU8tUEU2X0NoY09TRXNqM1VPNGFKbjNORVctcWtYY18tMmpHYUlPb3huUmJwcHNEOFR4TnFNSTVyX1IyNnNKVQ?oc=5
2026-08-02T19:49:33+00:00,Google News: Crude Oil,True,False,"RAW: OPEC TO INCREASE SEPTEMBER PRODUCTION - Albany Democrat-Herald",https://news.google.com/rss/articles/CBMikAFBVV95cUxOYy15VDBhSWZrNTVjVDhkVEh1ZXQ2UjhPMFNZbHNua3ZHU3FWUWQybHQ1LVloSm95WGVURFRHS1JVd2V1aXNZbDVHbDZ0UWhiNE43aW5oZkxhYzRDQVBwUG9mSHJScUJsN2FpX1NyRDhmY2FOU1dZYklnZzF1cUVuRkprX2tYOHBFZnFOcUZhZ00?oc=5
2026-08-02T19:49:33+00:00,Google News: Crude Oil,True,False,"RAW: OPEC TO INCREASE SEPTEMBER PRODUCTION - Hickory Daily Record",https://news.google.com/rss/articles/CBMijwFBVV95cUxQMGhkTXhUb25IWXVEaUdNcHFvbnN1MVZoWkRNdjk2ci1pTEFSS3lpUkdLZkpQa0FLQ0UxTHlSQUZSR2ZqU045dUpJbVBEWnhqTVNyNHFNTVlNNktKMWVpU1J0RGVSTkdKckhLc1lUM3dyRVVOcGoydWJYZE1YSHdjWmxfUXpGcGMxTml5elRsMA?oc=5
2026-08-02T19:49:33+00:00,Google News: Crude Oil,True,False,"RAW: OPEC TO INCREASE SEPTEMBER PRODUCTION - McDowell News",https://news.google.com/rss/articles/CBMijgFBVV95cUxPU1JZZlNJcDQwVG0yb25aV3A0d1VkaXkxLVhDYlRiVURBNU1CWFY2Z0gyTXhrYmVOcy03YU1BV0t4RlZ2UE5ObHdsZ3BNb1BIb3R6c3UzYU9seU84eTg5Y290dk1FdWdCN0s0c3Q0Qm9qYW5YNGJKYUpFUmpMUHFSMDRhRTJTOXhSb1c2X013?oc=5
2026-08-02T19:49:33+00:00,Google News: Crude Oil,True,False,"RAW: OPEC TO INCREASE SEPTEMBER PRODUCTION - The Bismarck Tribune",https://news.google.com/rss/articles/CBMikgFBVV95cUxQd2JBak91TjRwRzZUMFBJSW1PNXN6dVhWbXQzem9fNkItZXlzMkhWNXZoc1VYSEQ1dVJVR1N0R3ptY29TaEJ2WjZRZUtvcG5DRks1SjJLT3ZXeFI4eWd1dmhqanhqUmtMR3cxUHRncFZZX084TGQwUGJDZ3JfbEhfcUdtUWhGRHVoN2g0TmZ3cVlBZw?oc=5
2026-08-02T19:49:33+00:00,Google News: Crude Oil,True,False,"RAW: OPEC TO INCREASE SEPTEMBER PRODUCTION - Culpeper Star-Exponent",https://news.google.com/rss/articles/CBMijgFBVV95cUxOMkxpM0RHWXFhUVN4RW9pUVV4NHpnTDhaQTNNeVNTOTRjclNtRGdXWFYwa0pPZWNhR0JjMXVST1JKa2xCZ3BWTkpRUXRTRkpGZGppa0szZktLU21KQ2N2SHkxTTI1Q2FZZVI1SjZoaFU4WVJ1allxSHhzQmVZdUxma3JScjBoNEJvUDBobTNn?oc=5
2026-08-02T20:04:01+00:00,Google News: Crude Oil,True,False,"Brent Headrick escapes bases-loaded jam - Yahoo Sports",https://news.google.com/rss/articles/CBMiigFBVV95cUxOakw3TUJWbzYyVUJCUWNNZDFsNnh6Y3g0QjFMYlZ0a2h6WS00T3RkMVh2cmd2VkhMUlNvNEhRc2lMR0dqUkdDeVFfZ3lYUWNSM3A0MVJ4ZGdMWjU2Slc3b0I2SlZSTlZkWHdFbEZmeDIycWNVaV9vSlctaElpV0dIXzBpV1hQVXRfc3c?oc=5
2026-08-02T22:20:15+00:00,Google News: Crude Oil,True,False,"WTI Futures (USOIL-F) Is down 6.94% on Aug 2: Why It Happened - TradingKey",https://news.google.com/rss/articles/CBMijwFBVV95cUxNTWdPS1RWUUdDc2xpczRrZVJ6M1VWcnFycUhfdjNERk5ILUVkMjY5U005WXJTaGV0d25SdWJjcFM2dGFUYWxmT3FoQldVc0N5d1VaR3lQY0ZMUEpzZmtEeDVkWFVNbDBlaHIxN3laSXVuY0pveFRtRzczMzk1UlVieGxxYzFwNDlqSmszTXpxNA?oc=5
2026-08-02T22:05:16+00:00,Google News: Crude Oil,True,False,"Brent (UKOIL) Is down 8.69% on Aug 2: What Changed in Supply and Demand? - TradingKey",https://news.google.com/rss/articles/CBMijAFBVV95cUxNVDN6b0VqSVREQTVXWjk0OGFRb1NZYThWdmxYWmw4RTV4MHZvOW15eE1YTGVnb3hQT01FdE13bk5KV2VmbTNwbU1QV2xJdkYydGtkU3NQM0toZFFEM3RYYUVLNllPWUloSTdGazBEdEVpQjhsS0NoNXV6OXQ2ZVdpQ0NER2F3Ny1mZDl5Sw?oc=5
2026-08-02T22:15:13+00:00,Google News: Crude Oil,True,False,"WTI (USOIL) Is down 8.15% on Aug 2: What Is Driving the Move? - TradingKey",https://news.google.com/rss/articles/CBMijAFBVV95cUxOT0ZNUC1FSkR6emQ0S0dhN2VvMkFuV0llUklWYS1WYjd2bjQyOXk4ZjRzZmMxOXg0ZEFxWkxtMHJXX3Bua3JBWUpvVlozTUZpZV9kMHY0aWVzZDVpM0tfaEVmUjNoYWRaOFZOby03RUJYRTE3YXhpbjJaTmhQMzFsZzJWYV81NzJydEVyUg?oc=5
2026-08-02T22:10:15+00:00,Google News: Crude Oil,True,False,"Brent Futures (UKOIL-F) Is down 8.09% on Aug 2: What You Need to Watch - TradingKey",https://news.google.com/rss/articles/CBMijwFBVV95cUxObFRva1M0WkZ2VmZHeV92b0FIXzF1ZmFSZ2F4NmZ6MVY1Y190aTlqblpjajd3ZUlpejkyT3EtMXRGTUh5cExxZlM1Y2JpZ2FuOVZSSVJ4RWdMOVhheHFGdGFmZVczNTBhMHgxRlRBa1RnWmtyb0VwRGtQcjFYUFp0QklUUVpvT0tRMERFMFk0SQ?oc=5
2026-08-02T21:19:11+00:00,Google News: Crude Oil,True,False,"OPEC+ Raises Production Caps Again: Concerns About the Stability of Maritime Routes and Energy Infrastructure - Vindobona.org",https://news.google.com/rss/articles/CBMizwFBVV95cUxPNjhlU0lURFZUOWpNd3pUdHhVZ1hfZWFKcGZ2MDViMTZYZ3h2T0dPOHNaeDlPbmxSaGpudDRfMXN4WlpaWXRPQ3pmQnNiSEZLdE95dVhCWHk3N285dFdrQzgyVkRJdklWN2tLQy1WR0dHVUkzV0JLaVZwbUZzRkF6SG5YNkRiTkRkNTlqZXlPOWpMblVXNEtJLXFiV25DMmh3U0RJMXFXOUhfZGxpejNHR1pBdXdCYXZWUmJ1R1A5dFVtZnJLb2RubDdjV0VKcEE?oc=5
2026-08-02T19:49:33+00:00,Google News: Crude Oil,True,False,"RAW: OPEC TO INCREASE SEPTEMBER PRODUCTION - Herald-Review.com",https://news.google.com/rss/articles/CBMijwFBVV95cUxPZDNLUHhlUnpSSENFbWhURWFuYnVIbWMycmM2RFItNnlKMXVacWxTY1hIMEFWTmppWUl1N1lsR09OOWVselpNck1pbE1fZFBnc1RJLTVtYWtPYzFoNk1JSUpRclZ2WmVDMVRiSlMyczMwVmYxWm44T1d0SldEYUI5RUg1OVFmQ1FSbFF1VE9WYw?oc=5
2026-08-02T19:49:33+00:00,Google News: Crude Oil,True,False,"RAW: OPEC TO INCREASE SEPTEMBER PRODUCTION - siouxcityjournal.com",https://news.google.com/rss/articles/CBMikwFBVV95cUxPakc5WXJKMmNQV1RzQnJ0b2NnOEIxbk5oWTNWQWxGVjZ3WVRmelNEelNOeUx2cjZYYTFCSTFWNnBQT09uXzRvT2R3ZktXU1lhVnlxcklDTDRFaVExU0RQVUJLYmtyd3Y1S1ZmZW9ZbnEwalRCaEhENWd0M2VVUW01NXRUczZEYUlYWnBmZEdOVUo4NWs?oc=5
2026-08-02T19:49:33+00:00,Google News: Crude Oil,True,False,"RAW: OPEC TO INCREASE SEPTEMBER PRODUCTION - Journal Times",https://news.google.com/rss/articles/CBMijgFBVV95cUxOeWFIVXU1akZaRGoySlJwNDc2eHhnSmQ1S3NBUFU0S29uaUFBdTlRajVvNTVJdTdVVHdoSUpzQmtoQ09XYndiOGlvNDk1OFZXbGxxVWRvOGhQcVFsbF9Lb1V4SEF2dU5wSnc3R2hVXzkxWTFUcFBNX05LZmxTNUFuVzJkQURUcnNsdHpzazhn?oc=5
2026-08-02T19:49:33+00:00,Google News: Crude Oil,True,False,"RAW: OPEC TO INCREASE SEPTEMBER PRODUCTION - Richmond Times-Dispatch",https://news.google.com/rss/articles/CBMiiAFBVV95cUxQTXp0djFGVXJrX25PYXJ6VWthdlQ0d3hrR0w3bzBFdTJvUVZiQU5FNWhPLW9CYVFOeklodDZaWExTdHBXeVFvVm9XamNiSU04TXZvaGxJcm1acG1EMWhRM0pqejRpMFdydE9kLWlHYjFjNFJiYXhSb3RnbmMzSXFkZFNVeXFUaWg2?oc=5
2026-08-02T19:49:33+00:00,Google News: Crude Oil,True,False,"RAW: OPEC TO INCREASE SEPTEMBER PRODUCTION - muscatinejournal.com",https://news.google.com/rss/articles/CBMikwFBVV95cUxQRVJYWTNvdVBpMk94bV83SjZuY0xpVzRfdDVVY0lRY25BVjh6ak9GRkRWRy11cGJwRXZIS2R5Z1JLV1BhSjJjUnhjV0RrQXYzSHpnTzNyamFFMmYxaXhSSVNzRVZFYUk3Ym9pLVRhc0NpUWJ1SkdSRldDbFZuSTF6cldaMV94TGtjZVJrTDRsLTJfalk?oc=5
2026-08-02T19:49:33+00:00,Google News: Crude Oil,True,False,"RAW: OPEC TO INCREASE SEPTEMBER PRODUCTION - Martinsville Bulletin",https://news.google.com/rss/articles/CBMimAFBVV95cUxQaDRwVWRCQ3lMaDM0cmdEN0Y4Q2kwc2Z2eXJ3OUpmS21MdTFWb2FMblBmSGNBT0k3M1RrcmZuUlVzQ2ZYTFpzODBOazg3VVotdU9wT3NPRWM0WGhBSG01RHJ2SWlUQkVNV1prZk9PbjloY3dhYVc2YTdUc3dENWhFWHJHVWY3aXl1ZktsbDBEWVFrbW8xVU1mXw?oc=5
2026-08-02T19:49:33+00:00,Google News: Crude Oil,True,False,"RAW: OPEC TO INCREASE SEPTEMBER PRODUCTION - Lincoln Journal Star",https://news.google.com/rss/articles/CBMijAFBVV95cUxQWkxrbl84YjFtM2sxclk2UkIzdnlMZUtDQ3BZdXdZU24teHM1ZnFvZVlBRDUyd0ZzNDFXN2F1dzU2YVNKQ1NvRVR6a2lMS3UtN2RoOWxCRk1vTmZrdmRTak9UNWd1SE1hNzI1LUZ1c2VLVERydTNyek1VcHd2MFBqOTRFUzl4SkJGNTR0MA?oc=5
2026-08-02T19:49:33+00:00,Google News: Crude Oil,True,False,"RAW: OPEC TO INCREASE SEPTEMBER PRODUCTION - Waco Tribune-Herald",https://news.google.com/rss/articles/CBMiiAFBVV95cUxOOEVkZ0ZxZk9ZTzZRT3JFZk11TTFjSGFjZGVzdnAyQlcwX3Q0RDU4cFlibWlpWTZZM1YtLWpRaTVBYTBqLXJzbGhnaHJLem0zWGZRdDRQQUFpeGt6NlliNk41SFhXd2NMUkxJel8zU3hHRV9xdUs4My1KaU1zMVBiR2Z4NEhWbEJ6?oc=5
2026-08-02T19:49:33+00:00,Google News: Crude Oil,True,False,"RAW: OPEC TO INCREASE SEPTEMBER PRODUCTION - The Post Star",https://news.google.com/rss/articles/CBMiiAFBVV95cUxQT3lpM3RkT1lndjFyZ051WWhfZE9BZ0xUMm85YXVLS203dUFZV3U3TUFaRmFoRmM2ZGozcjh6NXNPdEZmN0hjZVhQc3l3Wk1kZW5GcVBzZ2ZyU3I5UHVDeXNBU0lqeThZMGRFb1NzSHJXUUNvNlZaZnVUNEtFcmVGUnQ5SUtXczd3?oc=5
2026-08-02T19:49:33+00:00,Google News: Crude Oil,True,False,"RAW: OPEC TO INCREASE SEPTEMBER PRODUCTION - The Grand Island Independent",https://news.google.com/rss/articles/CBMikAFBVV95cUxOQ3N5d3Ixa1I2Nk44X3JybGFJN3V3RXc2STVVY3EzVkQ4eTU4QkJiN2JjVm9YSjZiSnlaWWtpVkwyeHE1cjcwZUdGSlQ0Sk03bFNNREd1dVFITzNPLUJBbHE2U2poTHQ0WGcxMUt0YUpkUmJSNzM2aWY4YnZUdlh2QjJLOV9HSWVfcjEzc0x0VW0?oc=5
2026-08-02T19:49:33+00:00,Google News: Crude Oil,True,False,"RAW: OPEC TO INCREASE SEPTEMBER PRODUCTION - Ravalli Republic",https://news.google.com/rss/articles/CBMikgFBVV95cUxQT1FxemhxQlh4ZXY4UUxRaXoxZldZMEFZMlY1N3lDYjlTRlM3QzV1VFE2bmhBY1U1X2VJZ3laaUFPa0xKSXh6QUFZNWRSZ1paZ1JnTVJJSW5HZTB3YlNHZFBRXzd6c0swR0ExQ0NaMlNXZXpobXhjSWc3OTJMY3NrWkZOeXpoenVjUHJxdnM2UWJrQQ?oc=5
2026-08-02T19:49:33+00:00,Google News: Crude Oil,True,False,"RAW: OPEC TO INCREASE SEPTEMBER PRODUCTION - starherald.com",https://news.google.com/rss/articles/CBMiiwFBVV95cUxPXzZEQ25lREtLUVFPTTV1MWtOYUtoU19feFBsd1JqRDhoVWVZRENHVnpkTGp6bzlQVV9UZzY3bDYtdFRpR0RzalpDN2dNU1FfbHA0am5HalNHSmNFOVl0azVNdlV2LWN4cG5BOHVRUzRDYk1ydmQzTjdaa0p5SnMwS3JIUDhVMWtBandZ?oc=5
2026-08-02T19:49:33+00:00,Google News: Crude Oil,True,False,"RAW: OPEC TO INCREASE SEPTEMBER PRODUCTION - magicvalley.com",https://news.google.com/rss/articles/CBMijAFBVV95cUxOTjdJdjEzNjNWTm5OcmJvSDR2RHA2Z1d6aURuOHltcXNrS3Rob3RyOUtYWHllV3AxVGloS1lhMThTN2pDczVqZ3pfdXBnYXA1NUxrQXI5Yy1fZXFIQ1ZVU3o1X1hpYWlTX0VaQUp2bmRhcnU0MG8wWTNHeGNDSXVOU1ROMTRrZG05UFRLRw?oc=5
2026-08-02T19:49:33+00:00,Google News: Crude Oil,True,False,"RAW: OPEC TO INCREASE SEPTEMBER PRODUCTION - Opelika-Auburn News",https://news.google.com/rss/articles/CBMihAFBVV95cUxQMnplSzJlalprVE14NElHYWNVemFGeFRCNkJYNmo4U3A3c1c2dHBXaU11RUNtTW9TR1F6TWFfLXNOZ3VSbGtmMmhZUE9NckJSQmJJR29sdFlLdlBhR0xQc1A3S1FsaFpGeDVWaFRxNldWNjVwTFFFSDlDcUliTFpzbkRoNTQ?oc=5
2026-08-02T19:49:33+00:00,Google News: Crude Oil,True,False,"RAW: OPEC TO INCREASE SEPTEMBER PRODUCTION - York News-Times",https://news.google.com/rss/articles/CBMijwFBVV95cUxON0wwOXNpei1oNFdwM2pldU1KZHgyRVcyVE1NbjE3YmxjdkhFSVVwcUJDSGdNYXlveWJqM0J0WFN2X2wxWG45TWN1emNkMFRNYnJiaVNxU19rSlFzQVo3OEVnbXRLaXUtOE9MdHRWQlN1ZVIxWlRoTnptRjdGMTJ5SDF1UHNDOEkwbUE5aEJHMA?oc=5
2026-08-02T19:49:33+00:00,Google News: Crude Oil,True,False,"RAW: OPEC TO INCREASE SEPTEMBER PRODUCTION - Fremont Tribune",https://news.google.com/rss/articles/CBMikAFBVV95cUxOLTNReEUwbDZHYW9xYnVXMW82aFNOcjh5Ti1oTEpEVThBXzMzSjFPeEwxbjM2b1lPMV9zMHJ3Q3VUa2d4Vmc3UnM0c1VmeTRKVE9QeFRsRllLLTRvbU51elVyWWM3NjRWVVpNVmwtcU9YYTMtejdnRVVDeURSbFdyWGVoaC1ZOFJ4Smp2OHhyRFM?oc=5
2026-08-02T19:49:33+00:00,Google News: Crude Oil,True,False,"RAW: OPEC TO INCREASE SEPTEMBER PRODUCTION - Statesville Record",https://news.google.com/rss/articles/CBMijAFBVV95cUxQUTZhN0MtX0hJTl92SUxCODhmZ2JER3o5VTRTUjBsMXhJdl9MYThQNjBnU2ZlSW9Ncmx5MjcyVTJkMktPNUlhTDNXV19TbUVqc0JISWdCQVdrb05oaDJIcFBTd2I1XzR5VmNKZHA5TVBUTmREMDFXRUcwbXFTbm04RDRMSWlfMUZQSkxOVg?oc=5
2026-08-02T19:49:33+00:00,Google News: Crude Oil,True,False,"RAW: OPEC TO INCREASE SEPTEMBER PRODUCTION - The Danville Register and Bee",https://news.google.com/rss/articles/CBMiiwFBVV95cUxPOWlnTUJaeXR1UVJzMndjNHAzRE5JX0RMS3ZidHBIYTcyRFVTclZFSmlnRm5yZ3NIZGwyVE02QVlBNzlyX2R6SU5hSG92YjZFd0UySy1CckVEMGhaQTg4RlMzMlljbTN0MV9ld3JZSEdBSm4xRlpqMWR2RmFRcndra3VsN2ttUTNXU2g0?oc=5
2026-08-02T19:49:33+00:00,Google News: Crude Oil,True,False,"RAW: OPEC TO INCREASE SEPTEMBER PRODUCTION - Daily Nonpareil",https://news.google.com/rss/articles/CBMikgFBVV95cUxPMVlMNTg5ZkttTkFGb210RlFCYTU3Z3FrZ2NUb293eW5fTWtHSG1vLVpSLUJrbmpuU2dTb2xEZTZ1UUNTR0RsLTVtTlB4dnEwR0theG5oVFN1RU5sNmNSbXg4V3labjBTWTVpLWw2dkZXVm91Y3dvU2ZDVmpiNjAxNzJnMjhYbm00ZVQxTmVsZTVXdw?oc=5
2026-08-02T12:48:00+00:00,Google News: OPEC,True,False,"OPEC+ countries agree to increase oil production in September - Ukrinform",https://news.google.com/rss/articles/CBMitAFBVV95cUxPYXFRZ1hVdVJMWHptTGhFUGFJQmNjNXl5WGticmdJNFZKSlptZ244UGY4MHdubVdPWFBwSEVTcVFhRndNTmtVN2Fqb1ZyRzgxQWZ2TjhtVE04QXRCZ0VnLUlIT1NPZ1I1Q3hjUzhCdXIwN3Y3ZDhqNndVSW9VVmFuN1YwMTVSMVRjRm5KODdhT1lkUlBINlF5aFNoTUFMcktfT2pnTnhyYVBYMTdhbURZS0NtZVjSAboBQVVfeXFMUE83LUU3T0pLVHF3X1p0LV9mWU5GQkZjSFRNZFBJcThLUnRfV3lJWFRMbGd1QmhGZEI3djZXcnBKek5RWmxaYUFhM055OEpPUWdyV3MzSkFhY0ktMTFib01GbUFsM0lydW5OcnZmZkJ6RHZ2TS1PelA3dklDYUlndE9uQXpfMUFPQl9wYWFCcThaSktWVHpVVS1NczNLSHNLRkVORkU3UVNiZ3hWOE5YZW1tcmJSNG1DN013?oc=5
2026-08-02T19:43:26+00:00,Google News: OPEC,True,False,"OPEC+ agreed to increase oil production in September by 188;000 barrels per day - Українські Національні Новини (УНН)",https://news.google.com/rss/articles/CBMiogFBVV95cUxPLWUzUHduT2VOUXRadkZFUXh0WTZzYzhQbG5iRURnd2ZYU1c2X2lldTNUYzZFT3F0a0IwWjF6ZkV3WUxXUnVuMG5QdE5ZTkgxZHVKOFpRbExYajFZLWtzNDFGX2wteFU3YmVDYVBmY1BjNXBkbnhRajBMMnRTZjZkX0d1dGhsT1BVVWRUUkc4QjBPd3A0MEFvbDNtRDVGbldfdnfSAaABQVVfeXFMUEdCRnJycmI1TzJDcVUyeWxPeDRYY3lfUVZZdFNFZ0ppWUMwcFdsQTZtcnNoNDduTkFsUHB0VC1Scm5YTTBmd0dKdUR6WFZyWThlUWlRZXg0VnNnU3RsZW0tWjVQY0l6UUZFOVVuS0RFM1Z0Q21WRjcyZEEyQmJpeXQtaElmb2pHN3Bab2U5Y3RUZ2c3SmdSM0V0N0tNQ0pRYQ?oc=5
2026-08-02T22:33:00+00:00,Google News: OPEC,True,False,"OPEC+ raises production targets - Semafor",https://news.google.com/rss/articles/CBMifkFVX3lxTE9JZC1MOU5TMWUwREVlWGF0cU1BYnFYV2ZWU2NVUVB2ZkFNX1JVbGE2bTZGMTYwRl8zQnJaWktlZDZLQkxHZU9wTTVUMGF4VUJVRXFPQ0ZBbUNWazlNUF82S2U5ZmJEOFY2S0FGSnpKU3R4U1JDQld0ZHJkWVZMdw?oc=5
2026-08-02T07:06:52+00:00,Google News: OPEC,True,True,"OPEC+ expected to raise oil quotas as Middle East war disrupts supply - Türkiye Today",https://news.google.com/rss/articles/CBMitAFBVV95cUxQSHhTNTA1YkNqSFJVQ2QwZkF1XzU0ZUZ3NGx4WUstRFRzOFBuTDVfM242LWRFU05CaGNLVWNXZEplVU1EdVc1MktXd0oyWVNpeXlyVFhrXzRDY2l6OHFxdDNIQVpTbzNFUHp5R3NjeGtlZy0tY0JvTVlQV0l6RHgwRFE0UW9wZUlhNWJvWG1Qc2NXeFBpZktYT1ZqMUw2bU55VER1REZ5NC1CSEpETTNaWUFFclM?oc=5
2026-08-02T16:09:21+00:00,Google News: OPEC,True,False,"OPEC announce plans to increase its output in September - Arabian Business",https://news.google.com/rss/articles/CBMihAFBVV95cUxQOEdpX0pVWFVOOHJDNFZ2LWt6bFN2WVJKYU5LWUZOV1liSDlpVnUxTkFsTkFNazdfWVFoLTZEOWhTdDc3bFJSeGUwWUw2eDlIdWZYUWpxTXQ4MEQ2bmQ5NGlMODJ4NGktZHpNTEdKY284d3FqYUdEY1gyYUxIdlppemZlSXA?oc=5
2026-08-02T20:09:21+00:00,Google News: OPEC,True,False,"OPEC+ approves 188;000 bpd oil output increase for September - Sharjah24",https://news.google.com/rss/articles/CBMiW0FVX3lxTE1vUWdIQ3MxWFZrakZlQ2NSY0ZOMGRORm5SSENKcHNEYnVNcW5UR2dqemk5MndMRjR4alpyNFROY19BZ2VoeWJPM1A1WUpnNVlXczRyS0lBbGxKcVE?oc=5
2026-08-02T03:27:12+00:00,Google News: OPEC,True,False,"Opec+ tipped to raise production again but new quotas loom - Free Malaysia Today",https://news.google.com/rss/articles/CBMivAFBVV95cUxQTVF6TnBoVXRTVXh3Q1ZSSEZ3OV9RTUZNRElCZndDNkU3bTFScVgzUU5IYWROOXlrR0tsTGFBazJOWDB1V2J0cWtwSGx6Ym01X2tqbktvVkVBMkZNQldEUzg2VGw3RFBhRWlMWGNXNlRJaWZ4WGxKOWtGS3lkaTVESURSV2tNdmlvNF9xb1hUanY5Rjdwc0pkeHRVSUFJNl9oZU9jR0EteGJ3dktGYkNsU0I2T3FLVHNaU3dvXw?oc=5
2026-08-02T21:09:03+00:00,Google News: OPEC,True,False,"OPEC+ tipped to raise production again but new quotas loom - Borneo Bulletin",https://news.google.com/rss/articles/CBMikgFBVV95cUxQSGxkOVU5R3JiNGo4Q3NUZXlOWnB3ZVJkamMtWThBbTdrTzFaZ20tVjB2QlUxV2xTeW5qZnhaSGlJUFM2VmdiMGlJaXZ6LUZwMXdkdXpsWGI1Rm1pMnpSNWFUTTU4LXFFQWtvcTFUOUVlSE43ZGxGaFZocUxoSHBscHkzNDE1SXNVdTlPdHZmVzFnZw?oc=5
2026-08-02T15:13:31+00:00,Google News: OPEC,True,False,"OPEC+: Algeria and Six Other Countries Decide to Increase Production by 188;000 Barrels per Day Starting Next September - الإذاعة الجزائرية |",https://news.google.com/rss/articles/CBMiU0FVX3lxTE9Ud2VzREZKUjk1NHBGT1pmdjluRFNVckdnS1NEMkI4UjIxR2NieVlNNGtyWkVRQ0dTQTlrT3dodm5jZ2ZkOE5icThmTHNJNU1feDBN?oc=5
2026-08-02T22:51:09+00:00,Al Jazeera,False,True,"Sudan army drone attack on Darfur kills 35; rights group says",https://www.aljazeera.com/news/2026/8/2/sudan-army-drone-attack-on-darfur-kills-35-rights-group-says?traffic_source=rss
2026-08-02T21:47:18+00:00,Al Jazeera,False,False,"Wildfires force mass evacuations across the Pacific Northwest",https://www.aljazeera.com/video/newsfeed/2026/8/2/aje-onl-nf_wildfires-force-evacuations-acrosspacific-northwest-020826?traffic_source=rss
2026-08-02T21:18:03+00:00,Al Jazeera,False,True,"Local volunteers help rebuild destroyed Christian monastery in Lebanon",https://www.aljazeera.com/video/newsfeed/2026/8/2/local-volunteers-help-rebuild-destroyed-christian-monastery-in-lebanon?traffic_source=rss
2026-08-02T20:45:01+00:00,Al Jazeera,False,False,"UK PM Burnham vows to be ‘relentless’ on Channel migrant crossings",https://www.aljazeera.com/video/newsfeed/2026/8/2/uk-pm-burnham-vows-to-be-relentless-on-channel-migrant-crossings?traffic_source=rss
2026-08-02T20:29:32+00:00,Al Jazeera,False,False,"Venezuela and the Dominican Republic say they will work to restore ties",https://www.aljazeera.com/news/2026/8/2/venezuela-and-the-dominican-republic-say-they-will-work-to-restore-ties?traffic_source=rss
2026-08-02T20:01:21+00:00,Al Jazeera,False,False,"Is Washington dictating the agenda for talks in Venezuela?",https://www.aljazeera.com/video/inside-story/2026/8/2/is-washington-dictating-the-agenda-for-talks-in-venezuela?traffic_source=rss
2026-08-02T20:00:45+00:00,Al Jazeera,False,False,"How much has AIPAC spent against Michigan’s Abdul El-Sayed? And why?",https://www.aljazeera.com/news/2026/8/2/how-much-has-aipac-spent-against-michigans-abdul-el-sayed-and-why?traffic_source=rss
2026-08-02T23:33:07+00:00,CNBC World,True,True,"Oil drops over 4% after Trump calls off planned strike on Iran",https://www.cnbc.com/2026/08/03/oil-prices-today-wti-brent-hormuz-trump-iran.html
2026-08-02T23:25:56+00:00,Guardian World,False,False,"News live: Australian company ‘deeply saddened’ by fatal collision of its two firefighting helicopters in Greece",https://www.theguardian.com/australia-news/live/2026/aug/03/australia-news-live-fuel-excise-cut-jim-chalmers-cost-of-living-anthony-albanese-labor-angus-taylor-coalition-one-nation-pauline-hanson-ntwnfb
2026-08-02T23:23:22+00:00,Guardian World,False,False,"Ariana Grande to take ‘a step back’ from public life due to ‘endless; ongoing scrutiny’",https://www.theguardian.com/music/2026/aug/03/ariana-grande-statement-step-back-public-life-eternal-sunshine-tour
2026-08-02T23:01:34+00:00,Guardian World,False,False,"Artists; writers and scientists urge UK government to save Jodrell Bank Observatory",https://www.theguardian.com/science/2026/aug/03/jodrell-bank-observatory-artists-writers-scientists-letter
2026-08-02T23:01:33+00:00,Guardian World,False,False,"At least five Mohamed Al Fayed abuse survivors confirmed as human-trafficking victims",https://www.theguardian.com/world/2026/aug/03/mohamed-al-fayed-abuse-survivors-confirmed-human-trafficking-victims
2026-08-02T21:05:52+00:00,Guardian World,False,False,"Rupert Lowe urges Nigel Farage to work with Restore Britain",https://www.theguardian.com/politics/2026/aug/02/rupert-lowe-urges-nigel-farage-to-work-with-restore-britain
2026-08-02T22:27:31+00:00,Guardian World,False,True,"Suspect in Idaho restaurant shooting died of self-inflicted gunshot wound; police say",https://www.theguardian.com/us-news/2026/aug/02/idaho-shooting-suspect-gunshot-wound-death
2026-08-02T20:20:52+00:00,Guardian World,False,False,"US representative Marcy Kaptur taken to hospital after car crash",https://www.theguardian.com/us-news/2026/aug/02/marcy-kaptur-congresswoman-hospital-car-crash
2026-07-30T14:38:23+00:00,Reuters (via Google News),False,False,"UK PM Burnham says he will use North Sea oil pragmatically after Trump comments - Reuters",https://news.google.com/rss/articles/CBMiwgFBVV95cUxNMzY4NklnbFJtdHhnSDJRUThmZElwLTJQMDdFS0xiRDltR1kxeDNyaFh3THhPUTlzckNzbnhYOUxkc2p3OFhHLV82UGJGZHUxcFJyZ08tLWdJM2MxYlNWUm5QbS1IYk1vTEhRMF9PZTFkeDFHZVBZQlc3RjJoYVRXaTg3NWVRZ3ZNclFjQWhDVEZGME4yYW9NcHpFYjN3Rk5oSncxR0F2WWlhUmhsVWd4UUhNcEJGV01Ud3FrYTNpRUNUdw?oc=5
2026-07-30T19:33:39+00:00,Reuters (via Google News),False,False,"US refiner Valero Energy posts record second-quarter profit; shares jump 2% - Reuters",https://news.google.com/rss/articles/CBMivwFBVV95cUxPY1c5OGlkeDg2SVJwZnd4RkpWaDhrNklmRWtpbFJQaElUUWYyNGFBZjBqVW9hWjRSWk8ycFRrSnhxTTRKLWt0d1doZ0ZmRExTT25lc3QtUEMtZWl4a1dvcHlNRVVCVlFPNTF5T1lYTUpSMEVheVZzeHVkS3huVW1yS0Y1c0JoUWdQNkRsME9mVUpITWh5djNwLXp2bVVPY2ZDWHNlQjU5NTg3bzZsQnpqZmRiOWpPSXVmLXZJNmprRQ?oc=5
2026-08-03T12:30:00+00:00,OilPrice.com,True,True,"Australian Regulator Wants Tougher Pollution Rules for Darwin LNG Plants",https://oilprice.com/Latest-Energy-News/World-News/Australian-Regulator-Wants-Tougher-Pollution-Rules-for-Darwin-LNG-Plants.html
2026-08-03T11:30:00+00:00,OilPrice.com,True,False,"Shell Sells European Onshore Renewables Portfolio to TotalEnergies",https://oilprice.com/Latest-Energy-News/World-News/Shell-Sells-European-Onshore-Renewables-Portfolio-to-TotalEnergies.html
2026-08-03T10:30:00+00:00,OilPrice.com,True,False,"India’s Imports of Russian Crude Hit New High in July",https://oilprice.com/Latest-Energy-News/World-News/Indias-Imports-of-Russian-Crude-Hit-New-High-in-July.html
2026-08-03T09:30:00+00:00,OilPrice.com,True,False,"BP Completes Sale of German Refinery as Portfolio Overhaul Accelerates",https://oilprice.com/Latest-Energy-News/World-News/BP-Completes-Sale-of-German-Refinery-as-Portfolio-Overhaul-Accelerates.html
2026-08-03T08:30:00+00:00,OilPrice.com,True,True,"Kuwait Oil Production Surges as OPEC+ Completes Output Cut Reversal",https://oilprice.com/Latest-Energy-News/World-News/Kuwait-Oil-Production-Surges-as-OPEC-Completes-Output-Cut-Reversal.html
2026-08-03T07:30:00+00:00,OilPrice.com,True,False,"India Moves to Rescue Renewable Energy Projects Stalled by Grid Shortages",https://oilprice.com/Latest-Energy-News/World-News/India-Moves-to-Rescue-Renewable-Energy-Projects-Stalled-by-Grid-Shortages.html
2026-08-03T06:30:00+00:00,OilPrice.com,True,True,"Greek LNG Ship Safely Clears Hormuz After Maritime Incident",https://oilprice.com/Latest-Energy-News/World-News/Greek-LNG-Ship-Safely-Clears-Hormuz-After-Maritime-Incident.html
2026-08-03T03:05:00+00:00,OilPrice.com,True,True,"Oil Prices Plunge 5% as Trump Halts Iran Strike Plans",https://oilprice.com/Latest-Energy-News/World-News/Oil-Prices-Plunge-5-as-Trump-Halts-Iran-Strike-Plans.html
2026-08-02T23:00:00+00:00,OilPrice.com,True,True,"Saudi Oil Reroutes Hit Capacity and Security Limits",https://oilprice.com/Energy/Crude-Oil/Saudi-Oil-Reroutes-Hit-Capacity-and-Security-Limits.html
2026-08-03T10:21:32+00:00,Rigzone,True,False,"TotalEnergies to Acquire Shell's Onshore RE Assets in Europe",https://www.rigzone.com/news/totalenergies_to_acquire_shells_onshore_re_assets_in_europe-03-aug-2026-184276-article/?rss=true
2026-08-03T10:20:56+00:00,Rigzone,True,False,"Analysts Look at Latest Oil Price Moves",https://www.rigzone.com/news/analysts_look_at_latest_oil_price_moves-03-aug-2026-184275-article/?rss=true
2026-08-03T08:18:46+00:00,Rigzone,True,True,"Trump Announces Fresh Iran Talks after Strike Uturn",https://www.rigzone.com/news/wire/trump_announces_fresh_iran_talks_after_strike_uturn-03-aug-2026-184274-article/?rss=true
2026-08-03T12:38:21.065952+00:00,Investing.com Commodities,True,False,"Strategy sold 1;638 bitcoin last week",https://www.investing.com/news/cryptocurrency-news/strategy-sold-1638-bitcoin-last-week-432SI-4831000
2026-08-03T12:38:21.065989+00:00,Investing.com Commodities,True,False,"BitMart Facing Formal Inquiry from Scandic Coin Over Extended Delays in SNC Token Withdrawal Processing",https://www.investing.com/news/cryptocurrency-news/bitmart-facing-formal-inquiry-from-scandic-coin-over-extended-delays-in-snc-token-withdrawal-processing-4830756
2026-08-03T12:38:21.066011+00:00,Investing.com Commodities,True,False,"Bitcoin tests $62K support with breakout looming: Live levels",https://www.investing.com/news/cryptocurrency-news/bitcoin-tests-62k-support-with-breakout-looming-live-levels-93CH-4829888
2026-08-03T12:38:21.066030+00:00,Investing.com Commodities,True,False,"Bitcoin slips below $63k as Coldcard hack overshadows U.S.-Iran hopes",https://www.investing.com/news/cryptocurrency-news/bitcoin-slips-below-63k-as-coldcard-hack-overshadows-usiran-hopes-4829856
2026-08-03T10:49:31+00:00,Google News: Crude Oil,True,False,"OPEC+ oil output hike is irrelevant for now; not for later - Reuters",https://news.google.com/rss/articles/CBMiuAFBVV95cUxOZ1F5SEtvVzlTU0VibXRmNGx4ZldyYllQcHBfSEkzRHVLVGdrNUxMLUZtQXZsT1pTWjJ4Z1F0ekFyN3NkWjRITjdCc2NtcmpFZ0k2OWN5Z25WOVVFVHpJNEVWQkU3emxZYkUtVFhFand1cWVHSWUyRUpQa1FOOUtPWlRKUzRVQUs3V3oxcWphVzVKUUhSSUNZaHNtdHVkM1U5VXE2Q0ZPNzE4UG5WQmdVS2cwZlU3UnNN?oc=5
2026-08-03T09:16:00+00:00,Google News: Crude Oil,True,True,"Oil prices plunge and Europe’s stock markets rally after Trump calls off Iran strikes - The Guardian",https://news.google.com/rss/articles/CBMiugFBVV95cUxNTnFXZ21oQ1d6V3NEODl2V2dBdmpLN3RkRnZtd2lGVHg5Ty1qMFBmQ29yb2JkdS1FTDNIMGIxMEp1c2tHa2s2MnhpQk5fWFQ4QWxDY2NxOU1yRGdwek1zUUs0NlpiWXFPUGZLVkVaQzdlSTBDcVFuci1rRnU5RlJTanR4bTFwdkZiOEhaOEdNRkZyUjV1TWxZQkM3UUZuR0pWaEhkMktabk00V1FxV3h6SUt4Ri11WjFGYmc?oc=5
2026-08-03T05:00:00+00:00,Google News: Crude Oil,True,False,"Jambalaya on the Bayou – A Drill Down Report on Louisiana’s Crude Oil Pipelines and Refineries - RBN Energy",https://news.google.com/rss/articles/CBMipAFBVV95cUxOTVdDLTVtRWlxdk1RZUZfeHhfNEk5eFVYM21lazJTS05aRnYwZzBtc09NallGWi1oWEQ2Rk44ZmVlUWUtbFJQV0hTNUNCaHdvZUt5eklGZ2pSTks4QnpjaFVHMmpPc0xjRUttSnlfOElWM2txRVFMVXlodDIwUXItT3B6bzR2MzRpYmVqaGdpN3E1djhrNVlqczRnUHpRcjhwQlZiQw?oc=5
2026-08-03T11:15:35+00:00,Google News: Crude Oil,True,False,"OPEC 7 Decide to Boost Production Quota - rigzone.com",https://news.google.com/rss/articles/CBMinAFBVV95cUxOdXpaYjdiUjNCWldYbHI5ZktUdGh1dmlIMTUybXIyYVk2a3BoeFpMeUhJaEtUWjJ3MzZZWmNPeE8yT3A1VFJzcjgyNlp4UHEzVFNIVTNVNGZXNXp3MXpxUzl3T0d1WG14QTBaNTZfQ0MtRC1QNzEyWTByZHh4eGx3ak9oN3lybDBEUktDcVJ5c3FzSVRKZ3dpazFWLWs?oc=5
2026-08-03T11:26:15+00:00,Google News: Crude Oil,True,False,"Brent Michael Meyer; 53; Alta - Storm Lake Radio",https://news.google.com/rss/articles/CBMidEFVX3lxTE1WOFV2WkhEQndUSmstV2lPOENzSUROeXY3WFFCT1RnQnFUR2R6VHdlakpDWTRPQXk2eTh3emNZcG5KVlJ5U1FIYXJKbVk3WjlRajNUV3lkM0JtQ0N5MWpzNkJkZGFGWnMyOWg2MlZyQ2tDSmhi?oc=5
2026-08-03T07:49:15+00:00,Google News: Crude Oil,True,False,"OPEC : 67th Meeting of the Joint Ministerial Monitoring Committee - Europétrole",https://news.google.com/rss/articles/CBMipAFBVV95cUxQcFBYcHQyczFIVXUtZEtUQ3gwV0N3Y2tXTG1pc05DczlzR2NQNl85bVJWU1JTbmdMZVF4a3FWS2lFdXc2d1ZCR1JUaDZyQlVNdTVnYWVfamtIMDQ5V1RhRUp4VkpnVmdpR0tVQnhnQm5XYldfM0pIcklFb3hhNVgzLXBMZ2FNa3RFaGZPOE1fOURBeERqUDg2OWQtSXFMNlNhUS1aUw?oc=5
2026-08-03T07:58:28+00:00,Google News: Crude Oil,True,False,"WTI trades below mid-$78.00s; down nearly 8% for the day amid Iran peace deal hopes - FXStreet",https://news.google.com/rss/articles/CBMivwFBVV95cUxOWU9sSzVnSzJsNXp1MmN0Q09rXzloTWw2NXNJNGQyd05Vc1BJMUJzbEFaVU15WGJMQ3lfb05GQnF2R1pqQXE0TDVGNDd1Qk85Y2NJdzVpVEJfRTNKTDZaRlhNU0NsRnZhdWh4bFFtUEFqeXcxdXJHUG16UGJnMDFYeTM1RlFDNkRjVW8xVkN0OURKXzByemE0ME92Z2JlQzM4Y3hjTzdlREJ2dWxXRnJHS1N6Vy1uaFZOYWhHdUM1MA?oc=5
2026-08-03T02:39:00+00:00,Google News: Crude Oil,True,False,"Indian stocks rise on Brent dip; shock-free earnings season - Reuters",https://news.google.com/rss/articles/CBMingFBVV95cUxPMmpzT2p3MGlZN3V1QkI3c1I0X0dqVTk4Z3BsMjNqcWljM1BGZ19FbThiNHUyR3FXTjE5SE5IZGJnUHR3UHloUUZNZkdtS3phVGRRUTVQdTR3WW9FSHM5Q3VQY2czUFhEZE5JLW5UN0pkNWh3LS1tXzlvRzhfUWdJMjZ5blQtUENIR2NwaktkcVJiX0dHQ3hLS3FnVUlIdw?oc=5
2026-08-03T11:51:09+00:00,Google News: Crude Oil,True,True,"Iran peace talks continue as Brent Sadler warns more strikes are likely - Fox News",https://news.google.com/rss/articles/CBMiVkFVX3lxTE5RcFA1MWFRTW1KY1dDRm1CbGg4dTFUTUdURU1sM2NLRFpKVWVNaDk3WERpT19YSXYtejBsbkN5SXFBRWpObkxHWk5KTjNoYi04VkE0MU5R?oc=5
2026-08-03T05:00:00+00:00,Google News: Crude Oil,True,False,"Brent Martin Knicely - dnronline.com",https://news.google.com/rss/articles/CBMiqwFBVV95cUxNa2hmNGNFbVdaNU5keDFuSnJ0NWR4UHdoZklCU1RLRDdRR3V0UHF0c21JNDJDS0tsQmN0U0VQVWQtMjVZWmRfUWo5RVJVTlYxVUMya1BEVXg5YnVqSS1LQV9WNkxDV2hoYm5JRWF0Y3NvZDdtX2RDa285VFVvalJnOERGaGp0SURVWXpIUHhMZkV2OTBrZlcxX2tMTmJHNGI4VGc2SGt0OEFfRk0?oc=5
2026-08-03T03:21:29+00:00,Google News: Crude Oil,True,False,"WTI Price Forecast: More pain likely if fails to hold $77 - FXStreet",https://news.google.com/rss/articles/CBMinwFBVV95cUxOTjctN2tKeldmT3RfR0NxdzI4NXJ2NXp4aFk0YlluQmFSWG1yMHN6ZlRDR2lqSDA1N3NMQmV4cndId1BxbEtCNFhDSnR4bE1kTDNibkJGQWNpQzM0Uk5zUHdLZ21SQ3NBeDhTWEN3dGQ1MkxTZm83TW9qdnE2WWZvVW1YVkpsdGZwY21haGxUdmNLc21DTnVaemktT21NZjQ?oc=5
2026-08-03T11:08:57+00:00,Google News: Crude Oil,True,False,"WTI stays lower near $78.50 ahead of US-Iran peace talks 2.0 - FXStreet",https://news.google.com/rss/articles/CBMiogFBVV95cUxQUUxOWmRaaFA4UFh3NVRpOGI1Qkh5SG9QOVI1VHRIQkRkclJOS0tNSTFOSHBVckNzYWgxZVFFUHhQc0d2dFh3YXZadExqSmlZbWtSbzF5dXRZWDItNE5VS1BJd2kxcWhKanhfZWhLNUVQOS1UQ3FFeEF2a3NwYmp3cjAwSzJhTGRRcTJnRW55Q0U4ZDBCN2xfQzl6c25UUExjN3c?oc=5
2026-08-03T03:57:00+00:00,Google News: Crude Oil,True,False,"Oil News: Crude Oil Futures Drop 8% as Hormuz Deal Hopes Outrun Ship Flows - FXEmpire",https://news.google.com/rss/articles/CBMiwAFBVV95cUxPRTZ1NlNTdW5wWEVBUlBVUWFheERZSzNYTk1USmR0OVJPQS1EUkRrVEJSQ2Y0MUVUUHJ1U3RLb2tKU1puMUk4UlFQcVRlSEp5cDN4N1RHUTY4M1BwUi1VZkltNnA3R2NmVXJfS09uaWdrdllrRXZhRE5jem5mbEJtQzRFbkxFZDZJQUtuWldyT3dDaF8xbjJGcUJ1V2ZsNHlIQUhpaWZKTWNFVzBhMElNMHJDMG9hNzRpWFg4TEp1TmE?oc=5
2026-08-03T09:35:01+00:00,Google News: Crude Oil,True,False,"WTI Crude Oil Futures Slump 5.2% to $80.25; Brent Crude Oil Futures Slide 4.2% to $84.24 Early Monday - marketscreener.com",https://news.google.com/rss/articles/CBMi4gFBVV95cUxNTzVwMWFpd3RCcUM1ZWdZMHk3cFFwSm1sQTJ4dkVWQXhPMHBFdTdQSlEwY1F4NGhQOEh3UWlGZmZZQ203SXp4SDRhR0ZGczlzeWNWcnRUM0VlNnJ1WjNrSmE1RWRkUlV6dmktOVhYdUhUOTR6czlvaFdUa3JQbXVDSUNnbUotV0NFUlY1U0V6UHRFU0dLUEprN1VfX1I1TDBiZ05TcGJJWU1PNGcwb1RPaDNuRG9qVGVEOUtBeEdTdTN4VVlXTmxjUFhDSThGVEl3VnN1Rnk1eE5MckY5dTY4MWVR?oc=5
2026-08-02T19:49:33+00:00,Google News: Crude Oil,True,False,"RAW: OPEC TO INCREASE SEPTEMBER PRODUCTION - Rapid City Journal",https://news.google.com/rss/articles/CBMikwFBVV95cUxQdHI3Y2hMQ3lSQlBtX18taHNRaFZBUDdkTDljZkt1REZYd2ZLZ0MwVEVMeEs1aHBQa3VzeGwtR1JtaW84QzZoYzZsdnhmZ19aUHJUSW5mTWdVOWRMUjZYaGNzSzFmQndfTGxGN2dVOVJhNmh0SUF5WXl0UWRqY3U4eXk2X284WVE0ajZqaFN6Ni12Mzg?oc=5
2026-08-02T19:49:33+00:00,Google News: Crude Oil,True,False,"RAW: OPEC TO INCREASE SEPTEMBER PRODUCTION - Longview Daily News",https://news.google.com/rss/articles/CBMiggFBVV95cUxObmoyVlZjREFUa015TEFwaUkteWxDUlBNY3VuU2xnSjFSOWNiN3FjZ1hWTnFXd3lwa3BFWnRIMGFxdnNJUDk0ajh5dzFoa3RCcUN3LXdqNWdwdTZUWXd1amItR3ZBWHNEb3ppbnRkZll0VVRQTVVudEtwQkJXdDEyZkpR?oc=5
2026-08-03T02:21:00+00:00,Google News: Crude Oil,True,False,"Brent Goik shifts from Dad Mode to Champ Mode in time for fifth Bay County crown - MLive.com",https://news.google.com/rss/articles/CBMivwFBVV95cUxQMTRTcmY1OHZ5MWczZDV5WVVZdkJtVXNESGZReUdqSGRvV19PSVpzNVlxNDZPa0hxNVpqb3lFdDRJMnNZeF9mTHdUc25BR3o4a3VrNzdTQ0ZoemFIa2pyQUl0Yjh5c3B0OXNYaXhfN011Umh3TUdQZFNDMk41TEdZY285S0tKN3VyN2dHalRYRGlCVkJHZEc0YmF6SC0yYnZmcjVaRmFnYm5NMkRfZ1dvNTBnUlo0STVTaklGcUxtVQ?oc=5
2026-08-03T08:30:00+00:00,Google News: Crude Oil,True,True,"Kuwait Oil Production Surges as OPEC Completes Output Cut Reversal - Crude Oil Prices Today | OilPrice.com",https://news.google.com/rss/articles/CBMivwFBVV95cUxPNEJxV0FYQXJ4VjUxLVlrWDYxQ2JieVY0MTdEdjR1MWtFaklLSk9kX0dEa2JOWlBHbklMZTVocWVCbHh0LThxZ2Z0VEFXbGNPclN3SndpZlM4M3FNdF9LQ0FVRmlxMTUzWjFueG53a0Z4NnpmeXU5SFBROU53dmlJNHRGR0ZoTFRWcWlsemVSTUVPbGV0V202aE9QQkNHOHgzSnFCRklNVFg1LWNzbjI2TjhyTzhDcGduODBLZldoZ9IBxAFBVV95cUxPb1VMWi0xd21qazcyUXAxb3JBZWtGQnctNVJSM3B0LXBCWWdKM3E2aW5PYXFkU2Ntd1F0M1Q1N3puNWUxdXVhMVNlaVMtUXVhU1o0NTZCOG9nM1Q0NDZocnBqSkxnQWVGOWQyNTFWSVJhYnZYbVNHYmhzWWpOLU9LOGQzY04xb1dSREx5OGxrV2p0SEZNSjJWeVJXTGJxSXZONmM4eDkzeHRpT0M0UFBHamVPQlpNR0RaSVZ4SU5PQ3ozSjNM?oc=5
2026-08-02T19:49:33+00:00,Google News: Crude Oil,True,False,"RAW: OPEC TO INCREASE SEPTEMBER PRODUCTION - Corvallis Gazette-Times",https://news.google.com/rss/articles/CBMijgFBVV95cUxNYW41dnd2UDlieG5mNUJOczJWQzEtX2lDN1p6anUzQmJPM2VfcDFvRVdUV3UzUVZjVV8yTjBudE1HenNFb0NnYjVKVWZQeldhcUwwMlFpdVZKWGFmekp2dnFBU0M0WHBHNjdfRDNEcC0wUURrRmtlRzUyRG5UZUZOc2RlTnozWFFyNUQ0cVlR?oc=5
2026-08-03T08:30:56+00:00,Google News: Crude Oil,True,False,"OPEC+ to increase crude oil production by 188;000 barrels per day in September - El Mundo America",https://news.google.com/rss/articles/CBMif0FVX3lxTFBoRGFEZU44dXluWXc5N3RGOVp2TkdrbjdZbUZFc0V1ejZkenFPa2VoYXR5VXl3elZiaDFoUXpjSG9VQ09abld3R0ZNTTNJUml6MFIxRElYUWlJWXY1aXNjYVVRM2l6dGxKcTF3WUc0Rk0ySkZEUzlnLTBaUzliYzA?oc=5
2026-08-03T10:36:57+00:00,Google News: Crude Oil,True,False,"Brent outlook: Oil price falls on fresh US-Iran peace deal optimism - FXStreet",https://news.google.com/rss/articles/CBMiswFBVV95cUxQblRYdktWRTRuME9OSmpjcXNDdWVqNnFlTU1Lck1pMFhJWVpwOFNwdS13QTRYaTZIRUVuVlZmeVZIUWRkUHlEdUktUzlnSjRqTWtISGlmN1RBRTBuOEFaaVNMcFZsUU1hZVhfaVlESzgtelJCRjlrZ1NkZU9HVmVWTmdTWW9vcTZ5U0FGTkRHeHVrYjdRaUJhbmZpWlNrd1BKRndWTHlHTUNSMHBhb3plX2EwVQ?oc=5
2026-08-02T19:49:33+00:00,Google News: Crude Oil,True,False,"RAW: OPEC TO INCREASE SEPTEMBER PRODUCTION - The Beatrice Daily Sun",https://news.google.com/rss/articles/CBMikwFBVV95cUxQQUlQZWVsUU41a2VvWnBmT2FkUW5tQnNoWHBaWWl1MnFHMFNOakFIOE5uUVhfeWdWelJocE1FclhVVlZyVFg2VmNER1A5Rjl0MlVLZW5EUVVXSGctbHBab3gycVBNOVA1Zk5lSEs0MzZONFViTnBDSmdTM2FPbVlVWk5RVEMzVHFxNTVpUFlGd3BDZnc?oc=5
2026-08-03T04:10:13+00:00,Google News: Crude Oil,True,False,"Brent (UKOIL) Is down 7.69% on Aug 3: What You Need to Watch - TradingKey",https://news.google.com/rss/articles/CBMijAFBVV95cUxOV3hudlBnTTRuX0pkQk5JMTdmRE1NUjEwSENKODdXNy1HTDNTOUhpekFmR3JaS1FKaVl0RTk5ODMtRjNnSGNTZzNZdW1LVFFoYnF0OGdvbU9tQWZWWk52T1ptekxNdDBKdU1VTVF3czJ2MHNVZ3ROZi1GdXdBUlF2RThfa3hHTDlCb3pIaQ?oc=5
2026-08-02T19:49:33+00:00,Google News: Crude Oil,True,False,"RAW: OPEC TO INCREASE SEPTEMBER PRODUCTION - helenair.com",https://news.google.com/rss/articles/CBMiiAFBVV95cUxNMXFUZG04NDN3VWFVODNMcnZINHFDVy1uT2lfcGlSaUZlckYyMkh2NDEwaTR2U3JMXy1yUkl5d3g0enZmX0VXYjdPaHJyNk9QczJOOFY0SlpmLU91N0lwbE1Fd2Fad3ZPd1F5VVloeTNiUkN6VXFLaHhfdXRvX1VpSUdkV0tKMnpf?oc=5
2026-08-03T08:14:08+00:00,Google News: Crude Oil,True,False,"Brent Analysis: Oil Retreats from $100 as Saudi Arabia Proposes Maritime Coalition Initiative - actionforex.com",https://news.google.com/rss/articles/CBMi8AFBVV95cUxQVTc4ZW1jSkVGSGRYQVV1TkJndGVnYV9ZRWJjSzY2Yno1WDA2eDNxNmNjOURHZkRIVy1kZjdHSG9MMGdHb0UxcHI0amtFRXhHMGRPaWRua19rRjRmUEJfd3YyU1lIbTUyX0ppelE4SzdOcm8yWjlyVWhNV2VvMFQ0UVdLQ1k0NlJnbEplSl9SbTFrQW1KbGVIRGlJbUxGS3NSME54MXpwVElzRUdsZ1FwS3JQNEtpa3lFa1c5X1VGbzRjQlVOMDBsWVg3bVhuYnlseGtVZEo0LWVVY3NLY3RkdTdFU0xhOGF6akFWT29iQ3E?oc=5
2026-08-03T05:54:36+00:00,Google News: Crude Oil,True,False,"Crude oil futures tank over 6 pc amid hopes of US-Iran talks - Deccan Herald",https://news.google.com/rss/articles/CBMiqgFBVV95cUxPazFnbGM3ai1FYXZMT3RQSl9JS19XU3d4VlhOZHdSOHpaZ09GWUJYcFZvVWl0Q0pCRFB3T25xMDlBcTRQZWtKbEc4YkpsVmlXdFotRmE3a1BqUXZWYjlFNFFpbDY3U1VsRnRWd3N0cUFhWWZ2bWRMWG4zSEVCZjNZdFpMSDdneHd1LU9ndUwtUDMzejNTa1Z3ek1acm5YNkp5emxVb1BtZ05HZw?oc=5
2026-08-03T11:57:09+00:00,Google News: Crude Oil,True,False,"Kazakhstan OPEC+ Oil Production Target Rises After Output Agreement - The Times Of Central Asia",https://news.google.com/rss/articles/CBMickFVX3lxTE95SG52N29GOHlieldJRTg3MUJzX05ka1ZleVU4TE1QSjlLT3hwNWp0dE5vaUlHTG1Zb2NPUlI3WEJwLTh5OUEwTVZqS3dyZzF6cDA2bnlMbk4zV2hZUVM4bWxvLXk0WV96dWplcllZbEo1QQ?oc=5
2026-08-03T04:05:17+00:00,Google News: Crude Oil,True,False,"WTI Futures (USOIL-F) Is down 8.10% on Aug 3: What Changed in Supply and Demand? - TradingKey",https://news.google.com/rss/articles/CBMijwFBVV95cUxPdHdFQlZSQTJPUXp6TUh2ZEpHLVNvLXhxQVJwRGlhTHBCVUN1YXZjR214dGVBZkx5bTltYlFGd3pHOUQ3WEVGODNTb2cyOTZpS2pwRXpXREVGM2JZSm1vRjFhYjM2MS1lZ2ZtRV9QT3UzT2NGWGIxU2xIaTBuaFExQVlqTGhwZTFhTEstN3JWcw?oc=5
2026-08-03T10:31:37+00:00,Google News: Crude Oil,True,False,"Brent declines on signs of de-escalation in the Middle East - engine.online",https://news.google.com/rss/articles/CBMimwFBVV95cUxNWllWNENlLVkxVVJjRFl3bTMxbjVKeFF6RzBOX1FKbjQtY0l4LWFrTFp3Y2lmMUdXZTE4eG9qbldSQnpYVHVJNzhyV2lNZFdVQTFWMWRYVTlCamZkRVNUWmxNdzd3Y1RhYzNVaGNieDRpQjdlanFVSGRheWxMOXE0b1hlT1JCdFFFSmtPM3hvYWYteEZPQXFGTGpvUQ?oc=5
2026-08-02T19:49:33+00:00,Google News: Crude Oil,True,False,"RAW: OPEC TO INCREASE SEPTEMBER PRODUCTION - Wiscnews.com",https://news.google.com/rss/articles/CBMiiAFBVV95cUxQaTJSOTRIUGNKZVN6ZmUyM1RhRGNhT1RQeDBxYUVIbHVId2NNYVpiMHJ2dGk2QnpRRWlyN0xqWC1xX1NWbzVsdk1aY24zMFFkUy1NX2c1OTFQeDBBdjNWMEhYbVZ5aWgzX3FxM3k0N0RTLWtYekdQTVJKb1JTaFJiSHlFVkJVUUMx?oc=5
2026-08-03T08:02:12+00:00,Google News: Crude Oil,True,True,"WTI Crude Oil Price Forecast: Oil Falls Below $80 as Trump Halts Iran Strikes; Will Prices Rise? - TradingKey",https://news.google.com/rss/articles/CBMi7AFBVV95cUxPdVd2VUZFQVBTdWZkQVIwYmJONVA2OGlyYS1MdC1NdThyN3Y2aVNNeFZ6LU5oejhfV1l2T3gzLXU1amlRZWlXV2VmV3Flak80Z3NDWDBOUzBBYWJtTFFGcld0RVlsQ28yc0NXZVh6QUduN1VrVFN1Z21pWTNOVkJXdE5DaDVXY3g4Y1lPanNIblBRcktZdGRCbnkzci0tRXh0SFM4WE83Vm83ZTB5MTloMjZrd2V0Zk0teTNqUExtODBhbWdxWGZsaU1uMnJpVTZUTXdoazJ4Y1B3UTZ5TEx6azNhZ21qanFsN0kwQQ?oc=5
2026-08-02T19:49:33+00:00,Google News: Crude Oil,True,False,"RAW: OPEC TO INCREASE SEPTEMBER PRODUCTION - The Missoulian",https://news.google.com/rss/articles/CBMiiwFBVV95cUxOUFVRVW5UM3hMM0NtaW9mS2R3N2RiejN2M0dObklVTkk3ZlA3eDFwUGlFNnB1cUxvODd3NzAwaVJscUY3aFRXWUZfa0Rxczk3Zi1Da3hsVmFXd2oyWWNPTTVOLWxSYUUyWTVpVFdxMUpKRGJaSjczRFhaVnFnUnpMcG1RMHcwS2F0cnU4?oc=5
2026-08-03T04:15:14+00:00,Google News: Crude Oil,True,False,"Brent Futures (UKOIL-F) Is down by 7.50% on Aug 3: Is the Demand Outlook Changing? - TradingKey",https://news.google.com/rss/articles/CBMijwFBVV95cUxPMHpIMlh3RFNfSXhRU05iaHlnUnZabUZLdTZ3T2tPZ29WdnpFSDBnN2toTnk5T2J3Tm9tY3dUN2pBUkpFOEh2aGhGOEkyYV9HRGw0OFl2VE9OWHN2TlZURkdhMXEzX1E2dEx4azBhTTFfWkRvLXpUVXFOalU5bjhOTkRtTkh0bG5OaE1iamNVOA?oc=5
2026-08-03T07:19:00+00:00,Google News: Crude Oil,True,False,"Crude Oil Plunges; Metals Broadly Decline; Iron Ore; LME and SHFE Nickel; and SHFE Lead Lead Losses; Polysilicon Surges Over 7% [SMM Midday Review] - Shanghai Metals Market",https://news.google.com/rss/articles/CBMi-wFBVV95cUxOYmM0NjI4eXRVRmRZaFpJTzROd0FVQ2NZQW5hc0hMVFdmNzJaYTlGUXh6WGh3MC1xMzZMUkRPTmJiRWxsbGY3STlzUFNpa0FwbmhWWElRa3F5S0FuVTNSMlJ0SU9SdTdDRG13TlRzR1kwQUs5c1FJbGhmN2pyUURZU2c3ZjBTcXNXSW9FTGFUQnp0MmRwY0llU25aaTlQejB4bThuMWlLa21sMFhwTjV4WGdFYzRJQTFFLUlvYWxFMTFJSUlOVlRaaGRYNC1iTXotOUlNekhrdHdZUDJocFA0WThrRFR3bFNsdlFMWjBhTnhOT2FwS1A1V2MyQQ?oc=5
2026-08-03T06:32:02+00:00,Google News: Crude Oil,True,False,"OPEC+ Agrees September Output Increase of 188;000 bbl/d - egyptoil-gas.com",https://news.google.com/rss/articles/CBMijAFBVV95cUxPS2c5YldBVHBLdzUyQllvQU9pSlI2NXFBN1dXd3dtZi1YZG5qLTdhbWZFQzFCM2pNc0hqQnU2NHFaM0NhclJ1c1Q4M0ROWU9mclNTUXJfOHdqWlM3RXk0emhpal9oV3ZBdTJ4VFhMaTFyMmg5VXBpRmlrUEdma0JCa0Y5QnltS1ZGaHdtNA?oc=5
2026-08-03T05:22:00+00:00,Google News: Crude Oil,True,False,"WTI down 6% as OPEC raises output quota - breakingthenews.net",https://news.google.com/rss/articles/CBMiiwFBVV95cUxNMmYxTzFCYTR1d21ESDVrc014am9lanVwOWJLVUp5MUhnWVBXU1NGVmFFakd3ZGhuRkp3ZV9aVUtQcU9JN180Mm54MjFGd21Xczl3dkxzb3p2anB1WDdtMTExbnpTSTNtQl9UQlVJMjNmampKY1RkWUtScmlxZ0p1cXI2NkljOFFxT3Y0?oc=5
2026-08-03T06:00:00+00:00,Google News: Crude Oil,True,False,"Brent oil falls below $82 for first time since July 13 - azernews.az",https://news.google.com/rss/articles/CBMiW0FVX3lxTE1zd0hoSG1nd2lQNHgzX0tRRzU2dmI3SEQ2S2ItNm5UMW1QNFM2SldhSzZoRWZSMS1BRlJVNklibUQzenJGcnhEaGtfLXpLaldoNHB2ZFUtclhEY2s?oc=5
2026-08-03T11:19:00+00:00,Google News: Crude Oil,True,False,"Forecast update for Brent -03-08-2026 - Economies.com",https://news.google.com/rss/articles/CBMiowFBVV95cUxPazl5OWI1bVk1eHpITFFtNmJMWU1GUWJOVFdXdGU1UmFtcUZFSDVYaTE1NDNFLXNUTkMyMlNzZ1pJcEdJWlpOS2xKQXcxMjN6X1RLeDgxZzhIeHRqZFVZZ09TZVlJSEZhZ2FULUJwNG80bGdXWncwbi1nbGVpa0I4QzJ5cnZJSmo3RV9oTzZ2cGw0SS04RXZiRXFxN3NlYnJkd3Mw?oc=5
2026-08-03T09:35:24+00:00,Google News: Crude Oil,True,True,"US Equity Futures Rise Pre-Bell; Crude Oil Sinks as Trump Declares Iran Talks to Resume Monday After Calling Off Strikes - marketscreener.com",https://news.google.com/rss/articles/CBMi5wFBVV95cUxOejhoRkNYbUQ5TFJCZ0JmdFFnZmV6ZHN5bEd5eTh1dEhIOFkydVUyR2Frb3lnRmJ5cVZpc1BZM3VXSUNKdktTWTZhbnp6NXdjQkt1MmU0WHpFVy1NWjRraGF6RFdxeGlKT0xLcHZEc3dlbDItejQyMUpienlhTFVfUm5jNnVvaGx1R0Q3R2JlekVjMkxDVFo3UmF2eXQ1TTRwUC11elZyM1dqY1ZOcHZQTjF6Z1RYOHNYWi12eG5aYVdxVDZaaHF1alpZeDhaVnFuMTl5YnkwZy15QmM1ZTg0UnRpcTI0NEE?oc=5
2026-08-03T04:00:14+00:00,Google News: Crude Oil,True,False,"WTI (USOIL) Volatility Intensified on Aug 3: What to Watch - TradingKey",https://news.google.com/rss/articles/CBMijAFBVV95cUxOMkpwYXFLZF9zbFBCU1NYcTJlNjZkUlNpQUFldWNLMG9uX2FBT3RCOGNvdUpaR292RWl1UWdnN0JkeU40Vm1ldk4xcEtfeEV3QjVxWGFRLVN3Qm0wNGRBbXMwdTBXYTJKUmRuUHlEbWpRcF83QlJTUGF3ZnB6ckNzenRMMG14M1E0d2ZNeA?oc=5
2026-08-02T19:49:33+00:00,Google News: Crude Oil,True,False,"RAW: OPEC TO INCREASE SEPTEMBER PRODUCTION - Omaha World-Herald",https://news.google.com/rss/articles/CBMihAFBVV95cUxPUG81Uy00c1RuUEpyZGJ6b0EyN0VaR0Vud3VHanktaE1UQWFNUkJqaXFINzVmZkNSREVjOVZWSXVOd29YWG9nU2ZLLWFmUkhMUmMtaFl5NG82NGxmSjJqY18waDhmT3pyanBpTllvYWhVd3U1MkNweUJmbllSWlBRR3dyYmg?oc=5
2026-08-03T03:51:28+00:00,Google News: Crude Oil,True,False,"Indian stocks rise on Brent dip; shock-free earnings season - marketscreener.com",https://news.google.com/rss/articles/CBMinwFBVV95cUxOWldWWHppaXExQ3RIdUlpYjlzWjVlZFVmQmx3Qk1uQldhMzk4RHhOM0U5eEYzSU9HWkZtNUtaWEpLaW1aN1JXdmYycVlFTVliOExCalBWOGRhWWxVeGtjd05ySmo5VFMzS3AtWHUyTmd3MFJ3LXBqaG8tVENkYnJsNWpyYXFseUZYVnJfdFU0ek1GLXg0dVNyM3dwMmN1MlE?oc=5
2026-08-03T06:54:00+00:00,Google News: Crude Oil,True,True,"Brent crude oil price sinks 7.3% after Trump pauses Iran strikes - en.cryptonomist.ch",https://news.google.com/rss/articles/CBMic0FVX3lxTE5oRkcybEgzSWplYTVJWVZ1TWNnNU9EbHV5b1dpemVRLUtSYXViWUt5SER4OEI3RTRKWFEyQ0lfMzNvaVJma1I3NU1Ba3dWVlBObUJoNVlRdlpFTVZHRnJIanhTUUE5ZHBKekg1QU9GRjZKOGM?oc=5
2026-08-03T04:33:42+00:00,Google News: Crude Oil,True,False,"Crude Oil Slumps 5% as US–Iran Talks Ease Tensions - HDFC Sky",https://news.google.com/rss/articles/CBMi1AFBVV95cUxOT3hOVGhMMnhHWi1PVDRCSVBuUFdLbUx5QlNlcURHdTVaQ0I3SkFBQkdKWTVnQXhSUDl0T1hKQ0NwWThDUy1KMEpmRVlJdTVmaG9Ob25tRGhxLXk1UW9IdzlkalNvU2JEQW1vSkUzblUwbWF5ODFBd0xOdGJaSVVQVzhMOUowOWFGMTA3QXYyVURSOXh4WVY3a1dFNDBjRUZWYmF1RTV2UWNNV0dpSDJIUjhmY1NXZzFudElFb2s2YWRUUFBVUWlHLTZ3QUNVQjdCaFFzQw?oc=5
2026-08-03T11:14:00+00:00,Google News: Crude Oil,True,False,"Forecast update for crude oil -03-08-2026 - Economies.com",https://news.google.com/rss/articles/CBMioAFBVV95cUxNS1dOakpsWHhPUFVBT1VPOXpTNy16Z0tWdVVxekVpMWhSRTdIVnNYdThCTEF6dzlDNTZTdUVDaERJNFlPTktoX1pLR05way0yU09abUVEcUZCRnRuck8yS1VfMllyRGJEZUdYbWdKMGhBZFlRTG1TZjE0dDA2bmR1SHkxZnlFSzE2cGltTE9yQl9PR3FGRGd3TlZTUXVYMzFW?oc=5
2026-08-03T00:13:55+00:00,Google News: OPEC,True,True,"OPEC+ To Rollback All ‘Voluntary’ Oil Production Cuts In September - Forbes",https://news.google.com/rss/articles/CBMiuAFBVV95cUxObk1INDlXMkwwZHVVVHk1YVpjcFV0VlJGSjlrODVQU0FPTjlYbk5yWG5NUnd4WGJmRlg2RUxoYlFkMXppUGdVYjVlandWS0NiYk5kY1pMdmJMdlUwZzA4SzRYUDFMZ05acS1QbkVoRlB1bTNMZzI3d196U0pFYmFGTkF0TzFWUDlCZlVlTGlfaktMSmxJUkNCTkRfd21xeHVaTnlKQnJxQW1NSzVNbUFGRHlGT01vdERz?oc=5
2026-08-03T05:50:51+00:00,Google News: OPEC,True,False,"Oil prices lower on Middle East hopes and as OPEC+ boosts production - Euronews.com",https://news.google.com/rss/articles/CBMisgFBVV95cUxNZTl5TTZpYXNtTURKTnVtUmdHZzJFWW5TNExTS2c3UmNUMy1MY3FfSEhmcHRqNEtYQUN0NEtYNzNrX21IX3RmVGpSUXJOZmdqbmtyb1VlR0VhalNuZnVnc0tYc0V2ejlubUE0TlREeFRzeUtaWEtsdU1hLUhOUkRZel9MV29NckJvbzJ2cDh1RkNPZnl6TEhwX1pZdmJsYnNadFpRZk5TZmktYmlTTFZVWGxB?oc=5
2026-08-03T12:17:11+00:00,Google News: OPEC,True,False,"OPEC+ is raising oil output for a sixth straight month; completing its 2023 cut rollback - qz.com",https://news.google.com/rss/articles/CBMic0FVX3lxTE84VnAxV0RhZXBrc1ZzQTJXRFM0YlF2RDJqcS1Ea0IzSXdSUmg4eHlEeHBPN0V1d1JTUWIxX0ZMZ2JPMUg0cFN0b0toSUFfaUNtWXJYYnc0Vlg1WG8wdm5Da3cxbDhfd0lLelFMS0JkNmZzMmc?oc=5
2026-08-03T02:38:32+00:00,Google News: OPEC,True,False,"OPEC+ group decides to continue increasing crude oil production by 188;000 barrels per day in September - ChemNet News",https://news.google.com/rss/articles/CBMiUEFVX3lxTE1uQmh0ckRmZ1RKak1lZ1N0bm9tOG5jaThLTkJsaFQ1TUlaWmJZRjdHWVNmeUIyTjBjTC1VR2E2cjZBcnM4UUF3X0ZBcGx5NTZN?oc=5
2026-08-03T00:13:00+00:00,Google News: OPEC,True,True,"OPEC+ To Rollback All ‘Voluntary’ Oil Production Cuts In September - Yahoo",https://news.google.com/rss/articles/CBMijgFBVV95cUxORWRMLWRSVkFhNUpVTjAzX0hIY2FZSkZYMjRtUG1CaGl0cjhEd0tYaTNRVkNMSFpFN0RVRW1pWmt4VklhVnROdVJjbXp2ODB4Z1Z4bnFqUmV3U1VnVjRGcTFjYTFkNU9WbC1iMGxxNHdFTE1UWHllbXRtbmpqVHpkMmhIY1V3ZWprYXp2ekpR?oc=5
2026-08-02T12:48:00+00:00,Google News: OPEC,True,False,"OPEC+ countries agree to increase oil production in September - Ukrinform",https://news.google.com/rss/articles/CBMiugFBVV95cUxQTzctRTdPSktUcXdfWnQtX2ZZTkZCRmNIVE1kUElxOEtSdF9XeUlYVExsZ3VCaEZkQjd2NldycEp6TlFabFphQWEzTnk4Sk9RZ3JXczNKQWFjSS0xMWJvTUZtQWwzSXJ1bk5ydmZmQnpEdnZNLU96UDd2SUNhSWd0T25Bel8xQU9CX3BhYUJxOFpKS1ZUelVVLU1zM0tIc0tGRU5GRTdRU2JneFY4TlhlbW1yYlI0bUM3TXfSAboBQVVfeXFMUE83LUU3T0pLVHF3X1p0LV9mWU5GQkZjSFRNZFBJcThLUnRfV3lJWFRMbGd1QmhGZEI3djZXcnBKek5RWmxaYUFhM055OEpPUWdyV3MzSkFhY0ktMTFib01GbUFsM0lydW5OcnZmZkJ6RHZ2TS1PelA3dklDYUlndE9uQXpfMUFPQl9wYWFCcThaSktWVHpVVS1NczNLSHNLRkVORkU3UVNiZ3hWOE5YZW1tcmJSNG1DN013?oc=5
2026-08-03T06:45:00+00:00,Google News: OPEC,True,False,"OPEC+ raises September output - Oil & Gas Middle East",https://news.google.com/rss/articles/CBMieEFVX3lxTFBwcXVHeUtRX3d6U0NwbzlySk5tVmlpQ3BSODZPY3RHVWxLTDRHWUxVc0loZ2I0emNTSTVNajV1bDdZUkhQQUxVbGRRcnRJb2t1YXpBZDc0MEZKdjVNMUJweFNMTTFZZlVLNy1WV3NXbkt5TXN2dWxiaQ?oc=5
2026-08-03T06:18:06+00:00,Google News: OPEC,True,True,"Oil plunges as US pauses Iran strikes; OPEC+ approves output increase (UCO:NYSEARCA) - Seeking Alpha",https://news.google.com/rss/articles/CBMiqAFBVV95cUxPUVFrZWlFRTMwdy1ZZzZzOHRwWWN6Wm5KMWFqajM5d0ZyeEI3RVdXRnBXbzhHTzN3OEhGUW1IQzBOUG5EcjlfV01GRkVqRDhoLWtwdDh2U1RVcXhSb1FpcXNwY3VDbkowVmFVUE4zSDc1WThsUlZLdm82MU1HQ1BxNEItUi1UVktIeHhUbnE4RHlVVno0ZDZVRzU4dHdBbUw2bDAwcEF0SGQ?oc=5
2026-08-03T08:31:36+00:00,Google News: OPEC,True,False,"Why Has OPEC+ Decided to Pump More Oil? Will It Make Petrol Cheaper? - Open Magazine",https://news.google.com/rss/articles/CBMioAFBVV95cUxNTk9WZlpwelFBaFYxWV9pX2puZVNPNzFyMkRDTHNCV2NYelhnVW81dEdOQk9tTDRraWdIUzM4MzZlVDZqaHhWUllISWZ6SWlUdEo2QzMwLVpLY1kxTVRPM0hsUkgtNzM1MTZWRFpoOHZwVXktcGc1U3Q4dEZ1V3lKT0wwelY4dVVOWFkzejNMZmllVHg2QnZfNElMWEJTdXZk?oc=5
2026-08-03T04:44:11+00:00,Google News: OPEC,True,False,"OPEC+ Agrees to Oil Production Target Hike for September - marketscreener.com",https://news.google.com/rss/articles/CBMirAFBVV95cUxNSEpBWi1PZE1QODJoc0RrVG95RVFkR0ZISnZQaFk5N1NJQU9mMHd0aHR3bjdZX004Y3ppMmdHQzRfcVZsdWJUaXRQUnpXRmkzOVNrN0swcFBQbzB2b3pabnE5WXA1VmZDa01naHlhWUlyeF81SzlzTUVqR1ZQRkx3Rms4am03SkIyV0haZmhvdXg3WVNaV0NXWVhqOTBOUUQwWEdmWXNISUtjdW1J?oc=5
2026-08-03T01:32:43+00:00,Google News: OPEC,True,False,"OPEC+ members increase September oil quotas despite Hormuz disruptions - Межа. Новини України.",https://news.google.com/rss/articles/CBMibEFVX3lxTFBmYncwam1ldnBjMzJkUVRpX09hNjBJZ2FBbkd6V2N1WFJ6bWNHVmtQUEwwODZGR3VfaFlKLW93aTloRThFdjJVRUktLVRmX3ZiVnJ6TDBnUENIcERxWmcyWG9mSWpSZ25yTWRGeA?oc=5
2026-08-03T08:03:06+00:00,Google News: OPEC,True,False,"OPEC+ Agrees to Increase Oil Output by 188;000 Barrels Per Day from September - MSME Africa",https://news.google.com/rss/articles/CBMiqAFBVV95cUxQaUdGYW54QkxBYVRydW5uUm5OWWhqamd5cUlZVWxfMUJSaE1zQkE0akFjaW5uUVBFdWp2dFRvSS1ocmxJZVhQNldhMzdTZktvZnFldENTMkR5WTVUSl8zZjVtUnlsbnBTaGJWVVVvYWVEc2NkVVY2SXU4eDZ1WllyeU12QU9CWXVVcXdIMjhxT0V2bzJwVDZOMFBVX1g2dG1hUTZMRnphTmo?oc=5
2026-08-03T08:39:38+00:00,Google News: OPEC,True,True,"OPEC+ increases daily oil production; recommits to market stability amid Hormuz blockade - Peoples Gazette Nigeria",https://news.google.com/rss/articles/CBMirwFBVV95cUxQS244X0d1VHlWWFpWRWJEdjR3dXdocjJLdm00azZCYkxURWRaRmZmNHlsOHo2UmdZbmFUbXBBbFN6a1JqNXN2Z3V5dUZOODYzRmgyMjZ4SWM2SV9nRVZwV1M0aHVNSGhGT1BUdHBpQmNTV19RMS01aHpld1puWnhBM1pZVjJLTUVkUnFYU3JzSlR3TmtnTGJhTDV2eEY2TmtaTGlKRGczMU1FcENnSFA0?oc=5
2026-07-28T19:40:09+00:00,Google News: OPEC,True,False,"OPEC+ prepares to stop raising oil output targets - Oil & Gas 360",https://news.google.com/rss/articles/CBMihAFBVV95cUxOc2h5WXFIelQtRDI0MUxtRWhGckY3UVlicGNKR3pMXzNucEVVakNzaHAxX2Q0RS0zREFTMEFCRlp3RElLRVd3bTBidE5ndndNVkptbmF5SWxOQkdaZV9XeDFkR0ZKdzJ6ZVpGMXhuSHZ4Ny1yaG1MMjRWRDh6a2oxX2sxbkY?oc=5
2026-08-03T01:18:28+00:00,Google News: OPEC,True,False,"Kuwait raises crude oil output to near 2 million bpd in July; source says - Energy News Beat",https://news.google.com/rss/articles/CBMirgFBVV95cUxNRjdfZWJZNTEtQWVNMUxEX1B4R09SZ3JjNERpOFBzS0pHMUpLMmx4VHcyTlpYa0doNmlweVAtZ1VrSG1LRk9nb2x5SmVYU0ZoLVlvOExLV1pSbXNBN0RzZFFYMzM1eWlFNGNCd2YwUGpvUXhKWG1IdG5kSThLWGZnamVhcG4zX01UaVI3bHJPWUd3X2JQM1JGQm92UkE0X1EyYmU3dGg2bTV6ZjV0TUE?oc=5
2026-08-03T01:13:24+00:00,Google News: OPEC,True,False,"OPEC+ oil output hike is irrelevant for now; not for later: Russell - KLSE Screener",https://news.google.com/rss/articles/CBMitAFBVV95cUxQbEhlbDVIeG5PWXcyc2pmOEZVaVJVWTBNX1IwUDk2a3pBeDl5bldjUW93WUl3aFZGWHNTb1BKX0JqRDg4VXZfdHFEcmpFcWZFZG1DVENBekpBYl8yUHc0RVlXWVBWV042ZlRybzRCNjY3MDJrVmpaWEtDeEt2dndOOUVmYU1JNmRtcHpnd0tQR0JGLVBCempJUHZSMzRzRWNhdmdMX3dVWDY1c2l3MlhPb1hWYUU?oc=5
2026-08-03T04:17:46+00:00,Google News: OPEC,True,False,"OPEC+ continues to raise oil production by 188;000 bpd in September - Myanmar International TV",https://news.google.com/rss/articles/CBMikgFBVV95cUxPcHg4Yi1TOUlKZ1owVkhFWnBmRDRnVC1wS0l6c0U3Wm5OZkRjVEpoZDdINEQzS3RaRnBFdXpLaV9uNjItc0FUa0dqd19scFpUaHFxQXcxOV9QV25xN2ZlZEtMZnBXZk5maGZSZVE4eEFxVU40clotaUx2R2xkUFhTVExfSzRkZjFTS29QbUJKUTBuQQ?oc=5
2026-08-03T00:29:55+00:00,Google News: OPEC,True,False,"7 OPEC+ members to raise crude output again in September - nhk.or.jp",https://news.google.com/rss/articles/CBMiYkFVX3lxTFBVSXk1R0x1QlQzXzluUzFIMTNkZjhqWXNWZFEyeS1SWkkyYzBZcko5OUFEeERabktRdElHUDlfMGxfSUprT1lvTGhsN1B0SlNuUGcxbzBuM194N2QtR3RxSVpB?oc=5
2026-08-03T09:48:00+00:00,Google News: OPEC,True,False,"OPEC+ to increase production quota by 188;000 bpd from September - TheCable",https://news.google.com/rss/articles/CBMikAFBVV95cUxNNFBJc1Q0MnlmN0tUMWpzZDhja1lCNDUtMWluWm1QeFNDRnZWN0h2M1BwWjZfcmgwbGlOSVBCWDVaSHhhaTlTX1lWb0VtcHpubDd4SG5XSzlkUFdEWUpBblZMbFdaQlB0Ymo1b0RtUkpsa2hlR0hmZWtZWmt5TEhhZkRITTMyWVhQSkpOSC1qZlI?oc=5
2026-08-03T03:24:38+00:00,Google News: OPEC,True,True,"OPEC+ Ends Rollback of Voluntary Output Cuts; Approves Additional 188;000 Bpd - THISDAYLIVE",https://news.google.com/rss/articles/CBMitAFBVV95cUxNb3FqUGlnQTliNEUzcTRJM1pLVUN3S3FjS2FlRXNGbDZwajZHVjI0M3QtaG9hS0o0SVMyY1FuNWlfdWhDM0xIVUVxdTVOblBxbDczU2pZZzN2eWt4QjdCZGZoS3R0RmliOHVuOG5RMDNkM3pEVTFsdXk5Y3pPMGp4TTMzYTJIU3VpMllvXzhHNFJnaGVzcF9SUDQteWVPVDNmNlhMd0xqSVN6ZUdGVTh6NjVENS0?oc=5
2026-08-03T05:28:59+00:00,Google News: OPEC,True,False,"Kuwait to raise oil production to 2.676m bpd in September; reaffirms commitment to OPEC+ strategy - Times Kuwait",https://news.google.com/rss/articles/CBMivAFBVV95cUxPTmFaMVdjdG5KaUQ3N1NaUGVpaFhCdzdLcWNJbnp4Rk43UWt0bTk0SERKN0ItbmtRN21nMUpWSTZJam5veldYWnJUcFd4YW5XWkZrcGVMZ3VhN2pQcTNpOGtqczRkRDFMMndxRU45Nnh3SDZ5amNXbWs1RHctUTFpb1FwV1h0Z1R0UExPNjdjMlZISDFxZlU3MEVaRS1SYldkN05TeVRfLUhKM2NXWFQ2SmtYSkthNEdwVUZJbw?oc=5
2026-08-03T02:41:16+00:00,Google News: OPEC,True,False,"OPEC+ Approves 188;000 BPD Oil Output Increase For September - Sarkaritel.com",https://news.google.com/rss/articles/CBMikAFBVV95cUxPeDZ6LUN1akUwZXFESFNSdzQ4QUxMWGNzZWVvSTVTQkR6UWlmMlY2VHFZQ29uWUxCTWpyT1ZNV0JmZzB4a1F2c1NadlRLeDRZQWJ6U0I1b25VMGdLTW1kWkpFeHh3NUY3WmIxRHQ1UmxaR0RQUE1qQ2ZQQjBVeE9vOXVSV1ZVekVsTC1PWFVOa1A?oc=5
2026-08-02T13:30:39+00:00,Google News: OPEC,True,False,"OPEC+ agrees September oil production increase - ARN News Centre",https://news.google.com/rss/articles/CBMilwFBVV95cUxNZHBJTmFWTEYzb2MxTFIxMmlyYXBOdHpNN2N0VGVfLUZOUUxmUndvVXZIVW5vU0dLMW5ZOVVoajhVRUNHaWVLdmxsWWxlbndfSkZrUXpUcHRWaEpvTmpsdzJZZUFvbVhVbTNJdEhDVnYySG5COEROd3h3RXJYN1hFSGRGV2FwTjlNNlJRc2lWNnVwNGlzNlNJ?oc=5
2026-08-03T00:10:00+00:00,Google News: OPEC,True,False,"OPEC+; 188;000 Barrels Per Day Production Increase...Breaking Oil Cuts Trend : JKN - 재경일보",https://news.google.com/rss/articles/CBMiSkFVX3lxTE9xdC1xTWNHRzJFbTVrOTBMR2s1cTdZWk8xSE1qLTg4YVd4blZSRk1lRFl2cmZ1cFVTRVh6TnpDZmV1M0ZMVmxQblZR?oc=5
2026-07-05T07:00:00+00:00,Google News: OPEC,True,False,"7 OPEC+ countries agree to expand monthly oil production modestly as prices slide - WPXI",https://news.google.com/rss/articles/CBMihgFBVV95cUxPUC1SdjFzSlhxYk1Yc2pldGZUQ0FOaG5VSkoyMmwzY0dVRjlaWW9QVjNJRjJHbHJMYlVSYUFVSW9VLXlGajhsWDNFQU1pTXJZQTVZSEhPTUFlRjljVnhjcHdqaUZrS0VzcGZtczB2YWpGX0lIeURDWHBuZmhWLXpvWlZMdjZHUdIBmgFBVV95cUxNSEpVZ1pqQTlqc29YSDZJdjNra2Z2ZU5CVVlYT0VEYTRfeTY1cVFZMWhBNnBXYmNkTEljSEZaanRYVmRGbFFJMkZXQ1cxYWZZTmJjRzBmT2dRSGR0U3BPSGJWd2pQQmkzMFhlS0p6LU9EN01sRXhxeURBUko3V180MmxSdGZfZ180OW1NT3JheFp5dFY0b1lZX2RR?oc=5
2026-08-03T09:11:08+00:00,Google News: OPEC,True,False,"Nigeria spared as seven OPEC+ producers raise output by 188;000 bpd - Vanguard News",https://news.google.com/rss/articles/CBMipAFBVV95cUxQTEVpQ2I4cFlUYXpaQnFaZXp2X2E0bjJNSkhOdmJjSXlmdDR2Qk5IWDF5LUpETGlOQWlsWFVyQnpEb29GWk5DU3B1QnFrNDZkbUVacXJzNXNSeFhqSFBqY2lfNVAwZTdqUXRHcmNqX3d1VVlVWUxReW5ELVloN1NWTnRibVcwR3ZLbjN6V0xxTWdObXJoOU9ZQ2p6ampzM0ZSWC1oTdIBqgFBVV95cUxNYWZjSFRkRDc0cmFUSERmcndwRWk4RTNGb2RwY2ZXdl81Mi1VUXdqTXRDR25BVmFURVpxMTFYM0xfTnhlNDNiYVRsbXhSLW52QUU1Z3lOYlhRMmJ1eUFUeFBGTy1XZVBFQjN6ZnpQb3lQRzJMakVyczZpZ0M1SUdEa3Q0d0R5T0hVT185cy1JUFBpbVYtcndLZkVmSEZTRlNEU2pyRjl5T2pWdw?oc=5
2026-08-03T10:23:35+00:00,BBC World,True,True,"Iran denies Trump's claim that new talks will begin on Monday",https://www.bbc.co.uk/news/articles/c23579jzv08o?at_medium=RSS&at_campaign=rss
2026-08-03T03:32:21+00:00,BBC World,False,False,"'My only son was shot standing up for justice' - inside city gripped by deadly protests in Pakistan-administered Kashmir",https://www.bbc.co.uk/news/articles/c5yvqk69enko?at_medium=RSS&at_campaign=rss
2026-08-03T10:58:48+00:00,BBC World,False,False,"Aung San Suu Kyi appears healthy in first confirmed outside contact for 2.5 years",https://www.bbc.co.uk/news/articles/c1e1d5j6660o?at_medium=RSS&at_campaign=rss
2026-08-03T08:40:22+00:00,BBC World,False,False,"Two workers killed in blast after re-entering quake-hit Japan mall on boss' order",https://www.bbc.co.uk/news/articles/c24mr09r99eo?at_medium=RSS&at_campaign=rss
2026-08-03T12:20:11+00:00,BBC World,False,False,"Moroccan king's letter confirms naming of major highway in honour of Trump",https://www.bbc.co.uk/news/articles/c3r0vg88zr2o?at_medium=RSS&at_campaign=rss
2026-08-03T10:59:12+00:00,BBC World,False,False,"Ariana Grande to take a break from public life amid 'endless' scrutiny",https://www.bbc.co.uk/news/articles/c80ngjjvevyo?at_medium=RSS&at_campaign=rss
2026-08-03T07:30:52+00:00,BBC World,False,False,"US and Japan take action to prop up yen in rare joint move",https://www.bbc.co.uk/news/articles/cglj1pr0wjwo?at_medium=RSS&at_campaign=rss
2026-08-03T01:31:05+00:00,BBC World,False,True,"Massive Attack respond after Singapore ban over Palestine display",https://www.bbc.co.uk/news/articles/cr59qe86yj4o?at_medium=RSS&at_campaign=rss
2026-08-03T11:07:13+00:00,BBC World,False,False,"Todd Blanche formally withdraws Trump's 'anti-weaponisation' fund plan",https://www.bbc.co.uk/news/articles/c3w05gx32d4o?at_medium=RSS&at_campaign=rss
2026-08-03T10:29:24+00:00,BBC World,False,True,"Sudan army drone strike on court session kills 35; rights group says",https://www.bbc.co.uk/news/articles/ce85097leydo?at_medium=RSS&at_campaign=rss
2026-08-03T01:43:16+00:00,BBC World,False,False,"Malaysian boy on trial for allegedly murdering girl in school",https://www.bbc.co.uk/news/articles/cgewq549988o?at_medium=RSS&at_campaign=rss
2026-08-02T23:35:54+00:00,BBC World,False,False,"'What was my fault?': How India's exam paper leak ended young lives",https://www.bbc.co.uk/news/articles/crl7jl1d95eo?at_medium=RSS&at_campaign=rss
2026-08-03T05:31:55+00:00,BBC World,False,False,"'Your legacy will live forever': Nepal mourns climber Nirmal Purja",https://www.bbc.co.uk/news/articles/c07rvy4e7mno?at_medium=RSS&at_campaign=rss
2026-08-03T03:53:05+00:00,BBC World,False,False,"Outside the Moscow restaurant where bomb killed three",https://www.bbc.co.uk/news/articles/cdx8qp451lko?at_medium=RSS&at_campaign=rss
2026-08-03T12:11:03+00:00,Al Jazeera,False,True,"Who will shape post-war Iran?",https://www.aljazeera.com/opinions/2026/8/3/who-will-shape-post-war-iran?traffic_source=rss
2026-08-03T12:09:19+00:00,Al Jazeera,False,False,"Palestine’s new ambassador to Spain calls for deeper friendship",https://www.aljazeera.com/video/newsfeed/2026/8/3/palestines-new-ambassador-to-spain-calls-for-deeper-friendship?traffic_source=rss
2026-08-03T11:51:30+00:00,Al Jazeera,False,False,"Pakistan-administered Kashmir elections and protests – all you need to know",https://www.aljazeera.com/news/2026/8/3/pakistan-administered-kashmir-elections-and-protests-all-you-need-to-know?traffic_source=rss
2026-08-03T11:03:23+00:00,Al Jazeera,False,True,"Ukraine strikes Russia’s biggest retailer again",https://www.aljazeera.com/video/newsfeed/2026/8/3/08-03-2026-ukraine-strikes-wildberies-russia?traffic_source=rss
2026-08-03T10:53:47+00:00,Al Jazeera,False,True,"Israel defies Trump’s peace plan as it escalates deadly attacks on Gaza",https://www.aljazeera.com/news/2026/8/3/israel-defies-trumps-peace-plan-as-it-escalates-deadly-attacks-on-gaza?traffic_source=rss
2026-08-03T10:52:17+00:00,Al Jazeera,False,False,"US cricket player Reddy receives eight-year ban for match-fixing",https://www.aljazeera.com/sports/2026/8/3/us-cricket-player-reddy-receives-eight-year-ban-for-match-fixing?traffic_source=rss
2026-08-03T10:10:50+00:00,Al Jazeera,False,False,"North Koreans flood new ‘tourist zone’ beach amid heatwave",https://www.aljazeera.com/video/newsfeed/2026/8/3/north-koreans-flood-new-tourist-zone-beach-amid-heatwave?traffic_source=rss
2026-08-03T10:04:27+00:00,Al Jazeera,False,False,"First moments of Egypt earthquake caught during livestream",https://www.aljazeera.com/video/newsfeed/2026/8/3/first-moments-of-egypt-earthquake-caught-during-livestream?traffic_source=rss
2026-08-03T09:52:44+00:00,Al Jazeera,False,False,"Vozinha gets hero’s welcome in Chile after Cape Verde’s historic World Cup",https://www.aljazeera.com/video/newsfeed/2026/8/3/vozinha-gets-heros-welcome-in-chile-after-cape-verdes-historic-world-cup?traffic_source=rss
2026-08-03T09:44:53+00:00,Al Jazeera,False,False,"Trump says new Iran negotiations starting: What we know",https://www.aljazeera.com/news/2026/8/3/trump-says-new-iran-negotiations-starting-what-we-know?traffic_source=rss
2026-08-03T09:32:43+00:00,Al Jazeera,False,True,"Wildfires still burning in France and Spain amid fears of more to come",https://www.aljazeera.com/gallery/2026/8/3/wildfires-still-burning-in-france-and-spain-amid-fears-of-more-to-come?traffic_source=rss
2026-08-03T09:23:05+00:00,Al Jazeera,False,False,"England set to follow Wales in withdrawing support for FIFA’s Infantino",https://www.aljazeera.com/sports/2026/8/3/wales-fa-withdraws-support-for-infantino-re-election-after-fifa-stake-plan?traffic_source=rss
2026-08-03T09:13:59+00:00,Al Jazeera,False,False,"Dangerous summers: How heatwaves and wildfires change life across Europe",https://www.aljazeera.com/features/2026/8/3/new-summers-how-heatwaves-and-wildfires-change-life-across?traffic_source=rss
2026-08-03T09:12:14+00:00,Al Jazeera,False,False,"‘He had a lot of profiles’: The rise of online drug-facilitated rape gangs",https://www.aljazeera.com/news/2026/8/3/he-had-a-lot-of-profiles-the-rise-of-online-drug-facilitated-rape-gangs?traffic_source=rss
2026-08-03T09:05:04+00:00,Al Jazeera,False,False,"Myanmar releases first images of Aung San Suu Kyi since 2021 military coup",https://www.aljazeera.com/video/newsfeed/2026/8/3/08-03-2026-aung-san-suu-kyi-pictures-sv?traffic_source=rss
2026-08-03T09:04:57+00:00,Al Jazeera,False,True,"Australia warns H5N1 likely to spread after first mass mortality episode",https://www.aljazeera.com/news/2026/8/3/australia-warns-h5n1-likely-to-spread-after-first-mass-mortality-episode?traffic_source=rss
2026-08-03T09:01:15+00:00,Al Jazeera,False,True,"Who is Jordan Salinas; ‘hero’ bystander who confronted Idaho shooter?",https://www.aljazeera.com/news/2026/8/3/who-is-jordan-salinas-hero-bystander-who-confronted-idaho-shooter?traffic_source=rss
2026-08-03T08:55:13+00:00,Al Jazeera,False,False,"‘US backs off from Iran before markets open on weekdays’",https://www.aljazeera.com/video/newsfeed/2026/8/3/us-backs-off-from-iran-before-markets-open-on?traffic_source=rss
2026-08-03T08:25:22+00:00,Al Jazeera,False,False,"Michael Thorbjornsen wins first PGA Tour title at Rocket Classic",https://www.aljazeera.com/sports/2026/8/3/michael-thorbjornsen-wins-first-pga-tour-title-at-rocket-classic?traffic_source=rss
2026-08-03T08:23:55+00:00,Al Jazeera,False,False,"Spanish farmer finds donkeys alive after wildfires destroy her property",https://www.aljazeera.com/video/newsfeed/2026/8/3/spanish-farmer-finds-donkeys-alive-after-wildfires-destroy-her-property?traffic_source=rss
2026-08-03T07:50:06+00:00,Al Jazeera,False,False,"Jasprit Bumrah ruled out of Sri Lanka Test series due to injury",https://www.aljazeera.com/sports/2026/8/3/jasprit-bumrah-ruled-out-of-sri-lanka-test-series-due-to-injury?traffic_source=rss
2026-08-03T06:09:00+00:00,Al Jazeera,False,False,"‘Tell us’: Gaza family trapped between hope and pain over missing brothers",https://www.aljazeera.com/features/2026/8/3/tell-us-gaza-family-trapped-between-hope-and-pain-over-missing-brothers?traffic_source=rss
2026-08-03T04:35:39+00:00,Al Jazeera,False,True,"Grid failure plunges Cuba into nationwide blackout",https://www.aljazeera.com/news/2026/8/3/grid-failure-plunges-cuba-into-nationwide-blackout?traffic_source=rss
2026-08-03T03:26:08+00:00,Al Jazeera,False,False,"Fires in Spokane; Washington; burn 600 structures; force 60;000 evacuations",https://www.aljazeera.com/news/2026/8/3/fires-in-spokane-washington-burn-600-structures-force-60000-evacuations?traffic_source=rss
2026-08-03T03:17:33+00:00,Al Jazeera,False,True,"Trump pauses ‘massive attack’ on Iran; says new talks to begin",https://www.aljazeera.com/video/newsfeed/2026/8/3/trump-pauses-massive-attack-on-iran-says-new-talks-to-begin?traffic_source=rss
2026-08-03T11:47:06+00:00,CNBC World,False,False,"What the market is saying about the U.S. intervention to prop up the yen",https://www.cnbc.com/2026/08/03/yen-us-intervention-japan-market-currency.html
2026-08-03T10:59:59+00:00,CNBC World,False,False,"Anthropic; OpenAI among firms facing new scrutiny under EU AI Act enforcement powers",https://www.cnbc.com/2026/08/03/eu-ai-act-enforcement-powers.html
2026-08-03T11:17:27+00:00,CNBC World,False,True,"Trump says Iran talks to resume Monday after calling off planned strikes",https://www.cnbc.com/2026/08/03/trump-iran-us-negotiations-peace-proposals-.html
2026-08-03T11:35:03+00:00,CNBC World,False,False,"AstraZeneca slides after reports of Bristol Myers merger talks leave analysts 'perplexed'",https://www.cnbc.com/2026/08/03/astrazeneca-bristol-myers-squibb-merger-talks.html
2026-08-03T05:00:01+00:00,CNBC World,False,True,"'Winter is coming': Ukraine fears its toughest test since Russia's full-scale invasion",https://www.cnbc.com/2026/08/03/ukraine-russia-war-putin-zelenskyy-winter.html
2026-08-03T10:34:35+00:00,CNBC World,False,False,"Alibaba shares rally after unveiling its 'most powerful' AI model as U.S.-China competition heats up",https://www.cnbc.com/2026/08/03/alibaba-ai-model-qwen-rival-anthropic.html
2026-08-03T12:06:47+00:00,CNBC World,True,False,"U.S. Treasury yields fall as oil prices plunge on Iran de-escalation hopes",https://www.cnbc.com/2026/08/03/us-treasury-yields-investors-bonds-war.html
2026-08-03T07:09:25+00:00,CNBC World,False,True,"CNBC Daily Open: Back to the negotiating table",https://www.cnbc.com/2026/08/03/trump-iran-war-strikes-peace-proposal-oil-.html
2026-08-03T12:11:05+00:00,CNBC World,False,False,"Greece wildfire in pictures: Firefighters battle blaze worsened by 100km per hour winds",https://www.cnbc.com/2026/08/03/greece-wildfire-pictures-winds-heatwave.html
2026-08-03T12:33:29+00:00,CNBC World,False,False,"U.S.; Japan confirm coordinated yen intervention; signal readiness for more",https://www.cnbc.com/2026/08/03/yen-intervention-us-japan-trump-bessent-katayama.html
2026-08-03T08:16:38+00:00,Guardian World,False,False,"Weather tracker: Austria breaks heat records as Japan braces for Typhoon Dolphin",https://www.theguardian.com/environment/2026/aug/03/weather-tracker-austria-heat-europe-japan-typhoon-dolphin
2026-08-03T09:45:45+00:00,Guardian World,False,False,"Nauru officially changes its name to Naoero",https://www.theguardian.com/world/2026/aug/03/nauru-officially-changes-its-name-to-naoero
2026-08-03T08:34:06+00:00,Guardian World,False,False,"Yen hits three-month high after Trump helps prop up currency",https://www.theguardian.com/business/2026/aug/03/yen-trump-currency-us-japan
2026-08-03T05:17:47+00:00,Guardian World,False,True,"‘Stop all outdoor activities’: South Korea records its highest ever temperature",https://www.theguardian.com/world/2026/aug/03/south-korea-highest-temperature
2026-08-03T04:06:41+00:00,Guardian World,False,False,"New Zealand legislation making English an official language ridiculed as ‘pathetic’",https://www.theguardian.com/world/2026/aug/03/new-zealand-english-an-official-language-bill
2026-08-03T02:19:26+00:00,Guardian World,False,True,"Massive Attack speak about ‘surreal experience’ of being banned from Singapore over Palestinian flag",https://www.theguardian.com/music/2026/aug/03/massive-attack-singapore-ban-palestine-flag
2026-08-03T10:27:17+00:00,Guardian World,False,True,"Suspected mass bird flu deaths found in second state as Murray Watt warns ‘this is the beginning’",https://www.theguardian.com/world/2026/aug/03/suspected-mass-bird-flu-deaths-found-in-second-state-as-murray-watt-warns-this-is-the-beginning
2026-08-03T08:16:43+00:00,Guardian World,False,True,"Teenager didn’t tell anyone Alan Jones allegedly kissed and touched him as he feared losing financial help; trial hears",https://www.theguardian.com/australia-news/2026/aug/03/alan-jones-trial-update-sydney-court-case-day-1-news-ntwnfb
2026-08-03T05:28:57+00:00,Guardian World,False,False,"Two men seriously injured after Sydney building suddenly collapses",https://www.theguardian.com/australia-news/2026/aug/03/sydney-building-collapse-wattle-st-ultimo
2026-08-03T04:33:57+00:00,Guardian World,False,False,"One Nation names eight Victorian election candidates as Hanson bars ABC and Guardian from press conferences",https://www.theguardian.com/australia-news/2026/aug/03/one-nation-candidates-victoria-state-election-2026-ntwnfb
2026-08-03T12:06:04+00:00,Guardian World,False,True,"South-eastern Europe faces heatwave energy crunch as Romania detonates Danube rock to increase water flow – Europe live",https://www.theguardian.com/world/live/2026/aug/03/europe-heatwave-wildfires-migration-ceuta-spain-latest-news-updates
2026-08-03T10:27:16+00:00,Guardian World,False,True,"Russia blames Ukraine for deadly restaurant bombing in Moscow",https://www.theguardian.com/world/2026/aug/03/russia-blames-ukraine-deadly-moscow-restaurant-bombing
2026-08-03T12:27:51+00:00,Guardian World,True,True,"Middle East crisis live: Iran denies Trump’s claims that talks due to take place",https://www.theguardian.com/world/live/2026/aug/03/us-iran-trump-strait-of-hormuz-talks-israel-gaza-lebanon-latest-news-updates
2026-08-03T12:17:08+00:00,Guardian World,False,False,"Trump’s attorney general pick says he has reached deal with senators after standoff – US politics live",https://www.theguardian.com/us-news/live/2026/aug/03/donald-trump-todd-blanche-anti-weaponization-fund-iran-latest-news-updates
2026-08-03T11:52:56+00:00,Guardian World,True,True,"Iran in talks with Oman over shipping route but not US; says Tehran",https://www.theguardian.com/world/2026/aug/03/iran-in-talks-with-oman-over-shipping-route-but-not-us-says-tehran
2026-08-03T10:00:14+00:00,Guardian World,False,True,"Abandoned by the US: Palestinian Americans trapped in a surge of Israeli settler violence",https://www.theguardian.com/world/2026/aug/03/palestinian-village-trapped-surge-settler-violence-turmus-ayya-west-bank
2026-08-03T11:00:52+00:00,Guardian World,False,False,"Red Cross visits Aung San Suu Kyi after Myanmar military pushed to prove she is alive",https://www.theguardian.com/world/2026/aug/03/myanmar-detained-former-leader-aung-san-suu-kyi-red-cross
2026-08-03T12:25:04+00:00,Guardian World,False,False,"Standards watchdog investigating Reform UK’s Richard Tice",https://www.theguardian.com/uk-news/2026/aug/03/standards-watchdog-investigating-reform-richard-tice
2026-08-03T12:20:07+00:00,Guardian World,False,False,"Restore leader accuses Farage of ‘outright lying’ over pact offer but says his party ‘remains open’ – UK politics live",https://www.theguardian.com/politics/live/2026/aug/03/reform-immigration-small-boats-nigel-farage-restore-clacton-latest-news-updates
2026-08-03T12:15:18+00:00,Guardian World,False,False,"Radio presenter Tony Livesey leaves BBC after David Sullivan allegations",https://www.theguardian.com/media/2026/aug/03/tony-livesey-leaves-bbc-david-sullivan-allegations
2026-08-03T10:29:26+00:00,Guardian World,False,True,"UK manufacturing growth picks up as Trump tariff chaos eases",https://www.theguardian.com/business/2026/aug/03/uk-manufacturing-growth-donald-trump-tariff-us-iran
2026-08-03T10:22:41+00:00,Guardian World,False,False,"AstraZeneca holds talks with US cancer drug developer in $400bn merger",https://www.theguardian.com/business/2026/aug/03/astrazeneca-talks-bristol-myers-squibb-merger-pharmaceuticals
2026-08-03T12:10:59+00:00,Guardian World,True,True,"Oil prices plunge and Europe’s markets rally after Trump calls off Iran strikes",https://www.theguardian.com/business/2026/aug/03/oil-prices-fall-europe-stock-markets-donald-trump-iran-us-brent-crude
2026-08-03T11:36:26+00:00,Guardian World,True,True,"Trump promises new Iran talks as Tehran touts Hormuz shipping deal with Oman | First Thing",https://www.theguardian.com/us-news/2026/aug/03/first-thing-trump-iran-talks-tehran-hormuz-shipping-deal-oman
2026-08-03T10:00:16+00:00,Guardian World,False,True,"‘Stark example of brutality’: Trump’s ICE used court orders in plan to force-feed at least 10 hunger strikers in detention",https://www.theguardian.com/us-news/2026/aug/03/trump-dhs-hunger-strikes-force-feeding-ice-detention
2026-08-03T04:46:50+00:00,Guardian World,False,False,"Blanche formally rescinds Trump’s $1.8bn ‘anti-weaponization fund’ ahead of nomination hearing",https://www.theguardian.com/us-news/2026/aug/03/blanche-formally-rescinds-trumps-18bn-anti-weaponization-fund-ahead-of-nomination-hearing
2026-08-02T23:33:08+00:00,Guardian World,False,False,"Eastern Washington fires destroy 600 structures and force 60;000 to evacuate",https://www.theguardian.com/us-news/2026/aug/02/eastern-washington-wildfires
2026-08-03T11:57:06+00:00,NPR News,False,True,"Todd Blanche rescinds 'anti-weaponization fund'. And; Trump calls off striking Iran",https://www.npr.org/2026/08/03/g-s1-136892/up-first-newsletter-iran-war-todd-blanche-capital-one-bank-accounts-trump-conspiracy
2026-08-03T09:42:04+00:00,NPR News,False,False,"Rare photos of ex-Myanmar leader Aung San Suu Kyi give her family hope",https://www.npr.org/2026/08/03/nx-s1-5917915/aung-san-suu-kyi-myanmar-rare-photos-kim-aris
2026-08-03T08:44:24+00:00,NPR News,False,False,"U.S. steps in to help shore up Japanese yen",https://www.npr.org/2026/08/03/nx-s1-5917867/u-s-steps-in-to-help-shore-up-japanese-yen
2026-08-03T08:44:09+00:00,NPR News,False,False,"Morocco denies responsibility for events at its border with Spain; as deaths near 100",https://www.npr.org/2026/08/03/nx-s1-5915771/morocco-denies-responsibility-for-events-at-its-border-with-spain-as-deaths-near-100
2026-08-03T07:03:52+00:00,NPR News,False,True,"Israel says it has serious concerns with Hamas disarmament deal",https://www.npr.org/2026/08/03/g-s1-136877/israel-serious-concerns-hamas-disarmament-deal-trump
2026-08-03T06:49:13+00:00,NPR News,False,False,"South Korea ditches 'denuclearization-first' strategy. What will Pyongyang do next?",https://www.npr.org/2026/08/03/nx-s1-5917877/south-korea-north-korea-nuclear-peace-analysis
2026-08-03T05:41:31+00:00,NPR News,False,False,"U.S. dollar weakens sharply against the Japanese yen after market interventions",https://www.npr.org/2026/08/03/g-s1-136866/us-dollar-japanese-yen-market-interventions
2026-08-03T04:06:11+00:00,NPR News,False,False,"A blaze on an Indonesian passenger ferry leaves at least 5 dead and dozens missing",https://www.npr.org/2026/08/03/g-s1-136858/blaze-indonesian-passenger-ferry
2026-08-02T11:03:47+00:00,NPR News,False,False,"Why is the rate of premature births so high in this community?",https://www.npr.org/2026/08/02/g-s1-135946/premature-birth-slum-pakistan
2026-08-03T06:01:00+00:00,Reuters (via Google News),False,True,"Iran war ushers in oil refining golden era. It won’t last - Reuters",https://news.google.com/rss/articles/CBMivgFBVV95cUxQYmQzdlBDbmtIRE9EaFVuRHRPd0pzYUtkY0VyT1FPYmVlaGsxUXJnSWt1emxRQ3p2ZFY5aXVPSGpNQVZaM0hkMThIREtfRU1YcTdQSXFrYU1FNlAyeWYxVGZoeHFWMG5kcm9rUUxzd2Z0OUY0REtwWUFyNGlTczgybWxmRng3azZackV2U2NianBjeVdDbGxXLUhLdkxhMTVvR0VsQzVPb2xxcW9zTDFLMHF3bFFpaE1JckJ3NVh3?oc=5
2026-08-03T01:03:00+00:00,Reuters (via Google News),False,False,"Oil slides on Iran peace deal hopes and yen firms after intervention - Reuters",https://news.google.com/rss/articles/CBMigwFBVV95cUxQUjBjdHpEdEdMdVNpbVprQmRvNG9JTzl0ZHB4SkNmWUxqT2hNUG8xcW96U1R2czNKWHVMYXRqY2gxR1pHTzZ4RjlpaDgzUnM3U0dCNURmZDhPUUhVTnRuUFhYcGFmVHdoOWg2a3RJNTNGQktBU3pvZVZGSS1EVUJ1QzlVbw?oc=5
2026-08-03T00:11:00+00:00,Reuters (via Google News),True,True,"Oil prices drop after Trump cancels attack on Iran to seek nuclear deal - Reuters",https://news.google.com/rss/articles/CBMirAFBVV95cUxOVnBOaGh1VXBaaGQwVmloSzlPcmg5aFdQeENKS3JtNi1wQTZlQTRBUm02ODRrYkNVZkNDREwtTTdMeUhlNV94QjctaFhpMWhTWVVJaF9xeVhWdEdKZXBMbFA4alVQaDBXbnMzczBqRnVBUlVrVUJJTFhLQjdpSU9SV2lHV1FQd0hvOEs0QkZwLVZfUDhtSkVGUU02T2tPeDFXaU5SaWRtUWt3cjhE?oc=5
2026-08-03T00:41:00+00:00,Reuters (via Google News),False,False,"Gold gains as US dollar declines; hopes of Mideast deal hit oil - Reuters",https://news.google.com/rss/articles/CBMipgFBVV95cUxNTnkxZDh5TElCa1dZeUtDT2JfblI5ZFJuQkZNQ1pvbHlkcWxHRUVfMk51N2t0ZDUtbEhOYW9aVjg5d3lMSkNXYlFMc0I5Z3o1bjh4c0pkZ3BsWkRYeWhOalNoOUZPN3pvYVRSb1NnT21rZy1TamRFMHN2MUp1WjhoSmZaT0prMExjTVk1aThUbHAwNEo3MmpsbTI2UFdsY2Z2Y0RlT2RB?oc=5
2026-08-03T06:01:00+00:00,Reuters (via Google News),False,False,"Iraq's SOMO offers deep discounts for oil loading inside Hormuz; document shows - Reuters",https://news.google.com/rss/articles/CBMiwwFBVV95cUxNQXd6X2g3bDlXMUt4RkxyT2FLQ1h5dThNSGVFRElIbkRicFcyOHIxTTZ4YlVHa0dPWE1qVWZCNVJxaGdIUW9qVk12Z1VQdTh4N3g4dG8zSW9fOTk5UEVrb0NMaUdJNDFDY0xITm5vSTI2RnVhcnFyQnpNeFZZZ1hRNUpqTldPVE1pclU4Y050bG9HUzgyOEFWeVAxUlM5by1yeTVRSm5FeGdRYnV1RzVoMkNIUVBPdW16c3U0c01NejBpb28?oc=5
2026-08-02T23:41:00+00:00,Reuters (via Google News),False,False,"Two tankers with Saudi oil exit Red Sea over weekend; data shows - Reuters",https://news.google.com/rss/articles/CBMiuAFBVV95cUxOdEt0RUhnRlVGV0xuNmhOTDZaaVo3NVI3MWhXdERDQ3BaX19SMkh5bmlONEl5YjlRSEtyc0p0cVZGblYtd3FPdHRtX0V2RldWOVRpdzY1RTV3YnZOSk02X0gzNDhyeEpaclNaVHR1MlJVa1plZUM4a3FqOFVoYXdiY3lBYWU0MW0tcTVoSml1TFhKN0Q2aXhKQVFGNk16TnhYcGhxSXVaQlVISndNWDNyblhPM2xHajhD?oc=5
2026-08-03T06:45:00+00:00,Reuters (via Google News),False,False,"Shell sells European onshore renewables to TotalEnergies - Reuters",https://news.google.com/rss/articles/CBMivAFBVV95cUxQdHBuR2ZmM29uWDZCSnBpbXl0RjlCVUgxRFkwV2VRZUhVQS01N1ZRUW1hdVlOdW9VTWZsQ0ZuTjItYUhmT3E0TFVBbFk4MElUOWg0TUxlOHBLNjAxRlRzMVFXZWl5bDJVLUdaX0ZMVTdEUEZaUTk5TF91MUcxNHFQZW8xQ1NhdllMSHZodkV2U2ZrOHcwQXJ6dGFWT3VZMGxwblM5M3FXb212NVdRRDJVM0VmTElYakwtOG82MQ?oc=5
2026-08-03T04:25:00+00:00,Reuters (via Google News),True,True,"Greek shipper GasLog says LNG tanker stable after Strait of Hormuz incident - Reuters",https://news.google.com/rss/articles/CBMiwwFBVV95cUxOdzVYY1M4dFBJX28xcS02bnNFNE14aVdhc2lhS19ibExWM3JjZFN6NnRmaVpicVRNajNsRzlqZTFUaGdvZWxyTHVtOUw0TTM1WjRhaTFjY3JOYktzWFNoZVRjdkRrVWFpYVIyZklHSDhzM2c0c3hYM0M1WVpVWVJORjBreDJ0end3WlVyMHZFaWZfN3RRVU11SGNnZlpnSzNmZ1Q0RHdMdUg5WjhEbTB6S3hzSVl6TUljOV9wUUxxdF9ZNnM?oc=5
2026-08-03T00:37:00+00:00,Reuters (via Google News),False,False,"Yen climbs for third straight session with traders on alert for intervention - Reuters",https://news.google.com/rss/articles/CBMiwAFBVV95cUxNaXpfRUdtOGNadXREWXpDZmVoUmQtVlJCdS12NzV3S253d2NLMmpVTVJBeXNhdmk0T2hMaThCdUNnaXMxcEZrR1JtOEtxLUFsaEpfNFlnY1Y0LTJISkFqN3RnRkZCRWxzaHllRGxZLV83ZTlIX1RtQ2RkQTVoQlk0Rnc5bzFCTUluNnI4QTY1b1YwaDlMNTg1amJwT05MVUFyQUFVZ25JMU1UekVSYWVuWjVMV2Z4ZmZZaGJaeXVMdEE?oc=5
2026-07-31T21:29:17+00:00,Reuters (via Google News),False,False,"Egypt raises most household power tariffs by average 12% - Reuters",https://news.google.com/rss/articles/CBMiqwFBVV95cUxQNDV6LXNKTWpnTWlidEZSekVGYnFxdjBFTzFqZFROblhxYllEMzktSWNaRHZXSThKTGRtS1JRS0lSMVYtWG1RNnpnWVFHbEQ0T0V3VjBpUEFJa25RTENnMHFVeEpQM3diTzR4YzRWQWtuLXNxWDBleFo4LWpNM2Z4Y1BDcjJWaUptSWY0eVJPQTdaWmtZT3VzRFhRMnp3eUM5M2k4V0NtdGsyM2M?oc=5
2026-08-03T03:19:00+00:00,Reuters (via Google News),False,False,"Cuba plunges into darkness as electric grid collapses - Reuters",https://news.google.com/rss/articles/CBMiogFBVV95cUxOMTdFbGhVSWlfdzZ3aWduVjdUeTFvMnBFVFhaMjg4SkhrMXJlcnFtWTlWTTdnRjNLMzRCNHg4Tm9OTlpkM2c3QlFGR2RuejZnNlM5R182b09EbXQ4dG5RaEJjSHNDRjhtOS1aY05DZlAtQWlMZVBHdE1yY0xFb29yazdJeW03ZXVGcXZSQ2FLOFlremVCcGZ0ckZobkFqRG9fZGc?oc=5
2005-09-10T07:49:43+00:00,Reuters (via Google News),False,False,"Reuters | Breaking International News & Views - Reuters",https://news.google.com/rss/articles/CBMiPEFVX3lxTE8tZ2hNa2FhcURvbGFUZGY4clA5d1FnWlJWbnIzV2dfOFVDdDRNQ25lY2s2dzFLV2ZYRHBldA?oc=5
2026-08-03T18:00:00+00:00,OilPrice.com,True,True,"Ukrainian Drone Attacks Push Russia's Largest Online Retailer Abroad",https://oilprice.com/Geopolitics/Europe/Ukrainian-Drone-Attacks-Push-Russias-Largest-Online-Retailer-Abroad.html
2026-08-03T17:30:00+00:00,OilPrice.com,True,True,"Trump Orders Oil Companies to Cut Gas Prices; Targets Chevron CEO",https://oilprice.com/Latest-Energy-News/World-News/Trump-Orders-Oil-Companies-to-Cut-Gas-Prices-Targets-Chevron-CEO.html
2026-08-03T17:00:00+00:00,OilPrice.com,True,True,"Why Have China and Russia Just Stepped Out Of The Shadows In The U.S.-Iran War?",https://oilprice.com/Geopolitics/Middle-East/Why-Have-China-and-Russia-Just-Stepped-Out-Of-The-Shadows-In-The-US-Iran-War.html
2026-08-03T16:30:00+00:00,OilPrice.com,True,True,"Georgia’s Kulevi Refinery Replaces Russian Crude With Kazakh; Libyan Oil",https://oilprice.com/Latest-Energy-News/World-News/Georgias-Kulevi-Refinery-Replaces-Russian-Crude-With-Kazakh-Libyan-Oil.html
2026-08-03T16:00:00+00:00,OilPrice.com,True,True,"Why the U.S. Can't Easily Exit the Iran Conflict",https://oilprice.com/Geopolitics/Middle-East/Why-the-US-Cant-Easily-Exit-the-Iran-Conflict.html
2026-08-03T15:30:00+00:00,OilPrice.com,True,True,"Trump's Iran Reversal Sends European Gas Prices Tumbling",https://oilprice.com/Latest-Energy-News/World-News/Trumps-Iran-Reversal-Sends-European-Gas-Prices-Tumbling.html
2026-08-03T15:00:00+00:00,OilPrice.com,True,True,"Seven Months After Maduro's Fall; Big Oil Still Won't Commit To Venezuela",https://oilprice.com/Energy/Crude-Oil/Seven-Months-After-Maduros-Fall-Big-Oil-Still-Wont-Commit-To-Venezuela.html
2026-08-03T14:30:00+00:00,OilPrice.com,True,True,"Dark Tanker Transits Surge at Bab el-Mandeb as Houthi Threat Persists",https://oilprice.com/Latest-Energy-News/World-News/Dark-Tanker-Transits-Surge-at-Bab-el-Mandeb-as-Houthi-Threat-Persists.html
2026-08-03T14:00:00+00:00,OilPrice.com,True,True,"How the Iran War Will Determine Britain's Economic Growth",https://oilprice.com/Energy/Energy-General/How-the-Iran-War-Will-Determine-Britains-Economic-Growth.html
2026-08-03T13:30:00+00:00,OilPrice.com,True,False,"Indian Oil Subsidiary CPCL Plans 280;000 Bpd Manali Refinery",https://oilprice.com/Latest-Energy-News/World-News/Indian-Oil-Subsidiary-CPCL-Plans-280000-Bpd-Manali-Refinery.html
2026-08-03T15:30:10+00:00,Rigzone,True,False,"Dominion Energy Sees YoY Increase in Adjusted Profit",https://www.rigzone.com/news/dominion_energy_sees_yoy_increase_in_adjusted_profit-03-aug-2026-184283-article/?rss=true
2026-08-03T15:24:39+00:00,Rigzone,True,False,"Pembina Posts Higher Profit",https://www.rigzone.com/news/pembina_posts_higher_profit-03-aug-2026-184282-article/?rss=true
2026-08-03T14:50:36+00:00,Rigzone,True,True,"Q3 Is Set for Extreme Volatility; Oil Analysts Warn",https://www.rigzone.com/news/q3_is_set_for_extreme_volatility_oil_analysts_warn-03-aug-2026-184281-article/?rss=true
2026-08-03T14:31:45+00:00,Rigzone,True,False,"API Opposes Senate Biofuels Legislation",https://www.rigzone.com/news/wire/api_opposes_senate_biofuels_legislation-03-aug-2026-184279-article/?rss=true
2026-08-03T11:34:23+00:00,Rigzone,True,False,"BP Completes Sale of German Refinery to Klesch",https://www.rigzone.com/news/bp_completes_sale_of_german_refinery_to_klesch-03-aug-2026-184278-article/?rss=true
2026-08-03T11:14:43+00:00,Rigzone,True,False,"OPEC+ 7 Decide to Boost Production Quota",https://www.rigzone.com/news/opec_7_decide_to_boost_production_quota-03-aug-2026-184277-article/?rss=true
2026-08-03T14:00:00+00:00,EIA Today in Energy,True,False,"Hourly peak load in ERCOT set a new record; exceeding 91 GW on July 22",https://www.eia.gov/todayinenergy/detail.php?id=67906
2026-08-03T16:31:56+00:00,Google News: Crude Oil,True,False,"Braves acquire veteran lefty reliever Suter from Angels - MLB.com",https://news.google.com/rss/articles/CBMiXkFVX3lxTE5UTldnel92YVhDdzV6eUpSRHVjNWFnVVJkZHljaGhPa1o3clpaTjRkcTl4WnVZS3BzcUtiNjRYVTNZOGJhRzRhYUtDMm80U2FtYTZKaGlVblZoSDB1VGc?oc=5
2026-08-03T18:26:35+00:00,Google News: Crude Oil,True,False,"Angels; Braves Swap Brent Suter; Nacho Alvarez Jr. - MLB Trade Rumors",https://news.google.com/rss/articles/CBMikwFBVV95cUxNZ2hqZjFsRVJDdHZZU2o1N09ndGV6QWxVcHVBX29CczNsZ2FxT2g4bW9oSnFQbHJHTVZFRzBILUVhTVBWZkRnN3V5X0ExVllHbHFHaExFbUM4VTdZUFF1V1JuNEZXazdfSXFaMTg5NE1uNGNkLWhkZ2dBQVNPdEpEXy0xN3VudkY2OTl3RC0xTTVYM1U?oc=5
2026-08-03T15:30:59+00:00,Google News: Crude Oil,True,False,"Braves acquire LHP Brent Suter from Angels - Battery Power",https://news.google.com/rss/articles/CBMinwFBVV95cUxPb2lZMUdxLUlmQlhpWHFLVlRBZnJXZmQ4bFAwZENDbVVjWVRFaXFLb21KamVvU1JvOHlYeDV1RDgzOGZxREVLWW5xcUU2TFA3emNsQWN1QWhfZjdzcGtpVlJiSmptb2MzNGlEX2o1OWE5akhPeTFBeW5tc20wRGphM29LZXlVSFVveG9jek1sYnI1X1ZjRzh2VENieFBJR2s?oc=5
2026-08-03T15:02:00+00:00,Google News: Crude Oil,True,True,"Oil Prices Plummet as Investors Digest Pause in Iran War Fighting - nytimes.com",https://news.google.com/rss/articles/CBMiggFBVV95cUxQQlZxblAwb3V2Z2N2SF85bjh6RDhPbW0xQllmVjJSbW1hRC1SbU9zVmdNRWktVEstY0thQ2RBdzBtS1U0aUNweExSYng1a1B4d2hsRFZaZ01SMmg5SUZVUW0wbmZtNFBsemtieUlVQXZJdjdac3RqY2tISFFaaUV1ajRn?oc=5
2026-08-03T15:58:00+00:00,Google News: Crude Oil,True,False,"Former Reds pitcher Brent Suder traded to Atlanta Braves from Angels - Cincinnati Enquirer",https://news.google.com/rss/articles/CBMi2AFBVV95cUxPNlRwRWQ1amdMM3I2QzVtYU9HLWN4Yl91MjlWalgwa2trN2JLZjBqWWhiQ1A0UThBaXlaVmxZekJLUVRZMWNfb2JpRDZMZjhjNDlzVXZiRjRVaWhPeGFfV2FlMTg3NFlsbTJkdk14NjF1SlVIeHd0QWxDNExoY1FEVS1NZ0Rud1c5bVM3dE9QQ09qSFhmVWhOSjNBSmY4MV9RQjBrT3FFclFHMTdEelpVR1A5UE80dV96TzktbmllWkJRbXRZYnl5OUItZWtJaEhaQXRlckdxSTY?oc=5
2026-08-03T17:28:23+00:00,Google News: Crude Oil,True,False,"OPEC+ approves September output hike; completes 2023 cuts rollback - Oil & Gas Journal",https://news.google.com/rss/articles/CBMizgFBVV95cUxNWnZqVTlFUVByNE1OLVh3akpodXNYWXBLSmhGWVladTR3ZThSdFNWQ0VUbFZWR2FiRndHUklEZC10N1ZWYjBqRnEzQloxUnYzUHJONkpGaEc2MFRoWkhIQXlmUUNFMmNSLXVYa2pGVVpOUm0xdWM2ZFMwOGtVclZidHFOdFZXYnQzMHBLdFdVWWg0V3VFdjc0UUdpdUdfVW5FVndzeDNPRFFZRzJRdW5wWWVTblk1YTBCZmZUMEtwUFJ0bDc0d2FwdFpSTUtsZw?oc=5
2026-08-03T16:22:03+00:00,Google News: Crude Oil,True,True,"Crude oil prices plunge as Trump pauses military strikes against Iran - Fox Business",https://news.google.com/rss/articles/CBMiW0FVX3lxTFBQUVpLdWVFenlTdU9jell4QVdRb3J0OGZyc29yazFxUHlwZGJnZGFyS0pnZ3BvdS05NzRURzE3eEQ0ZEhnQzBnUlNvY3Z2c0NyRHEzai1ZOVlzbGM?oc=5
2026-08-03T15:05:00+00:00,Google News: Crude Oil,True,False,"Plunging Crude Oil Prices Contributing To Rally On Wall Street - RTTNews",https://news.google.com/rss/articles/CBMioAFBVV95cUxOaG00MUJ5Y3Etc19GeGJ1UEpPZXpPOG5MVTBFTUo1X0ZwX2p2Tlg1Zm1VV2RCNWRQWUJwS3pVbmJGWlRjeFVISXpuSlFyNkFQNmNvMTQwNGU0U1d0dTZtWTc2SGctYUVQbzFsdm9YZzNJT2E3UGtaWUJneWNDdTZKbDFpU2lBeHZaNFlwcmp6S0ZtM0xsdFlTOEFsYTF0R3Nn?oc=5
2026-08-03T17:19:00+00:00,Google News: Crude Oil,True,False,"Six plead guilty in alleged conspiracy to steal crude oil in Permian Basin - newswest9.com",https://news.google.com/rss/articles/CBMi1wFBVV95cUxPaFl6OGs4NXk2NDd3aTJoZXpjV3REM1JoZzM5WjkxSFFycHZxa1B6NzZtOVlYRjl6QTBEc082X3NvSGpXakNuS29nREZ0VldXQUhVV21EdzJ2REdxOWdmdU5HMHd5cmlhdnZoWkFUZDVNN0VqZEt4R3FPOFV6eU9TSmJrdmNjU1BUOHEtQ3ZYTkx1Rk1JV2ZnR3l2MXFaaWtsT1VaZnhhZFkydFZZZ005R0h3MzIzNUdDcmdvaUdtTDBVRUZpbDFCU09FOF84azRfVmhEaHBMcw?oc=5
2026-08-03T18:21:31+00:00,Google News: Crude Oil,True,False,"Braves acquire veteran reliever Brent Suter from Angels - Albany Herald",https://news.google.com/rss/articles/CBMikgFBVV95cUxPYXlILU9XZlg0RkRHRm9HSE9xWUlhUWlBQTI1dm1JN0RQcGljZ0t1aXBucWEtRlgyMW00TnJSUkFmeWQwd3dkbDg5UU5ycTNuUjZtMGxOVEZhUTlWUW85V2xrNDV0V190MDBSSmp6NG83eVJiajNWZjFlY29pd0EtbG4zOF90NVQ4UjJCMDZQZWNIdw?oc=5
2026-08-03T14:25:35+00:00,Google News: Crude Oil,True,False,"Crude Oil Down More Than $5 | Monday; Aug. 3; 2026 - Successful Farming",https://news.google.com/rss/articles/CBMikAFBVV95cUxPQjE0MlNkUVlrUzB5NXhLVFJxSDZXTnRRRGZrMmx3d3FvRTBrN1V4SlhheU5xQUF6WUI4V25LZXk5RWN4V3BScHBPNm9Sekd0UGh2RFk1T04yREJpQVFHZ1IwY0k3NXNleUNiMHpYVHUzejRLSVVRQ01NSEN3RUVyc1ZaX1hScGY2eVJUdERHYTA?oc=5
2026-08-03T16:00:07+00:00,Google News: Crude Oil,True,False,"Brent Suter traded to Braves for Nacho Alvarez Jr. - MLB.com",https://news.google.com/rss/articles/CBMiigFBVV95cUxNV1V5cGQ1TVBCRGw5UkVNbmhQUEJLVWtaS2NQcFdhbldnNnljZzBPcG9NRUNXM05BeGRNbFYtcEFuREZkOXhLS1NyTS1kbTdOVy1UYlM3S3JWNzFZZmpsN283WjVOM3JEcFk5dXF3dEZVdENfNWlKRmIzS2hpUzNVYklLdU11RXU3cWc?oc=5
2026-08-03T14:05:00+00:00,Google News: Crude Oil,True,False,"OPEC and allies agree to increase oil production to potentially ease gas prices - kens5.com",https://news.google.com/rss/articles/CBMi6AFBVV95cUxQakxYbWZHdGwyQ082YUNLSXJrRzBzbWo3WnlJaS1EZzJEeHRERE5TckFsTkcyM3BPVU0zNl8zN1lveGdvTTFZSXJtX1ptM2ZBUEc4RmlZSFI0cjFhQmFOaWVIby15eFNhNkFDbFFoM01hZ1BzTmZKQU9Sa29ZcUYyVGJZVTBzRHgzNVBzMmZPWHlYMVFMUzBIYUJrU3h1TVJUbE00eXJpZG9jVVgzeXM4WmNEMERKTEEwV1RvckVBVVpjdWNNSFVXNnNleUk5dUdzSWZvOVJ3TjNNZGxmZ0w0MERZT0VZWHRO?oc=5
2026-08-03T12:57:00+00:00,Google News: Crude Oil,True,False,"U.S. Stocks May See Initial Strength As Crude Oil Prices Plunge - RTTNews",https://news.google.com/rss/articles/CBMioAFBVV95cUxPajZJZThqSlR5NXB0WVJnam55c1JUSHpHZDJ3UkF0QUxPY1RON0MwelY2YkZERUVqeXgtUF9RZzBYbWdkVVE3LUJ0NHN0WTZiemo5NnRkbjc1a1BQZ2pfd05fVWlTTUJIUkpkRnhlS1NZMjl4d1pybU5qc1RPa1E3ZGtkcE5pUTg0OU5YY3VPTUF5aU9nVTJzSHltVnlwLW05?oc=5
2026-08-03T10:50:00+00:00,Google News: Crude Oil,True,False,"Current price of oil as of August 3; 2026 - Fortune",https://news.google.com/rss/articles/CBMiYkFVX3lxTE9QYUZzUWtEZ01LNGkzdFlYc2puMEloZ2hFYXNWT3pNNU9uaUVXYndQMURhRzFBWU16UFBFcENaMnJxZlQ4RU9faDRubWxSZjMxWDhhVGhWb2laWEgwNnY1LUtR?oc=5
2026-08-03T16:00:57+00:00,Google News: Crude Oil,True,False,"Angels trade Brent Suter to Braves - Yahoo Sports",https://news.google.com/rss/articles/CBMihwFBVV95cUxPcW91XzhFWXpzLXZxaGxpdHVfQk5IZTZYYkdlTERSQXRNU2IxUlVMa19OekN3QWlUYU0tTXEtX0V2eWlXenZuR1FLNlc1S2xzUkFCbGZqQWZXREZZVm1GdWUwY2syVloySGNpbzJ3b2xrNHpSVlNINzJ0MHdoNkM4RmpyYU1yZlE?oc=5
2026-08-03T16:56:36+00:00,Google News: Crude Oil,True,False,"Braves trade for Angels reliever Brent Suter; deal Nacho Alvarez Jr. - AJC.com",https://news.google.com/rss/articles/CBMipAFBVV95cUxPZEtmQXZFVnI5MjJMT2p3d2VDOFN3Mng0RTc4Z19udEtzSF96alNlRmxJbzVPUkxlSHVZU2lOYVJQbnVKZFhEeG1ybjlRZThSTU9McUM2NFB5TDNaQWJUbG1WTDJoQjZtb3lnQXc3aEJRWHZvV3p4Q0p2OWdjekczU214c0lITVJBbnE2bWFyaHAwdnlxa1ZuNWlhdlNqYmtCSEt6dQ?oc=5
2026-08-03T15:30:50+00:00,Google News: Crude Oil,True,False,"Braves acquire Brent Suter from Angels in trade for Nacho Alvarez Jr. - Yahoo Sports",https://news.google.com/rss/articles/CBMiigFBVV95cUxQU1AxTFhheE1CaTluczFXY2dNR2IydFQxSmJnR2pGell3NXRBZlltVDkwWllCWmpBSUxGU2RxeTJOOS1TRVBSbFhCaC1RNFl6WnBsVzFMaXRBV2hvVE53dmhobFBoVGVhcDVOYWxIUUhISXJFdUM0aVF0MEw2akp6cjFzcEk2TFFET1E?oc=5
2026-08-03T17:10:51+00:00,Google News: Crude Oil,True,False,"Angels deal Soriano to Blue Jays; Suter to Braves; Adell to Guardians - MLB.com",https://news.google.com/rss/articles/CBMif0FVX3lxTE01Vm05WmI1TG9ieHp0Y1lwcmlORElrQm5wT1NuYWk2eVYwTE1kOWJkckNqdGRkMC1ZdmFwbTMtLTRrSHNrS180TkJkUTF5Szh5NDdSUDFzaVd2SzhJc2FPdGpSVkM5WTFWS29UUkgyTmJHdmlKYjY1d2tlREk0aGM?oc=5
2026-08-03T15:58:58+00:00,Google News: Crude Oil,True,False,"WTI slides below $79 as markets bet on a US-Iran de-escalation - FXStreet",https://news.google.com/rss/articles/CBMimwFBVV95cUxOYms4NE16OXJ6T2NjbDBCZXBhcUdSa2I1YW9Ib0RNZHBsT3J6Mzh3eTcxU3Y1MXE2Q05oMzR2dzdxWkpjWXA4NmZST2dLSjlNOXREbkoyaXU0SlI2XzJBTDVaam4tZHpScTU3WDZTLVJINUYwUW5MS29QZ3hIMjVRd2RBOUZWOGc1SlBsbzdwOHBNUG9Jekg3N0J4aw?oc=5
2026-08-03T14:47:00+00:00,Google News: Crude Oil,True,False,"Brent Meyer - Storm Lake Times Pilot",https://news.google.com/rss/articles/CBMiYEFVX3lxTE10VmNNeDdOelpfWV9pMkJ2SlYwcHBOeGhuM2xRM3hGbm9SamZ1WHY0QWFfeHY4b0ZuTDN2VnIwUzFKLXZ0NlpmUmE5ZXlOQjl5TXVHbkdncW1LUUJmbEtaSg?oc=5
2026-08-03T16:01:28+00:00,Google News: Crude Oil,True,False,"Crude Oil Tumbles 7%; ISM Manufacturing PMI Rises In July - Benzinga",https://news.google.com/rss/articles/CBMiugFBVV95cUxNazdoTjhPSDV6cGdMdVMwMVR1dWNqck92ZFdYc1Q5LXh4eVViREhjUkhncTE0OWx2Nm9JTVlsb3dRMHpBUlA1cF92ZmNncTh3Si1hWmZuT3hiX0VwRjRtckd6N0tiRlV0Y0xZV3V0MVJoY2dXdzliX2ZFYWxRai1VLS04aHhYZXp3TlRkR3hkUUVVRFVCalNvTmJUN3FWMmFaQU00aDl2S3pFbURXQmdVSnVTUmphR01fNXc?oc=5
2026-08-03T16:36:33+00:00,Google News: Crude Oil,True,True,"Brazil’s Oil Output Hits Record as War Drives Up Non-OPEC Supply - Bloomberg",https://news.google.com/rss/articles/CBMitgFBVV95cUxPaW13Vk5rQnl1alNnNWV1OE8tRXRwNGVhVHVVSTNWMXdwNmNXWnJPdjM1elFhZHdFeHowRUhJbUxMQkZlUzUxQTFZNU9VLU9GbVV1dzBXTjZ0X1Y5clpOeFBNc1Nid1RJMnhtWVFyLVBLbFFDUWx3Y2ZHVmc0Z0RiaEhzVDlwa1E2WDlILXdiejAwbVVqeHU4YzdORS14ZlRwOTVTVm5NbGxXRGlyQ000SF9ONWszZw?oc=5
2026-08-03T10:58:00+00:00,Google News: Crude Oil,True,False,"USO; CVX; XOM; OXY Drop Premarket As Trump’s Iran Talks Trigger Crude Oil Selloff - Stocktwits",https://news.google.com/rss/articles/CBMi2gFBVV95cUxQN2hfRWtVY2lNLW5XcTBVWmd4UmNITUJaMmRENXY1ZWhkaHZWX0JrWWZuOVM5XzJVa0NTNm5UbXVtS3dESnpZVDQxSXBfQzJabW5lV0lOSGU5ZU1CQ19Tbk4yR2o1V1FEODRLOU0tS0lzZ3RCWTBfTVItb090ZjBXXzI0UUxVMDdsRHBleWtpMnRMeGtqTTFtbEdIUFpXR1h2RHp6STV1bHBuR2ZqX3NoeW4xNlVYS2pqVnpLSWYyd29CSEtsU3RsMXRocEp4NnVmMXdUZVpOQUppZw?oc=5
2026-08-03T15:51:54+00:00,Google News: Crude Oil,True,False,"Braves Land Lefty Brent Suter From Angels for Former Prospect - Sports Illustrated",https://news.google.com/rss/articles/CBMilwFBVV95cUxOZUwydVVWQnJvSkdHSEU2dlpDeEtnekdtVFFDOGM3YUNnbFVaNHdSX2pmMzZJREljVGNILXpwbkRKNC1FM1hkUTBGRmFwRVozc3Vta0lzeExJb0FfOXd5OGNuU2x4Z01adkx4M0t0c0xqVWJBdGh1VUFuM3g1bTFUVzBSNFIxN1R2dDE5aC1aZlhIamRjSU5r?oc=5
2026-08-03T17:48:27+00:00,Google News: Crude Oil,True,False,"US Equity Indexes Rise Amid Rally in Communication Services; Crude Oil Slides With Treasury Yields - marketscreener.com",https://news.google.com/rss/articles/CBMi5AFBVV95cUxNUU5VVHBFRUcxQkt4MmVsdDY0VWhfdWtuM19MRmJUeHlkNEpHTGFtQ3I4eVdJRlY0cXRPYmppOUF1SGdDQ2JwbHNMMTNIREFMSjZtdTJVNUZMTURSZWsyeGxFRXBxak00YS1wTVhhOUNudG96QnpBaDdndkxUWjhBbUpNVHNXNUt5YmwtNG5TYXU5QkJYaF9FNWdyc0VpMEZaeVNsODlEN01rTTc0c1VsQVczUjVnNFNyZlBzcVFEaDFndHN6Z2phNndNUmFSXzIxakhEYWNVNUYxSGg3UU5RbnlMS2s?oc=5
2026-08-03T17:10:00+00:00,Google News: Crude Oil,True,False,"Virginia Tech football's game at Maryland just got more complicated for Brent Pry - Fighting Gobbler",https://news.google.com/rss/articles/CBMirgFBVV95cUxOYnBvX1kySDZneV9YaENkQlZTeU5kelUtRElXWnZFaTNZRU1YUDIwREFucXB2UjBLcldKbVJzTXFrQkFNWTFDQ1lXWWlmeG9XY0pObWxGS09JUVppM1dZdFB0b0c1ZGkyTnFuS2V6WWhyUVZudzlaUDVIN0Jsa2VRbTUxVzVrM041dUxDYUdwV0JBcnk0VDl3aE5YcUJNdUtUeGt4cjVpQVh1YmJQQlE?oc=5
2026-08-03T14:46:08+00:00,Google News: Crude Oil,True,False,"Oil Falls 6% Despite a 7.2 Million Barrel Crude Draw; Lowering Diesel Costs for Miners - cruxinvestor.com",https://news.google.com/rss/articles/CBMiuwFBVV95cUxQWW9EcllTU1o1djRXOXMxdFZWal9zLXlNUFdyaS1xMm02WnlGbGpZNmROV0lJeFhZTlNScThEMS1wTGxnY2lseXRYdE1lLXM3cmVvSzRNZE44eExhQ1ltc1NVWW42TXJRZTZscWxpZm92QWU3aHp3SERSODRJRTJhbDJjV0Z0RkNzZ1Bfai1kYmlmbjdteGpVSFR3UkhWaC1uMS1RMEs1bmNYREVla2hrdlBPWndjdVhEZk5F?oc=5
2026-08-03T14:50:27+00:00,Google News: Crude Oil,True,False,"U.S. crude oil sinks below $80/bbl after Trump claims talks starting with Iran (USO:NYSEARCA) - Seeking Alpha",https://news.google.com/rss/articles/CBMisgFBVV95cUxQanhLZVJiajFwVThhbHp2aVZOSzVuRHYwY0dITVJnYzd3MXFpZkNZR3BEX3pRbUd5cjhxWk1Ra2RWSUxiUGJNb1VadllEdF9WZjJISW5WOVQ1R0hTRXg3VVk5ZGxOcGpYYnhTX2FRNXJQX1VjU2FVazNweUNNMUV5NHl5WS1CeXM3NlIwdkVJbE00V05LZ2lydmZzS3hJUms5bXNkUDFyYkVPc0t6TW5UYkV3?oc=5
2026-08-03T15:49:26+00:00,Google News: Crude Oil,True,False,"Braves acquire Brent Suter in a trade with the Angels - SportsTalk ATL",https://news.google.com/rss/articles/CBMihwFBVV95cUxOeUhZNkVrcS16SktHME83Q1BkUUNNeDNpZWZuOHpJcFJlZ0NpbFJyQnRXbEYxT3Z3d3lVczIwbU0waVdmNUpDYzAxN0RmQWQ1amJUaFVMQnphY25BbW50Q2o4cnB1d3pHcWxySTg0U3cyRXh4SFlTcWdmUXN0aE1RUnJtYUR3MFE?oc=5
2026-08-03T14:18:00+00:00,Google News: Crude Oil,True,False,"WTI & Brent Crude Oil Forecasts – 200-Day EMA Holds as Middle East Rumors Swirl - FXEmpire",https://news.google.com/rss/articles/CBMixAFBVV95cUxNdnFjWGszS042YTYtckg4N2F1MVJKc3JLb0ZWQUVDNjZNdi0wUUk2QUdYZXpWaG56WVlPLUV0ekExTG56UnEzX29ZVW40aGQyV25oZ1pVSF80OHZORDdReHNjTzNCQkt0VXM5S09wNzE3VW4xR0NyRXlSc2x6S29LQWlqUjZuaHFBbHRKT3QxU0xGWjNRNnBYeUcyWVpZRHM2bVNVSGJQM05TSWd4X19CUmFyQ3YwaTFUWUVvakZXczVGLU4t?oc=5
2026-08-03T16:33:33+00:00,Google News: Crude Oil,True,False,"Top 10@10: From Nifty's five-month high and crude oil's 7% plunge to IndiGo's new CEO - LinkedIn",https://news.google.com/rss/articles/CBMitgFBVV95cUxQVG9lX1ZuSlB3Q0tCcVRDdk9HdFFfZDlyNUtmRTE4SVd4SVJSdGdjNDdOZE1jejVJMF9xeFB4emdzd0ZacWM4cFV6WTJjMFVOaXlmWkI0VlFXSS1GRVgwelFLZWJFVmttc0cwQU1aSlUzSlNuc0VZU2hJN3NXLVpMVDhkenktb2R1MVR4T3prWnVHeTFjcUkzeFNIeEJuNFF1aVl6RVpkekdwZDQ3QlpaWk5WVTdOZw?oc=5
2026-08-03T15:05:18+00:00,Google News: Crude Oil,True,True,"Will the Iran war kill OPEC? - The Bradford Era",https://news.google.com/rss/articles/CBMicEFVX3lxTE14RGgwdThKd3JuMEtyNlRqWGRCdzhYdjJkY3dxY05RZldNMnU4Skxob1pHRmRFMS1vZHZYOW5sTHhGYWpuTlRRTUlkbXB0dzIzR2Z3QzJoSEJzTWN0dHZrNFlKQS1kTDVDZWo4WXk1UWU?oc=5
2026-08-03T09:19:00+00:00,Google News: Crude Oil,True,False,"Natural Gas and Oil Forecast: WTI and Brent Rebound as Middle East Supply Risks Persist - FXEmpire",https://news.google.com/rss/articles/CBMi0wFBVV95cUxNdkNNUk9LMmVjWGpvNkpubnB0LTRBbGhkX0IwT0NGTWl6dW1VZ1hxVUdWbEdCLWNXd1Z0ZGNNbGpscnI3QmtCSlhSSW9kQWZGMkZSZXJkMnFNbkEwOGZfa1lzYmhsZEgxTzdubUlmR0ZsZGlaeHpkQ3hqOUtnaURTanZhYWZobUYydFFJYk1yVDhnRGpvOTZJeHJObVJRYWw4Zzc5bTMzQ21OMWJ4aTNWV1psRk5DVGlDSWUzN2M5NWZNand2MzVkZkN3RTFyVnAzLThJ?oc=5
2026-08-03T18:29:00+00:00,Google News: Crude Oil,True,True,"Brent Crude Slumps 5% as Trump Pauses Iran Strike; Diplomatic Hopes Lift Markets - The Indian Awaaz",https://news.google.com/rss/articles/CBMiqgFBVV95cUxQeXNHVHFCN1ZxSEtDVWVtQlBNNTJhbWh2a1l3Mm9GRGo2TmRNQjVkQzY0Z2NOLUw0aS16blNIOWRVbk4zd1Mxc2lLbUhIZUN4QVlEQWpOaUZRcFVaWlM5S3k3aWQ2blp2c0hEMDJMbUZzSGNDdThIbFhyOWtwR3FmQmE1d2Y3d0ZzMkZMeTJPalJQWkFhZ1BiMkZiV1lLV2xCcVdBWTdienR2dw?oc=5
2026-08-03T16:00:00+00:00,Google News: Crude Oil,True,False,"The Weekly Meme Roundup: Obsession Dance; Brent Rivera Mog; Get These Beggars Out Of Here And More - Yahoo News Singapore",https://news.google.com/rss/articles/CBMiggFBVV95cUxNUThhekRfUGFQRHNfQnlrS0V2dlRjQmx6X0xoT0VxcTd6ejVfNTFHZXJJemFCc05FYm9FbFdZbU1lMDVhWjhMSWZrM1doZHpOTXNDM3Vyb29iLXhTeDZ0Q3hoSW5oOTZfUlY1UTRMZFp0OU1VVWoxVmpfNEg1NHlSMHF3?oc=5
2026-08-03T15:01:47+00:00,Google News: Crude Oil,True,False,"Rupee climbs to near one-month peak on lower crude oil prices - India Tribune - Chicago",https://news.google.com/rss/articles/CBMingFBVV95cUxQM1k4cUtWQ3FHc3ktUjRGWjNlRUN5WWQtWUR6aWUwTG5SVHk2VjdOdTBKTkhvQXlGSDFpMDBSa1BsVDQyZURNQlh3NW1HWHM4M1VldDlHYzdhNHVIWWVpQW5pUUpPUld1NWtqbHd0dDdPY3V5VHJvbWJWakFFek5Cd3FMN0ZObm1OenhuZE8wV1FXcDdFNXpuaFhESHZOUQ?oc=5
2026-08-03T14:18:56+00:00,Google News: Crude Oil,True,False,"Sensex; Nifty Extend Rally to Fourth Session as Crude Oil Prices Fall - INDIA New England News",https://news.google.com/rss/articles/CBMingFBVV95cUxNLWR6QzNvWmZVQ1RYbFIzdEhYSEE1MGhtY2RhUGRfbW5Sek1VZTVJOTBYRWY5ckpHUHZFLVg0RWZRQ0ZHN2ZyeE4wT3UxWHBzR2Q4T3plbE0zQVd0WnMzdVltaldPc0hVeUlOQlFsWXpjc041MjV4SnNldEVjNFo3LUlpLTV6WFFESXFWZjY5cC02ZXJNR2hVR0JSX3NPZw?oc=5
2026-08-03T00:44:47+00:00,Google News: Crude Oil,True,False,"WTI holds losses near $79.00 amid Middle East peace talks; OPEC+ output expansion - FXStreet",https://news.google.com/rss/articles/CBMivAFBVV95cUxQdjhQWVh5NTNWMVUwRVdWYWRFekZaRm1XaF9XNjAtTjVDZ0NNWmdVYm14YUVIck40OWNBUkVKaDdWOHJnTFVRRHBWQi1oLXkyRUhzVURNVHVxMnFwRFUxV2tGSU04NmN6YkdxcFQxZGQ3eEJyeEEzaUdFZ1FFaEQycVdwc1pYb0I2czg4NDBIQUZ2SFFlUVcyZEpWRUE0cWZKWVRSZ0EzLVRhVENoZjRPVXJWR21ac09ZT0lsTA?oc=5
2026-08-03T11:13:39+00:00,Google News: Crude Oil,True,False,"Brent Oil Price Falls on Fresh US-Iran Peace Deal Optimism - Action Forex",https://news.google.com/rss/articles/CBMixAFBVV95cUxNTXZBUE50aFBEekJ0T29RU1ZJNENpUmpKcHdYeFJ4UmZ5dndEZ3EybGd3WHpfc1ZFejViZGo1SkNQZmtVcVRGOWdtV0RHNHBjM3FsUEcxN2JWal9PV0RTQUp3S0lwVkdtWC13WVBYSmF1VmVfdE5zSjVsS0NrM0VlaEtrUjFNTjZYRmZ5YnBLM2Q0anAzTUFfTXdxQU1uVnBWc2RUM3VyaTdkdy1LUmplSUtjY2tkYjBSLVo2ZTNWczZnTHg4?oc=5
2026-08-03T07:07:49+00:00,Google News: OPEC,True,True,"OPEC+ completes rollback of oil production cuts with September hike - energyconnects.com",https://news.google.com/rss/articles/CBMiwAFBVV95cUxQdnZ0eU1vRjVMNXZYdGdRTjRYZ2hycVFQcld4Q0N5TG9kQ21lNnJqSDdqNEpkbXBrU1BjcUhZWkdQUUpqT2JqSy1BdjVkeHhyOEIzdjBKSWJjZ1Rjd2pXRnFTcXdTOFJldzJBemliaXlJZzVTYU11UlNtTFBYZUJubXR6SnZoRDgxa3lZVGQ1T19BdkptV2FUTFFHVVFNeVlLeVhMdnZRdUl3bkR3RHNkQ3NZMjcwcnp4U3B0a1BqUW4?oc=5
2026-08-03T16:58:00+00:00,Google News: OPEC,True,False,"OPEC+ agrees to increase oil production again in September - khou.com",https://news.google.com/rss/articles/CBMiwgFBVV95cUxQUTFKQ3ZQc3JrZE9zS2t3Z3QzZW1XU0YyLXJ0MEtNUzNJN181VjR0VGdfeEVTX3AxR3JrQXZNYWRTUEN1OFRFTVNfSVRmMFRIeEZBZHJoSFpEVDFZOWl3b2ZnaklybV9RaDAtMkRXYmdWQW9WQU5fa0ktWDQyczEwWHNXbFNJQ2R5dlZfaE1FUTRWWFpUeXhrSzVRbDYxdVJhNUR3dFV4OUxRTUI0VElmUzJ2Vl9NYzVxRXFSNncyTmdZZw?oc=5
2026-08-02T11:41:20+00:00,Google News: OPEC,True,False,"OPEC+ to raise oil production cap by 188;000 bpd in September - China Daily Global Edition",https://news.google.com/rss/articles/CBMiggFBVV95cUxQV3prSzcxc0Z1MTg3SUZYN0ZfY214T3phTE5SdzB1OUhCVnU2Nlk5dlNyNDlNYVducE5yOFBjLXRvV0VyeE9lNmQwYXZkME4wM0VDdldHeXVlcjExQzdzM25nU3l6Y2M5LXRmSGF6ajNBZUxMNVBqMm1CSkRvTGlZZHN3?oc=5
2026-08-03T12:06:46+00:00,Google News: OPEC,True,False,"OPEC+ approves 188;000 bpd oil output increase for September - CNBC Africa",https://news.google.com/rss/articles/CBMiqAFBVV95cUxQc1cwZGxCQ1ctR2RkcTUxbzJueTJPVnU3cHkyZTM2NWtZanU3ZWZNNFVsTUFyT1pHQzhEVVlmckRWR0YtU0FibzUyU2Nha0NCTW9FZ2Z0STZjUjVqMUFVbGdxM00tUmpIeGJ1dzlKLU5NZzMzUk5Va3U5Zks4dG4yd3dpMWZ3Z0dJUDcyQjM1c0J4cHplbWY1MnFxYkxkOERTOTItUDBJRW0?oc=5
2026-08-03T10:48:24+00:00,Google News: OPEC,True,True,"OPEC+ Completes 2023 Output Cut Rollback; Approves 188;000 Bpd Increase - Arise News",https://news.google.com/rss/articles/CBMilAFBVV95cUxPYl9jSENPOVpXSGUtQWpDay1fM29fTnZqcnM0c1g2SUZUZW9GcW1DYVdkcjdxemJnbnBlUE1KcldWUTZ4UGZ3T0V4YWkzMUdCTnRFVjFxRXNZRnVLb3plNS0tMTQ4NW5UNUx2Q0RSN2xobmh5cTZINk9YcHhKdjZZMVZtb2tZb3pjcjdpa1RTYS1XOURW?oc=5
2026-08-02T12:11:42+00:00,Google News: OPEC,True,False,"OPEC+ agrees modest 188;000 bpd oil output hike for September - Arab News",https://news.google.com/rss/articles/CBMiZEFVX3lxTE5VUHI1Z2JRWUtFLUk4bXhMZDRSVUdfNnExb1FrYXBmZDBtMzJzYlVFTDk3V1JwRUNXTlFwdW1zRnFrM0R1LWZ5MEJKdjh4aGtpNHRCREhmeWxpUnJKRk1jN3c4TGs?oc=5
2026-08-03T12:59:13+00:00,Google News: OPEC,True,False,"Nigeria Reaffirms Commitment to OPEC+ Production Decisions — Lokpobiri - Real Broadcasting Network",https://news.google.com/rss/articles/CBMioAFBVV95cUxNMTRVSWhjV0F0Y0NPSi00UG1BMDB3ZDNjaE1JYVMzdExhR1lvSEFVR3psZnZVMW03WVlHMGNwVWMyU1o2V0pnRjBwR2NMSDRxajlRN1FwWm5FckVLbWpUM1o0aTBjTzg4aWlnM05EVjNYNGtYU19CVURtZTJ2WmRrbkhlOGFFaXQ4REwzcDBDSDZwMU5wbVltd1Fzc2tyUGQ1?oc=5
2026-08-03T01:13:24+00:00,Google News: OPEC,True,False,"OPEC+ oil output hike is irrelevant for now; not for later: Russell - NST Online",https://news.google.com/rss/articles/CBMitgFBVV95cUxNUnhKNXlwT092d2VpRERvaTNUQXlyWklwYUVkZEtsU2tSay1DTHRCMFJTSS1fOG40M05ydldPSTlhVnBpMy1pVTk4dzFmdWVNeUNFMHYwN21mcW5LcFRkMjAyb3hnaG5BeFN4RnFFbHZNWVVlQ2JXWEw5UlZ6MTFvTURrRFM1bTVVUjlfaHRUMk9RNWNtNU5LeGlHZDJkT01yRGVJTnVrSDIyQm1sOHdTOEtnVjNDQdIBtgFBVV95cUxNUnhKNXlwT092d2VpRERvaTNUQXlyWklwYUVkZEtsU2tSay1DTHRCMFJTSS1fOG40M05ydldPSTlhVnBpMy1pVTk4dzFmdWVNeUNFMHYwN21mcW5LcFRkMjAyb3hnaG5BeFN4RnFFbHZNWVVlQ2JXWEw5UlZ6MTFvTURrRFM1bTVVUjlfaHRUMk9RNWNtNU5LeGlHZDJkT01yRGVJTnVrSDIyQm1sOHdTOEtnVjNDQQ?oc=5
2026-08-03T10:40:19+00:00,Google News: OPEC,True,True,"OPEC+ Completes Voluntary Output Cut Rollback With September Oil Quota Increase; Shifts Focus to 2027 Supply Strategy - Tekedia",https://news.google.com/rss/articles/CBMi1wFBVV95cUxQLUlyMS1LcHVya2JpZUZBaTBkd1NpTWhtMmJZU1VEZzFPVk1SekJvVmc1ZER5WmUySklHWXI1ZnJSRTVCSkNsWkJFZm5WajhMVjlRVW50R2xiejJZQlRNWlBrN282MW1kTk5jQS1nNzRtbG1JclhYcm8tS3VDdnZNOWhybzU5bzItRnhIek1yRmVOOHVrbW5yRnRSX0RoQzlZN3BzcUZZRTY4VS1TM2ZyazZPMlZCVVZLZ3N6bnRVSVpSUnNWbmtQaGlWYzRCOWMxdkgxc2dkYw?oc=5
2026-08-03T09:55:05+00:00,Google News: OPEC,True,False,"OPEC+ approves 188;000 barrels/day production increase for September - ChiniMandi",https://news.google.com/rss/articles/CBMimgFBVV95cUxPV1dKbV9hTU9BWDhIb25vZFZfeW9qTllLYV8ydVNibTFCT0FuS3VyQ2lXZ1FodW5hVHBuYS04cnJKOWp3Q0x2c2hzbjFNOUpJR0I4LXJ0SWpOcE1DRDFVd3hLbEZCQVNfMnVFSEtObHNxU3Q0NTU2V01JZW5VTlFWREdiWXc3MmpSeVphX2FNUHRPZnRNTlFMQkhB?oc=5
2026-08-03T08:06:00+00:00,Google News: OPEC,True,False,"OPEC+ approves 188;000 barrels/day production increase for September - ANI News",https://news.google.com/rss/articles/CBMitwFBVV95cUxON2N3NUliMFlqU1R0MWpQN2RMNExVdFNUekdycVdLMGVWYU5wM3BaakNJaHQ0MVRvUnVrZ2RicUVNSzN1Q0pXQXpIM2k3LVNjQ1hMQXJteU1KVzUwVGstczY3Vm0tc0dDY1ZWN1NHQi15LXJUYWF1SDkxQVpZSmJ5ZnFsM0pWd2cxZGNWSWUyamMtMmZncUx3Q0QxX1U5VzF6cGVOOXdHUGlJZHFrSFVwR3lFUjByRTA?oc=5
2026-08-03T18:04:30+00:00,BBC World,False,True,"Russia says seven killed and 40 injured by Ukrainian drone hitting busy beach",https://www.bbc.co.uk/news/articles/cr7kmnyrdn7o?at_medium=RSS&at_campaign=rss
2026-08-03T16:27:43+00:00,BBC World,False,False,"Rhine falls to record low levels as drought strains Europe's rivers",https://www.bbc.co.uk/news/articles/c78gn8zvrx4o?at_medium=RSS&at_campaign=rss
2026-08-03T15:57:27+00:00,BBC World,True,True,"Threat to oil tankers in Middle East  worst since start of Iran war; analysts say",https://www.bbc.co.uk/news/articles/cjrv0dy2e90o?at_medium=RSS&at_campaign=rss
2026-08-03T15:41:08+00:00,BBC World,False,True,"Russian anti-war politician says he has fled the country",https://www.bbc.co.uk/news/articles/c70gjw60033o?at_medium=RSS&at_campaign=rss
2026-08-03T11:49:48+00:00,BBC World,False,True,"Hundreds flee fighting in northern Ethiopia as fears rise of return to civil war",https://www.bbc.co.uk/news/articles/cdrv6r3xgyeo?at_medium=RSS&at_campaign=rss
2026-08-03T18:35:09+00:00,Al Jazeera,False,False,"US announces first two deaths from cyclospora outbreak",https://www.aljazeera.com/news/2026/8/3/us-announces-first-two-deaths-from-cyclospora-outbreak?traffic_source=rss
2026-08-03T18:16:00+00:00,Al Jazeera,False,True,"Can Netanyahu survive Israel’s most consequential election?",https://www.aljazeera.com/video/newsfeed/2026/8/3/can-netanyahu-survive-israels-most-consequential-election?traffic_source=rss
2026-08-03T18:13:43+00:00,Al Jazeera,False,False,"Israel top court hears challenge to UNRWA ban",https://www.aljazeera.com/video/newsfeed/2026/8/3/israel-top-court-hears-challenge-to-unrwa-ban?traffic_source=rss
2026-08-03T18:05:23+00:00,Al Jazeera,False,True,"Drone slams into Russian beach; killing at least 7 people",https://www.aljazeera.com/video/newsfeed/2026/8/3/drone-slams-into-russian-beach-killing-at-least-7-people?traffic_source=rss
2026-08-03T17:39:38+00:00,Al Jazeera,False,False,"Republicans say they will back Blanche after US Justice Department order",https://www.aljazeera.com/news/2026/8/3/republicans-say-they-will-back-blanche-after-us-justice-department-order?traffic_source=rss
2026-08-03T17:38:01+00:00,Al Jazeera,True,True,"Trump blasts ‘duplicitous’ Iran after Tehran denies it is in talks with the US",https://www.aljazeera.com/news/2026/8/3/trump-blasts-duplicitous-iran-after-tehran-denies-it-is-in-talks-with-the-us?traffic_source=rss
2026-08-03T17:07:37+00:00,Al Jazeera,False,False,"New illegal Israeli outpost spotted in occupied West Bank",https://www.aljazeera.com/video/newsfeed/2026/8/3/new-illegal-israeli-outpost-spotted-in-occupied-west-bank?traffic_source=rss
2026-08-03T16:33:08+00:00,Al Jazeera,False,True,"Uncertainty on Iranians’ minds as Trump fluctuates on war and talk",https://www.aljazeera.com/news/2026/8/3/uncertainty-on-iranians-minds-as-trump-fluctuates-on-war-and-talk?traffic_source=rss
2026-08-03T16:30:56+00:00,Al Jazeera,False,False,"Inside the Palestine Action protests",https://www.aljazeera.com/video/newsfeed/2026/8/3/inside-the-palestine-action-protests?traffic_source=rss
2026-08-03T16:12:55+00:00,Al Jazeera,False,False,"Iraqi Kurdish regional leader meets Syrian president in Damascus",https://www.aljazeera.com/news/2026/8/3/iraqi-kurdish-regional-leader-meets-syrian-president-in-damascus?traffic_source=rss
2026-08-03T16:01:43+00:00,Al Jazeera,False,True,"Romanian navy blasts riverbed to protect nuclear plant",https://www.aljazeera.com/video/newsfeed/2026/8/3/romanian-navy-blasts-riverbed-to-protect-nuclear-plant?traffic_source=rss
2026-08-03T15:56:01+00:00,Al Jazeera,False,False,"Indian court acquits ex-wrestling chief in sexual harassment case",https://www.aljazeera.com/news/2026/8/3/indian-court-acquits-ex-wrestling-chief-in-sexual-harassment-case?traffic_source=rss
2026-08-03T15:41:20+00:00,Al Jazeera,False,False,"How Israel and the European far right tried to exploit Ceuta",https://www.aljazeera.com/opinions/2026/8/3/how-israel-and-the-european-far-right-tried-to-exploit-ceuta?traffic_source=rss
2026-08-03T15:21:55+00:00,Al Jazeera,False,False,"Australia’s under-16 social media ban failing; study shows: What it means",https://www.aljazeera.com/news/2026/8/3/australias-under-16-social-media-ban-failing-study-shows-what-it-means?traffic_source=rss
2026-08-03T15:19:32+00:00,Al Jazeera,False,True,"Tigray refugees flee into Sudan after deadly violence on Ethiopia border",https://www.aljazeera.com/news/2026/8/3/tigray-refugees-flee-into-sudan-after-deadly-violence-on-ethiopia-border?traffic_source=rss
2026-08-03T14:47:20+00:00,Al Jazeera,False,True,"Pentagon boosts Patriot; THAAD interceptor output amid stockpile strain",https://www.aljazeera.com/economy/2026/8/3/pentagon-boosts-patriot-thaad-interceptor-output-amid-stockpile-strain?traffic_source=rss
2026-08-03T14:33:33+00:00,Al Jazeera,False,False,"Trump slams Chevron CEO; demands immediate reduction in US fuel prices",https://www.aljazeera.com/economy/2026/8/3/trump-slams-chevron-ceo-demands-immediate-reduction-in-us-fuel-prices?traffic_source=rss
2026-08-03T14:24:24+00:00,Al Jazeera,False,False,"Pochettino agrees to new manager contract with US Soccer",https://www.aljazeera.com/sports/2026/8/3/pochettino-agrees-to-new-us-coach-soccer-contract-through-to-2030-world-cup?traffic_source=rss
2026-08-03T14:23:07+00:00,Al Jazeera,False,True,"At least 17 killed as Russia and Ukraine trade heavy attacks",https://www.aljazeera.com/news/2026/8/3/more-than-10-killed-as-russia-and-ukraine-trade-heavy-attacks?traffic_source=rss
2026-08-03T14:18:48+00:00,Al Jazeera,False,False,"FIFA’s Infantino sought Trump backing after World Cup selloff plan: Report",https://www.aljazeera.com/sports/2026/8/3/fifas-infantino-sought-trump-backing-after-failed-world-cup-stakes-sell-off-plan?traffic_source=rss
2026-08-03T14:15:43+00:00,Al Jazeera,False,False,"Hilltop Youth: A group intent on taking over the West Bank by violence",https://www.aljazeera.com/news/2026/8/3/hilltop-youth-a-group-intent-on-taking-over-the-west-bank-by-violence?traffic_source=rss
2026-08-03T14:02:43+00:00,Al Jazeera,False,False,"Why does Spain have ‘enclaves’ in North Africa?",https://www.aljazeera.com/news/2026/8/3/why-does-spain-have-enclaves-in-north-africa?traffic_source=rss
2026-08-03T13:35:25+00:00,Al Jazeera,False,False,"Families search for loved ones after deadly Ceuta crossings",https://www.aljazeera.com/video/newsfeed/2026/8/3/families-search-for-loved-ones-after-deadly-ceuta-crossings?traffic_source=rss
2026-08-03T13:31:52+00:00,Al Jazeera,False,False,"Heatwave in Gaza compounds Palestinian suffering",https://www.aljazeera.com/video/newsfeed/2026/8/3/heatwave-in-gaza-compounds-palestinian-suffering?traffic_source=rss
2026-08-03T13:25:05+00:00,Al Jazeera,False,False,"People flee as rain triggers landslide in India’s Kerala",https://www.aljazeera.com/video/newsfeed/2026/8/3/08-03-2026-india-landslide-clip?traffic_source=rss
2026-08-03T17:28:17+00:00,CNBC World,False,False,"Hugging Face CEO says China is winning the AI race and dominating on open models",https://www.cnbc.com/2026/08/03/hugging-face-china-ai-race-open-models.html
2026-08-03T18:58:10+00:00,CNBC World,True,False,"Trump says Exxon and Chevron made 'too much money' off high oil prices during Iran conflict: 'I don't like it'",https://www.cnbc.com/2026/08/03/trump-says-exxon-and-chevron-made-too-much-money-off-high-oil-prices-during-iran-conflict-i-dont-like-it.html
2026-08-03T13:45:02+00:00,CNBC World,False,False,"SpaceX's post-IPO plunge sets tense backdrop for first earnings report",https://www.cnbc.com/2026/08/03/spacexs-post-ipo-plunge-sets-tense-backdrop-for-first-earnings-report.html
2026-08-03T18:34:52+00:00,CNBC World,False,True,"Can Palantir pull off a Microsoft-style comeback? Here's what options say",https://www.cnbc.com/2026/08/03/can-palantir-pull-off-a-microsoft-style-comeback-heres-what-options-say.html
2026-08-03T18:32:42+00:00,CNBC World,False,False,"Michigan confirms first two deaths in cyclospora outbreak",https://www.cnbc.com/2026/08/03/cyclospora-outbreak-first-two-deaths-reported-in-michigan.html
2026-08-03T15:50:20+00:00,CNBC World,False,False,"Amazon tops $3 trillion market cap as stock continues post-earnings surge",https://www.cnbc.com/2026/08/03/amazon-amzn-stock-market-cap-earnings.html
2026-08-03T16:56:52+00:00,CNBC World,False,False,"White House to host AI companies Tuesday to review new model-testing framework",https://www.cnbc.com/2026/08/03/white-house-ai-companies-voluntary-framework-meeting.html
2026-08-03T18:16:41+00:00,CNBC World,False,False,"'The Odyssey' fuels Imax stock to all-time high. CEO calls momentum a 'flywheel'",https://www.cnbc.com/2026/08/03/imax-stock-the-odyssey.html
2026-08-03T15:27:52+00:00,CNBC World,False,True,"California's diesel prices have jumped since the Iran war started; with ripple effects across the country",https://www.cnbc.com/2026/08/03/californias-diesel-prices-have-jumped-since-the-iran-war-started-with-ripple-effects-across-the-country.html
2026-08-03T16:57:42+00:00,CNBC World,False,False,"Are Americans ready to embrace tiny 'cars'? These companies think so",https://www.cnbc.com/2026/08/03/electric-lsv-stellantis-fiat-toppolino.html
2026-08-03T18:56:28+00:00,CNBC World,False,False,"FAA clears smallest Boeing 737 Max to fly after years of delays",https://www.cnbc.com/2026/08/03/faa-boeing-737-max-certification.html
2026-08-03T16:44:25+00:00,CNBC World,False,False,"Visa to buy cybersecurity firm BioCatch for $2.4 billion amid surge in AI-powered scams",https://www.cnbc.com/2026/08/03/visa-buys-biocatch-fraud-detection.html
2026-08-03T17:44:01+00:00,Guardian World,False,False,"Stronger EU borders needed after Ceuta crisis; von der Leyen says",https://www.theguardian.com/world/2026/aug/03/stronger-eu-borders-physical-barriers-ceuta-von-der-leyen
2026-08-03T16:05:20+00:00,Guardian World,False,False,"How Ceuta migrant crisis exposes divisions within Europe - The Latest",https://www.theguardian.com/news/audio/2026/aug/03/how-ceuta-migrant-crisis-exposes-divisions-within-europe-the-latest
2026-08-03T14:13:01+00:00,Guardian World,False,True,"Ceuta leader accuses Morocco over ‘atrocity’ of mass border crossing",https://www.theguardian.com/world/2026/aug/03/ceuta-leader-border-crossing-morocco-spain
2026-08-03T15:00:22+00:00,Guardian World,False,True,"Kmart sells out of low-cost rival to Meta camera glasses across Australia amid warnings of ‘privacy nightmare’",https://www.theguardian.com/australia-news/2026/aug/04/kmart-camera-glasses-anko-meta-smartglasses-australia
2026-08-03T15:00:21+00:00,Guardian World,False,False,"Most Sydney road tolls to keep rising after Transurban accused of blocking reforms",https://www.theguardian.com/australia-news/2026/aug/03/most-sydney-road-tolls-to-keep-rising-after-transurban-accused-of-blocking-reforms
2026-08-03T15:00:21+00:00,Guardian World,False,False,"Alan Jones argues ‘rivalry’ and ‘treachery’ but after decades wielding the sword of public opinion; he’s the one on trial",https://www.theguardian.com/media/2026/aug/04/alan-jones-trial-analysis-ntwnfb
2026-08-03T15:49:50+00:00,Guardian World,False,True,"Anti-war politician flees Russia amid pre-election crackdown on dissent",https://www.theguardian.com/world/2026/aug/03/anti-war-politician-flees-russia-pre-election-crackdown-dissent-boris-nadezhdin
2026-08-03T15:06:48+00:00,Guardian World,False,False,"Paris prosecutor investigates alleged bullying in government departments after suicide attempt",https://www.theguardian.com/world/2026/aug/03/paris-prosecutor-investigates-alleged-bullying-government-departments-suicide-attempt
2026-08-03T14:40:22+00:00,Guardian World,False,True,"Romania blasts rock to divert water from drought-hit Danube to nuclear reactor",https://www.theguardian.com/world/2026/aug/03/romania-blasts-divert-danube-water-nuclear-reactor-energy-crisis-hungary
2026-08-03T18:27:41+00:00,Guardian World,True,True,"Trump meets his obstinate match in Iran’s hardball regime",https://www.theguardian.com/world/2026/aug/03/trump-meets-his-obstinate-match-in-irans-hardball-regime
2026-08-03T18:37:55+00:00,Guardian World,False,False,"Rupert Lowe’s ‘olive branch’ to Farage piles more pressure on Reform leader",https://www.theguardian.com/politics/2026/aug/03/rupert-lowe-restore-britain-olive-branch-reform-uk
2026-08-03T17:52:12+00:00,Guardian World,False,False,"Judge orders return of alleged victim of trafficking sent to France under ‘one in one out’ scheme",https://www.theguardian.com/uk-news/2026/aug/03/judge-orders-return-of-alleged-victim-of-trafficking-sent-to-france-under-one-in-one-out-scheme
2026-08-03T17:35:44+00:00,Guardian World,False,False,"Apple launches legal challenge against UK government demand to access data",https://www.theguardian.com/technology/2026/aug/03/apple-legal-challenge-uk-government-data-access
2026-08-03T17:28:10+00:00,Guardian World,False,False,"Farage admission over timing of Reform leadership talks raises fresh doubts over £5m gift",https://www.theguardian.com/politics/2026/aug/03/nigel-farage-admits-discussed-returning-reform-leader-months-earlier
2026-08-03T16:56:27+00:00,Guardian World,False,False,"Scottish seabird hunt cancelled for first time in 400 years",https://www.theguardian.com/environment/2026/aug/03/scottish-seabird-hunt-cancelled-for-first-time-in-400-years
2026-08-03T18:23:03+00:00,Guardian World,False,False,"Raging Washington state wildfires destroy homes and force 60;000 people to evacuate",https://www.theguardian.com/us-news/2026/aug/03/washington-state-fires-spokane
2026-08-03T18:01:46+00:00,Guardian World,False,False,"Republican holdouts say they will back Todd Blanche for attorney general",https://www.theguardian.com/us-news/2026/aug/03/todd-blanche-attorney-general-nomination
2026-08-03T17:33:11+00:00,Guardian World,False,False,"Author of Democrats’ 2024 election autopsy report says chapter was left out",https://www.theguardian.com/us-news/2026/aug/03/democrats-2024-election-autopsy
2026-08-03T16:57:47+00:00,Guardian World,False,False,"US cyclosporiasis outbreak kills two people in Michigan; officials say",https://www.theguardian.com/us-news/2026/aug/03/cyclospora-deaths-michigan
2026-08-03T16:06:59+00:00,Guardian World,False,False,"Kay Granger; first Texas Republican woman elected to House; dies aged 83",https://www.theguardian.com/us-news/2026/aug/03/kay-granger-dead-texas-congress
2026-08-03T16:26:59+00:00,Reuters (via Google News),False,False,"Trump demands lower gas prices from oil companies; chides Chevron CEO - Reuters",https://news.google.com/rss/articles/CBMitgFBVV95cUxQSlhBWjU3Vnk4RkhNa1N0cExPUjhxenRiTGVQbVVzakwxRWdhMU9ieVZvSm5fZU4yYkJaREVJR3ltYUhXZW1JYkx6c1lJS1ZYVkM4WVZZSGQza3ZQMDVTYVg5ZktqbGh6RjhWN2wzRTNZUDg0U0JEU2R3N3U2NkVmYjNlOFhHTHFUYmd1QzFGRlg1V2lzWnhabkVVLUt3YmVQS0dGeUwtUnVKb2xMZjQzOGZvY0NKQQ?oc=5
2026-08-03T11:01:31+00:00,Reuters (via Google News),True,True,"War-fueled oil rally set to lift shale profits to highest since 2022 - Reuters",https://news.google.com/rss/articles/CBMitAFBVV95cUxPLVFzcUtGdkZDcXkyMnhCWFdsRmlkbGxVTi1jc3dlTXFNdXEtWHU1dDhQTzlsZ1lmZ3lvOGdqSmZfWnhXczNXRXBZTVhiWFhvaVZOeEVUZVMtLUhoYXEzMWNQNm9fUzFvSlNJZm9TZUdWbDlJTVl3R1k0eUtyNHB3X2oycDEtb3NYZXlGSVVZc2dubVh6U3l4bkY3VF9RWVRPWEE2QXVJdDR0TlhUS1lMb2hOLUk?oc=5
2026-08-03T10:53:44+00:00,Reuters (via Google News),False,False,"India's ONGC to reserve half of new oil storage for strategic reserves - Reuters",https://news.google.com/rss/articles/CBMisAFBVV95cUxNczAyX1dlc0xwU3VvMkcyN2tQMXRsRGxZQUFPTDluR2xiT012c3RUSTNtbXRqNUlOLTZPT1VLclR0ME5mMEtOZVVtMENTVmZVVGhMZHowcUY5MTJCa1lUOTJCUy1mWWNxQmNZY1dpNFo3VDZSUUJhdTFTcEFfUlh0cW9LeDhNdXFkVzg3V0NCRzk0QUNtX2NNMVBVY3dqQUhjTDhMVUZhNUwyUFhHZFEtTw?oc=5
2026-08-03T08:25:19+00:00,Reuters (via Google News),True,False,"Sahara Upstream deploys new tanker to Nigeria's OML 18 oil field - Reuters",https://news.google.com/rss/articles/CBMisgFBVV95cUxQN1dFa2RpRGJwNklsRmo0eUZvaWRlVmVFQWdyTlVmRzVQejZOR3ZOallCX0RQNm1NMENCTUQtM0ZseEhOQWd3aVVORTB5RjRQMzRsQzh4Qk4yeVZjMklrOFBfOHRnUFdSaDNGNzY0Ul9pd3N1dXpHYkxmeFNuTk1qUmo1bXk5T2FJX3F3emFzRHBrM1NmSG1xdkJCamVKZXVVLU9tQmNUYmRmWDJONGc4Q01n?oc=5
2026-08-03T15:17:05+00:00,Reuters (via Google News),False,False,"India raises windfall tax on diesel; petrol; jet fuel - Reuters",https://news.google.com/rss/articles/CBMinwFBVV95cUxNSW44Z1FvV29kUmRCMGFWN0VpUUdhOWx3dmtnb1hpbUlwZVZNaDR5V2YtTVFsbVZUQ1h0RG1YS3AwQTJrSFpGdHZ4SmtHRFdJaElXT0tiRUFVSWFWU1F1WGtFOEdZT3Ffb3NQU0c3amJJTlhpSVROZzBkU1VZb1dzVXBMb2o2WU5xTzZtZXBJQXpIY3AzRFJKa3U3RFE2WEk?oc=5
2026-08-03T15:46:30+00:00,Reuters (via Google News),False,False,"US says some older Ford cars; SUVs pose unreasonable safety risks - Reuters",https://news.google.com/rss/articles/CBMiuAFBVV95cUxOZ2dldU1mUldzVThXUm9CTWlFbGI1ckxwdmRCb1ZmVWZ3ZGFyWmRPNWFubFVfOE5LaVdXMzhhaDhDT2o2T0VsaTE5ZkYzV2lCMGZRRjFqM0RzR3loRnhXYnUzOE1TNnRMSXA3MXoyZUlzbEpWUEM1LXRERXhXLW4tdlVKMVZjMzN3U0M0MW5ldHJLc1p6Vk5nRDBFWWM5eHV4YVBlY1VoQnNMU0paVjlDU1p6VmRDZk4w?oc=5
2026-08-03T06:40:00+00:00,Reuters (via Google News),True,False,"India's Chennai Petroleum plans to expand refining capacity by a third - Reuters",https://news.google.com/rss/articles/CBMitwFBVV95cUxNTkx3cmNpbHN6WGdGemZObHBueWlHTFJQczhMWGtxbV9hVldOcC1FSXU4cDBQWHFka01VVms0NGxta0djLUhDUWc1NWVwcFNaN2paOUthRTJIQTg1dG9wNDNoZnBkYnZaY2Fydm5WTVVjbFF0SFlIZ0JlTnBwXzFRcjZXNFdlbEk4U2ZOeGFraXlTWkRrS0NQX2c4aEtQbmk1SU9ldDZSNW1LekpIelBIZXd5U0FxYWc?oc=5
2026-08-02T23:23:00+00:00,Reuters (via Google News),False,True,"Iran says no talks are under way with United States after Trump calls off attacks - Reuters",https://news.google.com/rss/articles/CBMitwFBVV95cUxOdzJzZHNCZzdLcHhDVWdCSEpLMEpVckJUQXFxcjhrcEdHWmlWQ183T3g0dUtwWldQLTVfQ0FCbGRaXzV3Y2tnS0laLS1LeU1KcGJKRVhvX2xyV1I1Q0cxSDF0dWJ6ZWpaOFZJTWZac045VWduTklfeUl2QUhKcXZtbE9EY1MtR0p0MUNZOXEtbEpFejVqeXFQaHRRcVFBbkNhUU41eGM3ZldtVFg3U09UY205bjRlUFU?oc=5
2026-07-31T15:47:48+00:00,Reuters (via Google News),False,False,"IMF unlocks about $1.8 billion for Egypt after reviews - Reuters",https://news.google.com/rss/articles/CBMimwFBVV95cUxQSTZTWW9qUTByLVJpcGhYQW5fWHBwN0ZyclppQmRwd1c5eWlhSTJBZnl0dXdLd1RUTnlzT0lBTjJpR2lXdmVla1I1QjN1SkZ3SHQzay1rUElFZzhrT1g4Zkh0eVgzakFKdjhjaGhWTnhNM3J4SFBLT1lhbFdIaERhbkhORmt3OVdOUTRDajdsYXB5WnFTRlJ0X0puSQ?oc=5
2026-08-03T22:00:00+00:00,OilPrice.com,True,False,"Harold Hamm Bets Bigger on Argentina’s Vaca Muerta Shale Boom",https://oilprice.com/Energy/Energy-General/Harold-Hamm-Bets-Bigger-on-Argentinas-Vaca-Muerta-Shale-Boom.html
2026-08-03T21:00:00+00:00,OilPrice.com,True,False,"How Geothermal and Nuclear Could Help the U.S. Catch China in the Energy Race",https://oilprice.com/Energy/Energy-General/How-Geothermal-and-Nuclear-Could-Help-the-US-Catch-China-in-the-Energy-Race.html
2026-08-03T20:00:00+00:00,OilPrice.com,True,True,"Russia Is Running Out of Soldiers; Oil; and Time",https://oilprice.com/Energy/Energy-General/Russia-Is-Running-Out-of-Soldiers-Oil-and-Time.html
2026-08-03T19:30:00+00:00,OilPrice.com,True,True,"Ukraine’s Drone Campaign Drives Russian Oil Refining to 24-Year Low",https://oilprice.com/Latest-Energy-News/World-News/Ukraines-Drone-Campaign-Drives-Russian-Oil-Refining-to-24-Year-Low.html
2026-08-03T19:00:00+00:00,OilPrice.com,True,False,"Big Oil Companies Report Record Profits Amid High Oil Prices",https://oilprice.com/Energy/Energy-General/Big-Oil-Companies-Report-Record-Profits-Amid-High-Oil-Prices.html
2026-08-03T20:00:00+00:00,Rigzone,True,False,"Cuba Suffers 4th Nationwide Blackout in Less Than a Month",https://www.rigzone.com/news/wire/cuba_suffers_4th_nationwide_blackout_in_less_than_a_month-03-aug-2026-184280-article/?rss=true
2026-08-03T19:36:16+00:00,Rigzone,True,True,"Crude Sinks as Tensions Ease",https://www.rigzone.com/news/wire/crude_sinks_as_tensions_ease-03-aug-2026-184284-article/?rss=true
2026-08-03T16:41:00+00:00,Google News: Crude Oil,True,False,"6 plead guilty in Permian Basin crude oil theft conspiracy - CBS7 | Permian Basin; West Texas News | Midland; TX",https://news.google.com/rss/articles/CBMimwFBVV95cUxPWF9YSlFMSWFFYmF4T0hPWVJSelpFYk5jbE5MTlRnNTJLODlVTG1YOFVkdFFMWTFqeENYdXRYQUN0b0NIVUtWeVNLSzNNa2VLSkNadlM4WlhWQWZSVWJkT29nS1p2WHpHdjc2Qkl3NU5WNXFrUnlBSFUwaHhMMEVoOUZTZzh3MF9kV3JSdjRnVFVnZkY2eGdDLWYzSdIBrwFBVV95cUxOQnFUZTdJQ3BsUEpGVWZ4OUNZYWpkNkRISjJZSmZmX2h4MXR0NFVJVVE3RU9pZ2JyRVZMNm9GMGFqMlp2ZDZYSDVwdEx1eTFMRzYxRzVkb0lsWU5ZUXhYQVlCNWVMWFJySWNndWZVX2JGYWF0YnNGTm42QnE5eVpxSDRETnlOa1VBdWFxZDYtZU11d0JSSFdIMEI4MF90OEdGWXZsSkRmMkhuYVRkOTdB?oc=5
2026-08-03T21:01:37+00:00,Google News: Crude Oil,True,False,"Opec-Plus Rolls Back 2023 Cut; Sets Stage for Output Surge - Energy Intelligence",https://news.google.com/rss/articles/CBMickFVX3lxTE1qMGpHMVByclRKaWE3YzVqWDhqcjFRVmwtaTc1UUQ1d2VxY1Q5Q2NXcWd5cjBwQVRxamNwM29hQzVacl9vWGFaY1Zud1NSTWxDRTNqR2I3aTZIWURBRlFYNnhBYXF2aTBTY0kxdXcwVzBuQQ?oc=5
2026-08-03T16:28:38+00:00,Google News: Crude Oil,True,False,"Braves acquire veteran reliever Brent Suter from Angels - WTVB",https://news.google.com/rss/articles/CBMijwFBVV95cUxQSDcyLXpWNk04U3pKWkRhZFAtUGV6Nkd4VDR0bjBpbWNOUUZMaWZkNk5hM0p5RDM3aGdwdGNZMVViUW5YNWUwVkx1WGdhSEx1ZW9XM0wxMHR0dG9VRkM0MGRFSVlaZ1VqVnI0NXFOaUlCaWlLTWJlRDdGWXg0WXZGcUVla05RWFlrV1ZidnVGSQ?oc=5
2026-08-03T18:18:00+00:00,Google News: Crude Oil,True,False,"Braves acquire veteran reliever Brent Suter from Angels; deal Nacho Alvarez Jr. - Atlanta News First",https://news.google.com/rss/articles/CBMingFBVV95cUxOYWxRZkJxUEt2alNjMzdvcGdxazU5SHZKendVcEk3VjBPbE5RNFdQbWZNX282TUNGTHNHWWZzSDZPbnV6VzN0Z1dvVE11aG9MeVljV0xtY3dDMUVjV1RoQmw5NEpqWjhQOTBHemwzZ0g2QjduZDR1TGttZVZqRG9zaDdPYUE1UmxtZ3lmekpFTXF1S0ZIZU94b0FxbUVvdw?oc=5
2026-08-03T21:19:57+00:00,Google News: Crude Oil,True,False,"OPEC agrees to increase oil production by 188;000 barrels in September | National News | 2news.com - ktvn.com",https://news.google.com/rss/articles/CBMi6gFBVV95cUxPZ3d3QzRjTXB0bWRBSXljZ0lUVmpTQ1VUOVkyR1hfSUxhdVViWEZIV0preEtxU0RvZGQ0ZWZXeEFNZjlPMFZrQ3Z1RTYyYnlaVGtXUnNWVWZvVXN5X2gyR1BsaTY0aWtSZWxUelZjRU04RmJ6YjhYTGJ6TWdpMWdlSHBNQnV0OUZTS2pQYkM1S2VacWRPaXpMX3YzWXN5SlgtdXMwdWZNazRvTUQxZDR1VXNjWjNCNDd3M3pOQU9Sa25pQkZQWnhqTUlSVVFDSE13Rm5iRTRqcThMTVc0X0dOclRVZ1IzbGhoZ0E?oc=5
2026-08-03T19:45:48+00:00,Google News: Crude Oil,True,False,"Atlanta Braves acquire Brent Suter from Angels adding bullpen depth before trade Deadline - WTVC",https://news.google.com/rss/articles/CBMivgFBVV95cUxPQmhyRmIyQUpzSUs1Y0VUN01aMHNmOV92RXhlSDNOWjhPQlFuSEt6U21HdEt1bzZQR20tZW9OT0NQcHMybm9aa3puVmxfRTY5OW03cE50Z3FQNl9sY1dnVllMMXFVWkdqR2cwZ01pOW1QSjhuUVhjSGRuWGdrZ1ViWDkwTExkRHpRNkpRSkVNemV3bEYtQUltMWFzWmk1UWw2RGtBVllQVkVPczByV3Y4MENkRkdGUHEzb0lHMnhn?oc=5
2026-08-03T20:10:00+00:00,Google News: Crude Oil,True,False,"U.S. Stocks Move Sharply Higher As Crude Oil Prices Plummet - RTTNews",https://news.google.com/rss/articles/CBMipgFBVV95cUxNUE1GRlBXOVpPbnU4Y196UjVZOWFZelhXWjBiNE5zb1pQdXktbnlpX09TMTV5MWVCNXVmamVKWjQwNFFDSnlrWnQ0aXVkaDJvaXN5Z3lrel84ZzRlVUt4QnZGMV9HZzd1aFhFaXlRbk1PRmExQ256YTJjUjYxaDZzclNYbWRaVHpMZGl4bHkzd0g4ckNVNmFkUHRaWGpycmI4NS0zaHRn?oc=5
2026-08-03T19:30:33+00:00,Google News: Crude Oil,True,False,"Report: Braves acquiring Brent Suter from Angels - NBC Sports",https://news.google.com/rss/articles/CBMiswFBVV95cUxNenhaQlRDWHl1SnB0NmdtUFNPemZidlUxd2VUTXprUG9TMHVDVl81WXpQQXgtam1lNFRaRVkyQnpQZzhUVjc1WUU5Rk9aSGE3RUE2eUUxbjZ5NFFxRl9DWXU1TkppdzRjQm11Wld4LTI4WlduN01BNWxPelIyanFkNHBrejNTT21iR2ljZi13RHhoYjdkR3N3RTlyTFVlcmhXZnpIWFpjdmNYZTJpOEt4T3l5QQ?oc=5
2026-08-03T19:25:59+00:00,Google News: Crude Oil,True,False,"Nomad Adds Brent Holt as Executive Producer Leading the Austin Office - Roastbrief US",https://news.google.com/rss/articles/CBMilwFBVV95cUxOcEhaWTVMWDhHYUc0Q201c2RsS1VDZVcwYk1RRm4xTldKaERKRWtxcTNHdnYwRFIyMjVwM1NOSlI1eFZQeXMtSHJiN2VCUWlOQmcxUXZWSDJCQmpvdTVFSEd6RkxuSGtzejJnQjIyTzIxV1gxcWtzWGhGSDJ2aUNWRS14N253b0VLNDZ1RkhYLTRXS2tUNzBj?oc=5
2026-08-03T18:59:00+00:00,Google News: Crude Oil,True,True,"Natural Gas; WTI Oil; Brent Oil Forecasts – Oil Dives As Trump Calls Off Strikes Against Iran - FXEmpire",https://news.google.com/rss/articles/CBMi1wFBVV95cUxOR0FzZXRFYi0yaEV3cVRnNG0zcXNrRlBLU0szZnJvbHlzbjJMMlVrRXdxa05IMDRTRE9JeWI0LUU5R1lMelhRUWtsLXV1cmRmRG9Xem4wbFNIck9NRzJucDhucV9zTnBtTXpuVzlBUWx2TXE3cWtWZ3BpZ1ctVklkX1BYRVVQNXREaFoxUFlsSFljaXExSmNlRFR3ZThUaWNtSkZHWGExR2hGTURoemFWS3VJNUF0c2lSaGE0RFFrazVsWi1yaGtXTTZKTl9mTHBvMXRwSEpMNA?oc=5
2026-08-03T21:04:16+00:00,Google News: Crude Oil,True,False,"US Equity Indexes Jump as Communication Services Rally While Crude Oil Slides With Treasury Yields - marketscreener.com",https://news.google.com/rss/articles/CBMi5gFBVV95cUxNc0hCVVJyLXVza0JiaGdMVmFUN19qRThzVlhfT3RXVmgzTUMwcXlmbFFpUUZYLU9uVkdCMERDMDBhbFBJSlcwV3FGSjNJRWY5cV9rVUNMaVVTSHRfSXZYUWJqZFA1U1h5UUdlamg0NWVTOV9MaE1GODNPOVBHY3E0NWpIMENvUW14VHhvSmYyTEt3bTEweDdoSDh2VjRPYl9pSWlIMVRpQmJuOVdfbTFGUWc5UkJaREUzWDNfUlhuSWotTEZIc3oweVpLRng5X1AxRnU4NVVwaXpoRDVxeFdNOXJwQ0RnZw?oc=5
2026-08-03T12:19:32+00:00,Google News: Crude Oil,True,True,"Brent Crude Oil Price Falls Below $84 as Trump Pauses Iran Strike Plans - Coinpedia Fintech News",https://news.google.com/rss/articles/CBMirwFBVV95cUxNZ0NXQ293WHJOclAtM3NvT3RmWHI0SGlJSXc5My1zZ0t4M3N3RjBILU5OVjNKYUNhcG5TMnlSMVZ0dFdMWTNrUEZPNy1nM3R4Wm5HODFBQTdKQmdpWGRpNmFtdWhTbHdGdHVZU0RYckZ5MElxaXlRNGNuTzN6NGFKbzl1dENNaEFVVUZIcmhCQTFqUDJIbmNGckM2OUdQNi1VQlB5ZGRWM0RFMndndjdZ0gG0AUFVX3lxTE94WU15WmlWb2JsNUhsMDhSbDcyc1Q5bWowSU95U2tycVlLOC1TR2pvVUtvT3hYNThZNi1EM3hJWlIyOEx5ckpsWGlwODNGU3E0SVF2SF9fVUc4Szc3M3NsRXZiZ2pteUZhMWJUX2FoV0hMZXpKMkFCTGtMT09Sd29kaGJJalIxZGJRRkZWVFlqNU1hVzJ5LTlwRC1tMUp0NEJhYm9SRFFOQmNmN3Rlc1dWM2NYZw?oc=5
2026-08-03T20:14:14+00:00,Google News: Crude Oil,True,False,"US Equity Markets End Higher as Crude Oil Falls on US-Iran's New Round of Talks - marketscreener.com",https://news.google.com/rss/articles/CBMizAFBVV95cUxOLWJyRU1rcm9ETm40MkxaUHd4YTd6WFpMVWNLTjZlNDNldXl4dnR6XzhzeDdVeUN6Ti10TnR1OWppNkJYTTc3NUlPN1NRNlRwNEJHT1BSVFd0aGFXVHVjaEJBeDJJMFgzaXdlMlNIVlpTQ0xSWFpWc3lKV2tIWnRBWDl3SDZhNDd4VEEyVXUwaGxPRlNrUUdjUjhGbjVxeElNQmlscW1Jc3lIdmZXQkJLTWQ5YlliX3ZoeFN2TUVMTm4za0tHSzAxalBYZjM?oc=5
2026-08-03T12:13:25+00:00,Google News: OPEC,True,False,"OPEC+ raises oil output for sixth straight month in September - Yahoo Finance",https://news.google.com/rss/articles/CBMijgFBVV95cUxOSUtVelZQVlRqVndnTVpNQ1phdTUySFlPa2o5c0FSVmpUZjlXUVI5NlZlS3BHNTE5OG9RQS1EOFB1VVA0QlN4TFJqMGZTOURlUW1nbk1OTjA5N2VlSjdxUG0tR2hwbU1za3BFWWZkSW5BMGZkeGhubUtNdDBfQlduVUJZNVRZalE5VFI0eGRn?oc=5
2026-08-03T04:29:00+00:00,Google News: OPEC,True,False,"Oil falls as Iran talks and OPEC+ output boost ease supply fear - AnewZ",https://news.google.com/rss/articles/CBMipwFBVV95cUxOejQxZ19pQUItYmVTOW5nUEhMTE90SjZmT1ZLX0NZZ0V3Ri1xOHY0dHNZdXdUSGhVTjMwMGdWaGhmSWI2T0VtMWZ6T0lvSHVGaXZXYWhRNUxEb05ZX0NlSFFvd1Q5MXJ0WmdxVTh3a1BwSTBoaUstanNiS2tiMTB5b3N2c3l4MjFJN1B1Qnl6N0h3elVMZmxTQWNwbll6Ukw2TzVDbkpYYw?oc=5
2026-08-03T20:13:49+00:00,Google News: OPEC,True,False,"OPEC+ approves 188;000 barrels/day production increase for September - Eurasia Business News",https://news.google.com/rss/articles/CBMirwFBVV95cUxOTVN0S25BNFltVmRIX3pHMHNPQnJpSVVUOWRBLXlBSndYWTh3VlZzUmVPanQtRXlLTHZTR0RPbV8yX3pIcmw2eElibmxHWTZqUzZDUXpvdXdwTnRRZ2QwTVJ3RW1wVjdQWUVlTFh5WnlWbm9EV1ZUcncySkVYWlpSeFA4ZWdjTExIVHQ0ZTN3SEpHNWpEUUpTOS1md3NGZXBLMDd5QlBaRm1sbU5tNmVF?oc=5
2026-08-03T03:44:53+00:00,Google News: OPEC,True,False,"OPEC+ Approves 188;000 BPD Oil Production Increase From September - Ednews.net",https://news.google.com/rss/articles/CBMijwFBVV95cUxQVVp6U1V2eVRKQ3Fnamw5N3J6emI3MFpyd0VObE1NV2xaRkIwOHRKMDRKY0g4ejVfdU1BeW9JZ2FLWjZVLWdyR2lvTllwSlJPdmUzTkFmSUVmcVdobzlhbF9lV19lSGZtQjVGUzREbEp4aFM1dXp2Um9IbE1YVi1UcDhwVEpLODh4ZlJhekMzVQ?oc=5
2026-08-03T15:36:35+00:00,Google News: OPEC,True,False,"OPEC+ oil output hike is irrelevant for now; not for later - NST Online",https://news.google.com/rss/articles/CBMiqwFBVV95cUxPXzFVZjRHV3U5anluRk96eEdnOTRQdmhRQnRNRVJxZEItTG1iSHBFODRNVDNVc1hTRVozQVBZQmxqdDc2Si10S2xwN1oxUHJTZEdoR3VVS0lZdS1fWngwSlAwbGdTV01LNGhSeHZpVkZQeHJZMHY0WHhTd1Zyclp0RlF0ZWxrQ0FCamNCYXptTlJpcnhiY2xuN0FTb21laDdTNHEwY1Vzdy12Y2PSAasBQVVfeXFMT18xVWY0R1d1OWp5bkZPenhHZzk0UHZoUUJ0TUVScWRCLUxtYkhwRTg0TVQzVXNYU0VaM0FQWUJsanQ3NkotdEtscDdaMVByU2RHaEd1VUtJWXUtX1p4MEpQMGxnU1dNSzRoUnh2aVZGUHhyWTB2NFh4U3dWcnJadEZRdGVsa0NBQmpjQmF6bU5SaXJ4YmNsbjdBU29tZWg3UzRxMGNVc3ctdmNj?oc=5
2026-08-03T20:05:46+00:00,BBC World,False,False,"US reports first two deaths linked to  'explosive diarrhoea' outbreak",https://www.bbc.co.uk/news/articles/c2k7px317eeo?at_medium=RSS&at_campaign=rss
2026-08-03T21:43:10+00:00,BBC World,False,False,"EU calls for stronger borders after Ceuta migrant crossings",https://www.bbc.co.uk/news/articles/cyvl84zmgyro?at_medium=RSS&at_campaign=rss
2026-08-03T07:49:33+00:00,BBC World,False,False,"Infantino opponents threaten 'non co-operation' with Fifa",https://www.bbc.co.uk/sport/football/articles/cp30vg829nxo?at_medium=RSS&at_campaign=rss
2026-08-03T21:17:21+00:00,Al Jazeera,False,False,"Migrants await asylum in Ceuta amid hunger and thirst",https://www.aljazeera.com/video/newsfeed/2026/8/3/aje-onl-nf_migrants-await-asylum-in-ceuta-amid-hunger-thirst-030826?traffic_source=rss
2026-08-03T21:05:11+00:00,Al Jazeera,False,False,"Will Israel withdraw from Gaza if Hamas disarms?",https://www.aljazeera.com/video/inside-story/2026/8/3/will-israel-withdraw-from-gaza-if-hamas-disarms?traffic_source=rss
2026-08-03T20:58:19+00:00,Al Jazeera,False,False,"El-Sayed; Stevens face off in Michigan Democratic Senate primary",https://www.aljazeera.com/video/newsfeed/2026/8/3/el-sayed-stevens-face-off-in-michigan-democratic-senate-primary?traffic_source=rss
2026-08-03T20:24:02+00:00,Al Jazeera,False,False,"Hundreds of migrant minors stranded in Ceuta after border crisis",https://www.aljazeera.com/news/2026/8/3/hundreds-of-migrant-minors-stranded-in-ceuta-after-border-crisis?traffic_source=rss
2026-08-03T19:55:36+00:00,Al Jazeera,False,False,"Survivors reach port after deadly Indonesia ferry fire",https://www.aljazeera.com/video/newsfeed/2026/8/3/survivors-reach-port-after-deadly-indonesia-ferry-fire?traffic_source=rss
2026-08-03T19:53:59+00:00,Al Jazeera,False,True,"Clergy members arrested while protesting at Senate office",https://www.aljazeera.com/video/newsfeed/2026/8/3/clergy-members-arrested-while-protesting-at-senate-office?traffic_source=rss
2026-08-03T19:45:30+00:00,Al Jazeera,False,False,"Trump says talks with Iran are ‘last chance’ to forge a deal",https://www.aljazeera.com/video/newsfeed/2026/8/3/trump-says-talks-with-iran-are-last-chance-to-forge-a-deal?traffic_source=rss
2026-08-03T18:55:25+00:00,Al Jazeera,False,False,"Bomb disposal underway in Le Porge after wildfires unearth WWII shells",https://www.aljazeera.com/video/newsfeed/2026/8/3/aje-onl-nf_wildfire-reveals-wwii-shells-in-le-porge-france-030826?traffic_source=rss
2026-08-03T20:57:02+00:00,CNBC World,False,False,"Twenty five states sue Trump administration over latest global tariffs",https://www.cnbc.com/2026/08/03/trump-tariffs-25-states-lawsuit-supreme-court.html
2026-08-03T21:57:34+00:00,CNBC World,False,False,"Big Tech's Anthropic and OpenAI stakes are distorting the corporate earnings picture",https://www.cnbc.com/2026/08/03/big-techs-anthropic-and-openai-stakes-distort-corporate-earnings.html
2026-08-03T21:34:43+00:00,CNBC World,False,True,"Palantir soars 12% on blowout quarter; with U.S. commercial revenue soaring nearly 150%",https://www.cnbc.com/2026/08/03/palantir-pltr-earnings-q2-2026.html
2026-08-03T22:20:56+00:00,CNBC World,False,True,"Palantir's Karp renews attacks on frontier AI labs that are 'trying to drug addict us'",https://www.cnbc.com/2026/08/03/palantir-karp-open-ai-anthropic-open-weight.html
2026-08-03T22:03:52+00:00,CNBC World,False,False,"Snap's stock jumps 8% on earnings beat and strong sales forecast",https://www.cnbc.com/2026/08/03/snap-q2-earnings-report-2026.html
2026-08-03T22:16:59+00:00,Guardian World,False,True,"Australia news live: charges laid after alleged replica gun scare in Sydney entertainment spot",https://www.theguardian.com/australia-news/live/2026/aug/04/breaking-news-icac-liberal-politics-royal-commission-antisemitism-gambling-ad-inquiry-anthony-albanese-labor-angus-taylor-coalition-pauline-hanson-one-nation-ntwnfb
2026-08-03T19:36:44+00:00,Guardian World,False,False,"Athens suitcase death: suspect admits hiding body but denies murder",https://www.theguardian.com/world/2026/aug/03/greek-authorities-investigate-motive-behind-of-scottish-woman-found-inside-suitcase
2026-08-03T21:30:03+00:00,Guardian World,False,False,"Rapists; child abusers and groomers will not leave prison early; says PM",https://www.theguardian.com/society/2026/aug/03/rapists-child-abusers-and-groomers-will-not-leave-prison-early-says-pm
2026-08-03T18:45:20+00:00,Guardian World,False,False,"Former neo-Nazi activist selected as Tory candidate for Somerset council election",https://www.theguardian.com/politics/2026/aug/03/former-neo-nazi-activist-selected-as-tory-candidate-for-somerset-council-election
2026-08-03T22:16:32+00:00,Guardian World,False,False,"Trump accuses Jeanine Pirro of ‘folding’ by dropping reflecting pool charges",https://www.theguardian.com/us-news/2026/aug/03/trump-jeanine-pirro-reflecting-pool-case
2026-08-03T21:44:24+00:00,Guardian World,False,True,"Benjamin Alire Sáenz; first Latino winner of PEN/Faulkner award; dies aged 71",https://www.theguardian.com/books/2026/aug/03/benjamin-alire-saenz-writer-death
2026-08-03T21:34:28+00:00,Guardian World,False,False,"US states sue Trump administration over new tariffs on 60 trading partners",https://www.theguardian.com/us-news/2026/aug/03/states-sue-trump-administration-tariffs
2026-08-03T21:21:18+00:00,Guardian World,False,True,"Far-right Republican accused of stiffing student debate champion of $8;000",https://www.theguardian.com/us-news/2026/aug/03/republican-james-fishback-sued-student-debate-money
2026-08-03T21:06:31+00:00,Guardian World,False,True,"US House ethics panel recommends censuring North Carolina’s Chuck Edwards",https://www.theguardian.com/us-news/2026/aug/03/house-ethics-panel-north-carolina-chuck-edwards-censure
2026-08-03T19:05:41+00:00,NPR News,False,False,"With U.S. doors shutting; Cubans turn to Brazil for asylum",https://www.npr.org/2026/08/03/nx-s1-5910714/brazil-cuba-migration
2026-08-03T18:01:43+00:00,Reuters (via Google News),False,True,"Chevron awards staff special bonus following earnings blowout - Reuters",https://news.google.com/rss/articles/CBMitAFBVV95cUxPdlptZlhWZjNYS0pKU2laTkx3NkZuQ0p0cFQ0ZC1jVU5MTGYyOWVicVRpQ1dmTU12VHN4UUFLcFBtTDh0OHlzWWpnX0k5OHN6WEhWcm9sZkhaSmM1dGtEQ2ZkWENKN3JCZ1daNUU5bVRBM19xZTEyNUZBU0hfTnhhOWs1eVFqbk9CYnBLRmNlam41UWpjWW1fdjVBdEZ3MlJVTkx5TU9rRTdGcXVCNklqTGlxTjk?oc=5
2026-07-31T15:37:57+00:00,Reuters (via Google News),False,False,"Amazon soars as cloud revenue surge allays fears over ballooning AI bets - Reuters",https://news.google.com/rss/articles/CBMivwFBVV95cUxNeU13OFo1TkgwWll2aVdISjdjUVpSYl9zZ1lHVDZxZElxWWw0SXRNYnFOd3Y3ZnA4Vm1NUDg3N1ZZVUtkQVFQTUZsakdseDk1RjQtOWhmLUtMN3pHbmh6YzdSX01yYUM5dGFTM0FBRFE1a0tSNmdxRlFPd0o5VkkzVzRJSnJ1SnJ3WFBBUDhRTHNkZm5jY0lOYURCTEJmZmxQWkduT2JoU3E1amQ1dVcwWlc2OUxQcWV0cjUzREFDdw?oc=5
2026-08-03T20:26:44+00:00,Reuters (via Google News),False,False,"Wall Street rallies; Dow closes at record on Iran talks optimism - Reuters",https://news.google.com/rss/articles/CBMipwFBVV95cUxQTC1HdWxXY3dmcFlCNm9FZ3N5VnVhSWg0ZHV4a1RRdUdlUVM5QUhNYUlueDN2akloUFFEUWRIWXNHeFk1VEFHMDhBRTV1XzY5TnBxUXlVQk96NkFMSnNuTURuTzhCOVRBUkVVT2p1VjBOZFBZdk4zM01WQlFDY1ZZTGhqR2NaeXNrVWN0Ym5aQ1VENmZ5aGRKRWRoMHlNRTVxMWxVSFVrOA?oc=5
2026-08-03T16:42:38+00:00,Reuters (via Google News),False,False,"US manufacturing activity hits more than four-year high; input prices elevated - Reuters",https://news.google.com/rss/articles/CBMiqgFBVV95cUxQS1pRYktWWVFTT181ekNrN3VSNXR5WGJBTG1PVlRkNl9HZlk0TUxvaXhpRVp6bXZwQUc5MzdPWXEzTGN2U1lUY3BPdEtLOEtvQlhCUDVpekMzVlpMZy1ra010ZW1pYkdSdTMwUHRCa1VNckNaUnVsRWRJdGNxZlMwSnREWWk1eVpyUUo0NWdIZzU5VlpSeWtNa25LUTFXcnFGd1lFYkV2elpEQQ?oc=5
2026-08-03T14:08:20+00:00,Reuters (via Google News),False,False,"US shakes up currency markets with unusual yen-buying via selling euros - Reuters",https://news.google.com/rss/articles/CBMiyAFBVV95cUxOYWhwczdTVFV2eTBMeUpacllrZ0VhMWhPa1FrX0p0VFN4N1pNeU9QN3BiWVNJdVR1MDZybUYxUjh2aDB2Rmw4NDdJcXFPM3M3cXU2TnJ1OEh1S2oyTF9QLURJc1NPM3g0Z09MczFneVBYWUwxWnNPRGF2U1YzM3BLeEdFRDAyN3lHNU5zY2wzdWl3TFF6Ump1RXI3V2x0aXB2M2RpM0luaHBWN1pVSXJ3VmRaS3NEWkhWUkFqSHhYWXJOemNicnBjcg?oc=5
2026-08-04T06:45:00+00:00,OilPrice.com,True,True,"Tanker Traffic Remains Subdued Despite Trump’s Talk of Peace",https://oilprice.com/Latest-Energy-News/World-News/Tanker-Traffic-Remains-Subdued-Despite-Trumps-Talk-of-Peace.html
2026-08-04T05:30:00+00:00,OilPrice.com,True,False,"Venezuela’s Oil Exports Fall Even as U.S. Shipments Hit Seven-Year High",https://oilprice.com/Latest-Energy-News/World-News/Venezuelas-Oil-Exports-Fall-Even-as-US-Shipments-Hit-Seven-Year-High.html
2026-08-04T00:00:00+00:00,OilPrice.com,True,True,"How Namibia Pulled Ahead In Africa’s Hottest Offshore Oil Basin",https://oilprice.com/Energy/Energy-General/How-Namibia-Pulled-Ahead-In-Africas-Hottest-Offshore-Oil-Basin.html
2026-08-03T23:00:00+00:00,OilPrice.com,True,True,"Big Oil Warns Global Fuel Stocks Are Running Dangerously Low",https://oilprice.com/Energy/Energy-General/Big-Oil-Warns-Global-Fuel-Stocks-Are-Running-Dangerously-Low.html
2026-08-04T08:08:26.472571+00:00,Investing.com Commodities,True,False,"Bitcoin rises to $63.8k; Strategy discloses more sales",https://www.investing.com/news/cryptocurrency-news/bitcoin-rises-to-638k-strategy-discloses-more-sales-4832954
2026-08-04T06:13:42+00:00,Google News: Crude Oil,True,False,"WTI Crude Oil futures fell 5 percent as Middle East tensions eased. - CME Group",https://news.google.com/rss/articles/CBMisgFBVV95cUxNMkFTWFZvQUhEbmxkQmVtZUctbHctOU5OaW53YU1GalNGdnhDejVyX3hQNDVjR3B2TVc1clF6VTlROHNoNjJNZEt2aHRHSXpLUkRSQjZBSWFLRTRPNFlnVENrM0c4NlFQZmFSVWVTc3RHOGdIbG1xQ3JheVFPTzNPNzhERFc4U3RQR1F0QkdteEFPLV9VMndhWVBjLVFnME9VUGFRY0cxTXk2SzI0X3FHeGl3?oc=5
2026-08-04T05:35:17+00:00,Google News: Crude Oil,True,False,"Brent Futures (UKOIL-F) Surges on Aug 4: What Lie behind the Move? - TradingKey",https://news.google.com/rss/articles/CBMijwFBVV95cUxQaVAyYzJtVzNnNUxQY0c4c0plXzVNUFdWZGo4LU4wdWl0MW5TX3FfQ2J5Uno2eGR5UmZWbkZKc0kzUmNES2k3YUVOeUxMOUN6M2lfQWJabmNiVF94SkxScnhMNHV1RWsxWTlwOFREdmdfUS1oYS14R2NtUFZjZ25sVmFQMklSeE5RaDJ4X2xyQQ?oc=5
2026-08-04T01:02:00+00:00,Google News: Crude Oil,True,True,"Oil ticks up after selloff as talks to end US-Iran war remain uncertain - Reuters",https://news.google.com/rss/articles/CBMiuAFBVV95cUxOU0VaWUlWWUxJMXVaM1NiVS0yeWUtYWhpTlo4MTh0ZzZkZms3aFVLNVRfR1JISmxrY2d2VmM1UWFKTVFtSlEzYmt0N3ZuRUFLWXd5bzh5QkVXOVRxUVh3VHRnOWkzanJWb2tqUU13cURMRFR3TFphYkFzRVRsbnY5aEpDdTJLLVNLOXpwYzRNckVGQW9TcThhNHdKVlVTZ2Q4SkRraWR5TjlvbmN4VE1rLWViVFNTRUZU?oc=5
2026-08-04T01:33:04+00:00,Google News: Crude Oil,True,True,"Brent; WTI recover modestly after 7% plunge; Hormuz attacks ongoing - investingLive",https://news.google.com/rss/articles/CBMipgFBVV95cUxNNEtnZ0FwVVpNMU5yT3NVNHMtbTNnbWJxME1MNWdxOVFpZ281ZURkZkVoYUpTSVJOZzhoRVNKbERNTnJhbmx0QkZ2OWpuNnZNa09EcTQxdkNDQUNnQ2dKNGFpNmtzdDgyTng0T0hGZkVKREdfTG84WVNmdWlfNGstZUxoc3RyYUVoeUdBSm9KSU1lYmV1UWx5M3hpelBNbUJXN1dUbVZR?oc=5
2026-08-04T00:34:45+00:00,Google News: Crude Oil,True,False,"Bobby Kennedy; Brent Pease; Keali’i Ah Yat & Gage Sliter on Montana Grizzlies offense; 2026 camp - Skyline Sports",https://news.google.com/rss/articles/CBMiuwFBVV95cUxPcXZSSnhSTXcxelFYTjNlbzVRTTVnZ3E1eF9WZzZaclloa3pDazBXTko2YmViTXFMR1UzeXVOV01KZzRfbVVIanI4cDJNRmttejFYeURKSTFobWNTR2ZpZE4zNEkwSFZGbEJ4bEJSZEVOVkpjT0pORVdxdjM2djRRMjc1MS1CQXhSamlRbFVHLU5VcTUyR3g5c1N6Z1NCVk5zRHhQbUpzdWxYMGlfWU9JaXZEWkFiTEpFLWV3?oc=5
2026-08-04T05:32:19+00:00,Google News: Crude Oil,True,False,"WTI Price Forecast: Eyes $80.00 amid US-Iran tensions and mixed technical setup - FXStreet",https://news.google.com/rss/articles/CBMiuwFBVV95cUxPVlFrSy1uNWM0cE80N2F3ZXI3MXlQX0VGelQ2UEZiVllGSmhyNllud0VneUdBLUFqcGg3Z3BWdklWVkNSNGhzNkxzM21wVGg3MHAtdzJ6NHVOWTd2Y3Z3aVJIckJhQjhwN01Xdndsb29OeFlWbklvRk81WF9fcEoxNDZscU84S0RZc2kyZGtqb0FQZ0NKTWVJN1hCcnlFS01TSlhLU2I0RnFLTnpRbUVsZDVrVmI1d3UtRFdB?oc=5
2026-08-04T01:52:57+00:00,Google News: Crude Oil,True,False,"Everything From Brent Key After Georgia Tech's First Fall Camp Practice - Sports Illustrated",https://news.google.com/rss/articles/CBMizAFBVV95cUxNMUdOXzNSRGtoU3o5Q0xRS29lZlo4R2VRNjNrbXI1RThMTUtrWk9oeXBrYW5YQ3ZyZjBfVDI1eEFVYlE4WlpIOXZCaDg0MEVxNlNpdnE3QTZodWtOZWNidUNfak5PZjFSM1ZsT0V1RzExNnBhcWNKYXYwQm42OUFjam16OFU1QjVNTDJCU1Vpb1BzZXg0TmFIdjlpWUJqUmFyd0hxSFlibUQxYnJMZ3JhRXdXTjJwaThfbWNnOHRwZzlpSEFJRG1zMmZrdkg?oc=5
2026-08-04T03:37:00+00:00,Google News: Crude Oil,True,False,"Oil Price Forecast: WTI and Brent Rebound as US-Iran Talks Remain Uncertain - FXEmpire",https://news.google.com/rss/articles/CBMiwwFBVV95cUxNMEs5azN4YWhXcXVVM2VzN0c5WHRCR2l3QWZ2YkdaLTJVa18zYS1vSHIxLXFOLUJycGhFcVk4OWR3MUVfSm8zbHliYk5tSFc5R19EeTJtcW5HS3RUNHZsZnZmR0Y2NlVUMEpLNXpqVGU0NHNBZ190cFY4Q3BpTHFaM29oVGU2R0ZBQlZUUzZ6WkxtRDh4ZHRsN01acjlzZ05lcjc0UTlhcUpYSDVUMGNGSUg1VkU3dWo2Tl9OWjBqbGVVSWc?oc=5
2026-08-04T02:20:20+00:00,Google News: Crude Oil,True,False,"Venezuela's crude oil exports fell 25% in July after shipments to India were cut in half - voz.us",https://news.google.com/rss/articles/CBMiyAFBVV95cUxOaExZb2hUdXZ2M1VUaEQ2ZXdyQS13c0xoZDZ2MWg5dGlHaHh6cDZNMS1IZGRRMnR3TWQ1bVkwMS1FelJyeVF0dmNocUh2VU5EWjFFZUs1SGRZMF9fSkt5OUFmSTdyRVk3a2FpTUl2bzdqN1VReHlLcnVBSEVzTWktZVhjbDZNRU9iNUNKVElaMndyWGpTbUx6bnhPWXUyNkQ5S2dRcGcwSjZqS2Q4MHVGUnhNb1A0NzREdE1jc2hKSFRZWmNiQ2FSUA?oc=5
2026-08-03T23:20:50+00:00,Google News: Crude Oil,True,False,"Braves reinstate Ha-Seong Kim; Sean Murphy; add Lane Thomas; Tyler Mahle and Brent Suter - Battery Power",https://news.google.com/rss/articles/CBMi2AFBVV95cUxPaE5MMEI5NEFaNHlKNVlfbGRDQ0VGRE00eFRUMUR5bUNza2RRVjFMZnpsclkyeWloMWdhQWhnVkw1SlpCeHJyOS1tbEloWWlMSG02TThDTzl0R0dndUJVNVgwS0doVDNNLWlEQzQ1RFY0S0FyNUFIWnExal95cDJiTWxIcjBVeWkxR0toZk12d3V2YmFuTE1SdUNyeTl5N29KMDZUV3ctb21LYWJGcU1lSF9JbzYzemUtMVljX1pVYTF4V04yU2YwNDRuLXhGSzVfR01faXlFSjk?oc=5
2026-08-04T05:35:24+00:00,Google News: Crude Oil,True,False,"Montana Grizzlies OC/QB coach Brent Pease on Day 1 of fall camp - Billings Gazette",https://news.google.com/rss/articles/CBMiywFBVV95cUxOenVxQjVtVFF2VDhkRVdKTFNsTDdUeGVBYnV1V3pfTG9pb2xYNVZCMTVvLVMzMXJHblRlb3otaXo1bjR0NkNuNFgtczV5Uk9wRFBLcjdOSDUyRlJENURuZmExekVhQU8tQ0pmLXVWRnExaEo1emhHaVNsTFVpYlg0SEpZRUJHRXZ2VDR0TEZ5ZThRaXJVRTVScGwxOVVFODN6U254ZWVaR01qSDZjTzU0NG9RZE9rMEN3RkozRlBDOUpsV1JSWmk2dGwzMA?oc=5
2026-08-04T01:17:33+00:00,Google News: Crude Oil,True,False,"WTI trades with positive bias below mid-$79.00s on Iran uncertainty; supply concerns - FXStreet",https://news.google.com/rss/articles/CBMiwgFBVV95cUxPM3VHQktNRWRxXzFaTm1Rd0V1eVA1LTlac0E5RFdZbU1yTnk4M2lzSXhDRjZCVmxOMjE2NGtJOWc5c1hLREx5OVNjbFFlSUtqRmVOVHktSmRmU1hYaTNyS3ZsOU5IZEJzSE41b1BPbWVoZWJMTTJvLWtaamRYeVZHM2pTbDBLaVlUbTFiR0RqY0dheFlKVmtpMGZaWVZPOUVjbG56eWE5elRqUlBhNFZ6TERDRGlOR09Db0dNZE1nak9Tdw?oc=5
2026-08-03T21:47:34+00:00,Google News: Crude Oil,True,False,"Diamondback rides on higher oil prices to top profit estimates; raise output forecast - Reuters",https://news.google.com/rss/articles/CBMiwAFBVV95cUxPNFdHTndfc3EtRnQzVDc0UFRINnlLSFdpNThLSndGbWxiNVpPMHBlMTA5WnQ5WEJWZGkwcFdoVV9WNUhBNEt1ZDFKZTBBOEVrSnppWjlhak5WVE1zNXlzS1VMRE1zZFc2Yi1ZanZhUk1abE9lS29zalBJdnkxajdmalJLeEVqelJSc2p2WjlNS1ZabjBnNWsyelVvQTJCVGY1RU14dHJGbTBZbjRZbjNsZDRRMHByOURmZG80Ny0tbGs?oc=5
2026-08-03T15:30:59+00:00,Google News: Crude Oil,True,False,"Braves acquire LHP Brent Suter from Angels - Yahoo Sports",https://news.google.com/rss/articles/CBMilgFBVV95cUxOdjdjUV9kZDJ6WXFLM3RqczZHQjYtX2Iycm15bk5YQlZ0TjF4cXg1d3NuRVZCTnVsdTc4WmtRVVdkTkU3YWFBb0QtekJfTFhwemJPQ3ZfTGlwWDF3dlRMekprdWxNYk51ZGRVdmVicFNPRVh5OE83SmhXcGpoYW1NcUdXbjhhMG84UkRxMm83Y2dxdmk2MkE?oc=5
2026-08-04T06:32:27+00:00,Google News: Crude Oil,True,False,"Speculators reduce net-long positions in Brent - engine.online",https://news.google.com/rss/articles/CBMiigFBVV95cUxNM1JKNmZwRWpLLThlUWRCYnpHN0lIV2NKY0xrb2NzREk1NDVvMk1ndm9zRmJIczRlSDJQSXBlbnF5bmNRaktTcExlUExVeWVJSl85ZjVLZ0psZ2ZUa1h0UWdKT19zc25zOGRCVmZ1dWhVVWw3QW9PWHRQV0x1YkxjazVEZmxRdTZCOXc?oc=5
2026-08-04T05:38:50+00:00,Google News: Crude Oil,True,False,"Montana Grizzlies OC/QB coach Brent Pease on Day 1 of fall camp - Montana Standard",https://news.google.com/rss/articles/CBMixAFBVV95cUxQNFF6Z1N2Z2gxUTh4eGNxZkRCUEVvTGw0RzVVdnUyUDd4RTlNSzJUMkJzaVJBdHNhY1JoUmhEMFpydDltUTFCR19WMFk1UXVJV2d0cGJLV2I3VG1pT0dyUXUyNFo5bzF4X0FXcHBMYldGdjh3NURyVWtlaHdQdHNSOE1iR0pCMkJzTE9neEJPdjdJRkFJWWJNSmZHQUYwQVVtWEg5UGxneURBcVkwbVl6WHR3bjVDVG43djZ6emJQOGY1MExu?oc=5
2026-08-03T07:30:20+00:00,Google News: Crude Oil,True,False,"Crude oil imports from Argentina to start in 2027; tax deal signed - KOREA.net",https://news.google.com/rss/articles/CBMib0FVX3lxTFBfX21JSzJNeUpYYTVNdzNQdDFVdHBiZjVVaEJGenh0TmRsXzZHREw1T0NNaU93SUJIZ05vUUI2YlpVOTB2S3plS0RPN3gyWmFFdHJBU0xhMHNHWTFnRFNLSzJLSGRtelNCQkgtM1hNNA?oc=5
2026-08-04T05:36:15+00:00,Google News: Crude Oil,True,False,"Montana Grizzlies OC/QB coach Brent Pease on Day 1 of fall camp - ravallirepublic.com",https://news.google.com/rss/articles/CBMiywFBVV95cUxPelBBemN1YkFpbWMzdS1qVnhIWmxNOE9JTFNWRU9FaVJqakgyR044RnQ5SVlYeHB0TWE1ZUhyS0JMWmItVlR1WlBvcXZLWVN2MW5nbFp6cGtYM2hBeE1IQnREUzJWbzNOMDFham9ZcUFKVnEtTnpYcnBZOGFWbV9CTm5qZ2RpNnNwdGlNSWxNOFkteFc1QW8tczYyUzJtaXBQNjRmUVpySTROcDdJSTdJM3hFNEdmdWRXVXZXeUFUZ1p2OTA0N29HcDlvOA?oc=5
2026-08-04T01:16:28+00:00,Google News: Crude Oil,True,False,"Copper Futures Drift Higher as Inflation Concerns Ease and Crude Oil Prices Decline [SMM Copper Morning Comment] - news.metal.com",https://news.google.com/rss/articles/CBMi7wFBVV95cUxPWjhRT3FGLTdzSDdkYXhwcE1wZEpwSi1jcmh6cy1fdXROM2E2OXY0TGNIUEJBYi1rVEJIV2NvaHV1cTlhT0k2YVZiVFVfMEUxb01ERnJqQXpjcUhCOUhPVXpyRlkxT3M3Z3Y3Zk81M1p3UXdMNi0xSk5KNjRPMGlhckdXNlBfQVNST1JyZlFEWkJWRE80Qy1FeFdqUVNxYXNzejA1YmlRb0QzQnRfWnRBaGZ2SHhzRzFPZTNnbU0wS3A4V1B4dzl5QXNzLTN2X1EwcDhJd1FHRFc5V0c4d3hYYV9XVV9HWVc2ZmJDekp4SQ?oc=5
2026-08-04T07:29:33+00:00,Google News: Crude Oil,True,False,"Goldman sees Brent at $80-$90 until Iran deal clarity or significant escalation - marketscreener.com",https://news.google.com/rss/articles/CBMiygFBVV95cUxOZ2FOUUtkVERuOEFMeWFfbjM5Y21YMU5rd00tVmRiV3RXLWQ5MlB5eUE3RlB0dlUxeldZUHhMQ1RleC1ma21sVnJ2Mm5za1YtRkNneVgzd3pvM1cydHpPUHdPdm9XUVJHV1FGSnFpb2k0dnFyYnR0LWJ1eHlRYzRMdnNTQVR1YnY5cC11M2Ntb3NDVWVMclFsVmhqblAtUmxqNlBvQ2lkX3VTQ2RHSkFWdXRWN1N6aG9ONVROSWlKd3lpbkVJYlkwMUlR?oc=5
2026-08-03T15:30:50+00:00,Google News: Crude Oil,True,False,"Braves acquire Brent Suter from Angels in trade for Nacho Alvarez Jr. - sportingnews.com",https://news.google.com/rss/articles/CBMi0wFBVV95cUxNY1NRb0xHZzZscnZmTExlazQ3TUtJeVV3cGJnNDU2elg3bS1jcXotVDE0OWxlRHNKaDk2SkZkbDBjZnFYUDZJWVQzVDhQbXc5eVhWRTRxRVlrbkIxN2Z5WnZRZGxuTk1qYUE2WWhQMHZhRGtPQmlPYTk4WWdrOHIwbzZXdERMd3ZIS1VoZVI0RTJfQ2FDSWVEV1hrbVU1bnBQTUpmQ2FZTEs4eHhYdHVaelNuRnZxQWdRd3djQkc0R05vVmgySFRtdnozd3VMME15MGJ3?oc=5
2026-08-04T01:07:36+00:00,Google News: Crude Oil,True,False,"Brent Crude Holds Near $84 As Trump Pushes Iran Talks; Hormuz Reopening In Focus - NDTV Profit",https://news.google.com/rss/articles/CBMivwFBVV95cUxQTTJMMnVLNWZzanlWc082YnV3S3JDMkVwMWNyQlJtdXQ5YU1HSVdrM2lvdVl4akJqVmt6QzNnanl5Zm5MZHBfYXluT0o2ekJQRlhuOGJWUzc4X3I2Wkw4T2ROSjVUQTZyTHo5QUpYMTRuZ2dwYVktNFRYQWFkd0U5S3Rta2h0RFJOdmpKb3M4eGkyX3g5ODNCZElpTWJ2V0NPZkhvckU4Q1Uzb2FIZjk4QVF2RWE1TklJU2lGM3hRd9IBxwFBVV95cUxNRFBOVVRIZkhCMHk0SEtGOEd1LUFMSWZYUnpMM215S25GVVhLcTQwd2dUVlNZdkJ0ZHpIV0taNUtzWGNaR1ZYV0lDaWJRbXpzdGhtTS1PRkFicWQ5Qm16V0k1SWprZVlqNm9KOUtuQlR5ekhGVnViNk95N1JSbW43MWtFVlEyTkVVNUUxNzNGUFhCQkpUN0Q2dnZWOFBwSFk5cmxXMExEamczdzB1LTZYazRKVVRlOUR1cGcxQXp2SFhPNG1FOXJJ?oc=5
2026-08-04T06:04:31+00:00,Google News: Crude Oil,True,False,"Crude oil slumped; base metals saw SHFE outperforming LME; stainless steel surged more than 3%; LME aluminum; SHFE nickel; and COMEX silver led gains [Overnight Market] - news.metal.com",https://news.google.com/rss/articles/CBMi_AFBVV95cUxPYVNxMUtUc1VxSnBJWTUteEZxTlVyeGk2dTJEdVJSVjFUcVpGb3c5T1cwYlVKbmloaVZMRXV5aExQMU5CTjR6WVRxekNDWWl5MVBwQmczaklYMEVwMnJqX2VraGlvSzZ3VUZVWjRteWY5MGRfc2xiQjhzelFWT2NKSTIzaUhXQXFkRkFTUmlnMzRCd0RLZ05sN21SU08zT1RZNDl5aUFDSEtDVlJLMmJJWmZCRHFSZktrWGNWNlFicl8tTXEzYzV0ek9ZV3dubFZZMlB5LWZhdkktak5tZzNWV0MtdHpkeFNvZm9ERlpleEo0MFUtNkNsenI4YlI?oc=5
2026-08-04T04:21:27+00:00,Google News: Crude Oil,True,True,"WTI Falls 5% After Trump Pauses Iran Strikes. Can the Hormuz Sell-Off Last? - EBC Financial Group",https://news.google.com/rss/articles/CBMid0FVX3lxTE5ob0FnLXdYaFZMdENoYXJWZzFRS2Nod1NxWFlUQkRhcDBRVUpEZTBFVlMzcURDSTg4XzhQMmpiY2dsX0U5SHd3ZDdLZDdlVUQzWTk1SDNTUkFyNEJzOU90QjVFSG9RNHBDTzczN0ZtXzRKRmdqYkpj?oc=5
2026-08-04T03:21:00+00:00,Google News: Crude Oil,True,False,"Brent Crude Oil Price Successfully Eases Its Oversold Conditions – Analysis – 04-08-2026 - Economies.com",https://news.google.com/rss/articles/CBMi_AFBVV95cUxOSDhXbzBZWGZaSkxUZ2FHMkpuQVY5amMxRkgxU2JfWlY5UTdXS2dfUV9rcnVLUjRhNlFsbWFFaGFPdF9ZTGw1emhQcjdGelpyOTF4cHJrMkxwVzR5ZTMzcHlpRmJpNV9zdnVvM2xMb2tOVEZwNjA3dUh4dU53a2RzdGFsOFMybmRNbS1LRHI4clZvb2UtX0pJZUdLUDBOdE9IWjMtdGlCakZzZFRfZmU2VFhYVG9MQVVZUnJRVng2MENWd1ltRlJwV3RqUzY3QmlQSUJXdmUzNGZHQ0lsN2xZeHIyVjZKb2tORVZPc2YtTWdhdDZIQ3NXQkUyOUk?oc=5
2026-08-04T04:17:56+00:00,Google News: Crude Oil,True,False,"Crude oil futures rise as US-Iran talks remain uncertain - BusinessLine",https://news.google.com/rss/articles/CBMizgFBVV95cUxORkxGTXBmbjAyd0dkd2M4Z1RxLWszNWhsMWl1d0g4Qk94TWhXS000QVJXS0gteUV6WTM1WERCajR5MFVCc1VpRnhjdzdwYXA5SDhidlpvVHZZWWt3UC1fZ3B0OGVoeU43QXhXZmRuVzYtV2hUMWF6aXpWYVZ2VTFnMGplbE8yU1pyXzVtY0JyVVFodzB2ZmpxY1hPQWNQRjdpTU83ZTFaNW9VdjJ2dVRJZ1k3LWZOa3d6T1ktTGdNM2NhZC1HRWdweVc0QnhOd9IB1AFBVV95cUxOdHAzYVBGS2VoVklPR0h5UUxhRVNBc1E0dGhuRW1FM2xBZnR4WlhIc1NGMC1idFhSU3IwaWNCSXVBeDBOQ3JHYWdWa3VrWXllMHdGTXNBT1l1SkFidFkzOHZKQlIzZlJnU0dpbkVUNFo1REI2cFowZDc0RGpkTE54S0EtcWNxQ1pLLU5nc2xzNVlsR0NqaVJxeEp3WUN5RVppenk2Z1loVDVMVVQySUlHTzVJWXRsUERyQmJ3cTBaLVBqN01yZnVzdTFvVlY5MnRDeWYwVw?oc=5
2026-08-04T04:12:12+00:00,Google News: Crude Oil,True,False,"Saudi Arabia's July Crude Oil Exports Decline Amid Persian Gulf; Red Sea Tensions - marketscreener.com",https://news.google.com/rss/articles/CBMizgFBVV95cUxOX28xV3VYR0RNSGQxSmF4d0dEWVRnMUlnU2FWaEZwRWdWeVlFcG1UeXlSZ1RrWVdxeEFXMzNNekxMbEJCamVnd281R2VBTy1tQmc1UVpQSmxLako4VHJJR1VqdHBnVWk0TFpNYWlBSVVEU0JkY213bWE4a28tMHE4Q2IyWUtoSnB6U2JoOWRmby05QVpBazVlOW9KR3dHVXR6LXEyTkhmbm51bzVraHBmc2ZFRXU2Z3k4blNuRlF0MDBzclJ3dk1jcHZLSlQzZw?oc=5
2026-08-04T05:08:55+00:00,Google News: Crude Oil,True,True,"The Iran war is fuelling the next oil; gold and silver rally - thenationalnews.com",https://news.google.com/rss/articles/CBMipgFBVV95cUxPQWRuQXpPRWhEb0xWZGN5V1hnNVZFUnhQNzd6ZldwNkFUUVJYSEJEcUUtdi1FYjlBMFQ3VHBtTmp5TWRLQUJ1YWdJMHJvd0pCMlh1alM5YkRMRTVoUmdZcXpET2xHSndoVHRDLUg5ak9hSTNHa3NsVEFPS3pidk56V3kzWnl6SDhFZFIyZFdOSXExY2hERFVoaDRKaDBsc0s5clpxTmNB?oc=5
2026-08-04T06:45:00+00:00,Google News: Crude Oil,True,False,"brent - Action Forex",https://news.google.com/rss/articles/CBMi3gFBVV95cUxPeGF0NEJKREV4UTNmM3VHZ0doRGtYUWRhemJBMU45YjlSbEhoMzltSThBSVpBR1NkMGw0SzNFYWx0UkhhdXRGQ2JYSHotc01lOURoallLUTVTZ0JjZEhLMy10bDBFSzVsWEpPLWRHV3FMdnVBb1Z0eEZoekFfaVlEbHkzZ28tN19xLTlza0hiZzg1emtZZG1PTTBLcWFrSF9NUTdaOWFKNHhnYV9XT05adTRlQlIyaVpiYlNLd256TDJhT05aWE84SUFVV18tTUx0T0ozSnJudURLazFsamc?oc=5
2026-08-02T13:09:44+00:00,Google News: OPEC,True,False,"OPEC+ agrees September oil hike; completing rollback of voluntary cuts - cnbc.com",https://news.google.com/rss/articles/CBMiqAFBVV95cUxQQ0JYdldGV2dhNjU3SGllalJxd2lxX2xUWTZLR2R6RkRsVkNKOVdVRnhmZzFKMVhpLVE4TXpYRFFpUnZNQ3M5T2E3MGFoTnNyN1g5c01qNklibC11QXRvTl80X2ZWVHFzUHZURmpSQjhDWEtMRmMwbGt2bXRDVWZzTlVlTURBd1lmeVB6YXY1eWMyOFZsanA4TUJfMXVmbkd1a0xzUHVDUnXSAa4BQVVfeXFMTkVKZEw0eEQ4MXVjcWZ6em8xVXVsazNXc2NRWURKOGRJQ21wRzRJek9xWFVBUWgzSnNJMGd0NFdLTDZUcjRvMzlpYzhmZnZLeDVvSUdEMU9YSk5UZTF4cVFkU0FBeGtUNk1pRVM1Vjc0QVJTS2FTVWhONEcycWN5Y2lFLXNPUjBXN01vMFRxSDI2Yk9ZYWd3WGw0RzVLZ2Z5TVZGQkVqV1k5LWJrdC1n?oc=5
2026-08-02T02:34:56+00:00,Google News: OPEC,True,False,"OPEC+ boosts September production by 188;000 barrels/day - Al-Monitor",https://news.google.com/rss/articles/CBMimwFBVV95cUxPdkgtTG1wU19GWUF0eVFnTWRFUEphejR5VDZ0d2xmc1B1OERtYzN5aUJXWjVkaEtXQmIzdy1jWHJsTUprdFR1S0FveGk3MzdtTkNLS0ktY0hyQzZoNUVQb2FPVTNLamZya3dUNENJN19WcU9VVVVlbE5mbm1xY0NZZDE3ZFpxR0xFWmhlUWQ0b0M5NGp1VjQ0S2lSdw?oc=5
2026-08-02T14:10:00+00:00,Google News: OPEC,True,False,"OPEC+ Raises Oil Output by 188;000 bpd for September 2026 | TradeArabia - News and Statistics - IndexBox",https://news.google.com/rss/articles/CBMingFBVV95cUxPMjFOUjh1SzBIWVRrM0Q3bmdESV9COUpVMEhOTWtkWG9wMEV4Y1lVTV90UUpuT3dtcWdnSXhlMk1RTDZIZzEzWk5hQU44b2ZmdFhYRWc4R3BJUnVFNE45TVBCX3hjS0sycTZrRW0tcGxRTl8tTUR0cmMxLUdGbUR4ODZ2anhjam5FZjh0VTN2MkZEcE0tT0hMNGJFbVV3dw?oc=5
2026-07-05T07:00:00+00:00,Google News: OPEC,True,False,"7 OPEC+ countries agree to expand monthly oil production modestly as prices slide - WSPA 7News",https://news.google.com/rss/articles/CBMiywFBVV95cUxQSVRaSGZpZXpQSUJCaHVYMElLSW5oN2d4RDRVdjNleG9GRWJhVXozcUUyRVBOcHhmemtVUTZiQ1hXYmZwMkgtcmliYmhFRDZtVGNsdHg2ZVp5aW4tMm1UX2ZJRk5aMVVzYzZZeHNrS0FNQXB5cXBWN1BkdmpiQlUxTk1DWTRhZXpQQnpYZ3dnbFl0aWhZVndNbFk2aUVmZmxDQ1JsWUVNQUpkSjJJU3NYMkxtQW1YcDR1MDY0WlpXbFJZbFVmSjg5TXRlb9IB0AFBVV95cUxOeFZIbndNdTZ0NE1Gc2RUR2RvMVJVdG05RVZVRXdmN2JoS2NOTFpfQlNQR3FXTEoyczRvWHdTdmtIVE5LVklUS25NZGdkdWlZYW1US2ROcjlrZ0VmSS1iV3lJRTNWRzUyYWZXSUhaV3YtNHdMUTNjMU40VHNOQndhSGswQ25BRUlMbm9TZVFSUHlMTmtjT0JKSmUxN2NsN0RfTTJpTzdqMi1RRmFrdzdNUFZBQ1RvWWg4b1d4Vlg1VDEyOWQ1NG9PaTQxaXIyWFNz?oc=5
2026-08-04T00:02:40+00:00,BBC World,False,False,"Analysis: Trump challenged by cold reality from top allies",https://www.bbc.co.uk/news/articles/cgjed2q2l0xo?at_medium=RSS&at_campaign=rss
2026-08-04T07:42:56+00:00,BBC World,False,True,"Five dead in Moscow region as Ukraine continues warehouse strikes",https://www.bbc.co.uk/news/articles/c151pkww79zo?at_medium=RSS&at_campaign=rss
2026-08-03T23:25:14+00:00,BBC World,False,False,"Ariana Grande has had enough of body comments; but 'scrutiny' will linger",https://www.bbc.co.uk/news/articles/c3ek7g857q4o?at_medium=RSS&at_campaign=rss
2026-08-04T04:22:12+00:00,BBC World,False,True,"France wildfires reveal hundreds of WW2 shells in village",https://www.bbc.co.uk/news/articles/cgmkxjrrwdvo?at_medium=RSS&at_campaign=rss
2026-08-03T23:14:12+00:00,BBC World,False,False,"I left my wife and twins behind - why this Nigerian man fled South Africa",https://www.bbc.co.uk/news/articles/c4gx2y454w5o?at_medium=RSS&at_campaign=rss
2026-08-04T07:11:35+00:00,BBC World,False,False,"US states sue to block Trump tariffs impacting dozens of countries",https://www.bbc.co.uk/news/articles/cy4kp8jd0ppo?at_medium=RSS&at_campaign=rss
2026-08-04T07:13:40+00:00,BBC World,False,False,"Charity cyclist; 82; dies a day after 3;300 mile ride across Australia",https://www.bbc.co.uk/news/articles/c4gkpwj2je9o?at_medium=RSS&at_campaign=rss
2026-08-03T23:13:03+00:00,BBC World,False,False,"'Digital lifeline' - Gaza tech workers give glimpse of possible future",https://www.bbc.co.uk/news/articles/c1m1xm8ykk2o?at_medium=RSS&at_campaign=rss
2026-08-04T02:29:03+00:00,BBC World,False,True,"Did Iran hack water systems in seven US states?",https://www.bbc.co.uk/news/articles/c934dq95zpgo?at_medium=RSS&at_campaign=rss
2026-08-03T23:21:10+00:00,BBC World,False,False,"Tokenomics: Why making AI pay is tricky",https://www.bbc.co.uk/news/articles/c872r52x7jgo?at_medium=RSS&at_campaign=rss
2026-08-04T00:17:48+00:00,BBC World,False,False,"Why is Trump Media selling early access to Trump's Truth Social posts?",https://www.bbc.co.uk/news/videos/c74g0q8eey9o?at_medium=RSS&at_campaign=rss
2026-08-03T23:10:05+00:00,BBC World,False,False,"There's a reason child vaccination rates are falling - and it's not social media",https://www.bbc.co.uk/news/articles/c0qvlw2dd0no?at_medium=RSS&at_campaign=rss
2026-08-03T23:04:37+00:00,BBC World,False,False,"Why India's youth anger has become Modi's biggest challenge",https://www.bbc.co.uk/news/articles/cm2gv4dgqv4o?at_medium=RSS&at_campaign=rss
2026-08-03T23:20:15+00:00,BBC World,False,False,"Heatwaves are changing summer weddings - here's how to plan for one",https://www.bbc.co.uk/news/articles/cgr7qrdx4qwo?at_medium=RSS&at_campaign=rss
2026-08-04T02:47:26+00:00,BBC World,False,False,"Watch: Wild police chase in Queensland; Australia ends in two arrests",https://www.bbc.co.uk/news/videos/c5y0d96qgg3o?at_medium=RSS&at_campaign=rss
2026-08-03T21:23:42+00:00,BBC World,False,False,"Charred homes; burned out cars - before and after images show Spokane wildfire destruction",https://www.bbc.co.uk/news/videos/c70gjkxel0zo?at_medium=RSS&at_campaign=rss
2026-08-04T07:19:29+00:00,Al Jazeera,False,True,"UFC’s Allan Nascimento dead aged 34 after apparent heart attack",https://www.aljazeera.com/sports/2026/8/4/ufcs-allan-nascimento-dead-aged-34-after-apparent-heart-attack?traffic_source=rss
2026-08-04T06:00:10+00:00,Al Jazeera,False,True,"Palestine weekly: Israel kills dozens in Gaza after Hamas disarmament deal",https://www.aljazeera.com/news/2026/8/4/palestine-weekly-israel-kills-dozens-in-gaza-after-hamas-disarmament-deal?traffic_source=rss
2026-08-04T05:03:44+00:00,Al Jazeera,False,False,"Why are the Washington wildfires so severe? Spokane fires explained",https://www.aljazeera.com/news/2026/8/4/why-are-the-washington-wildfires-so-severe-spokane-fires-explained?traffic_source=rss
2026-08-04T04:22:28+00:00,Al Jazeera,False,False,"Bodycam video shows firefighters battling blaze in Spokane; US",https://www.aljazeera.com/video/newsfeed/2026/8/4/bodycam-video-shows-firefighters-battling-blaze-in-spokane-us?traffic_source=rss
2026-08-04T03:58:09+00:00,Al Jazeera,False,False,"Colombia’s Petro repeats vote fraud claims days before handing over power",https://www.aljazeera.com/news/2026/8/4/colombias-petro-repeats-vote-fraud-claims-days-before-handing-over-power?traffic_source=rss
2026-08-04T03:32:48+00:00,Al Jazeera,False,False,"Pochettino agrees to coach men’s US Soccer through 2030 World Cup",https://www.aljazeera.com/video/newsfeed/2026/8/4/pochettino-agrees-to-coach-mens-us-soccer-through-2030-world-cup?traffic_source=rss
2026-08-04T03:14:29+00:00,Al Jazeera,False,False,"Salvadoran man dies in ICE custody at New Jersey detention centre",https://www.aljazeera.com/news/2026/8/4/salvadoran-man-dies-in-ice-custody-at-new-jersey-detention-centre?traffic_source=rss
2026-08-04T02:56:26+00:00,Al Jazeera,False,False,"US stocks near record high; oil falls as Trump claims Iran talks under way",https://www.aljazeera.com/economy/2026/8/4/us-stocks-near-record-high-oil-falls-as-trump-claims-iran-talks-underway?traffic_source=rss
2026-08-04T02:15:32+00:00,Al Jazeera,False,False,"Ibrahim Traore: Why Burkina Faso’s popular leader faces a reality test",https://www.aljazeera.com/news/2026/8/4/ibrahim-traore-why-burkina-fasos-popular-leader-faces-a-reality-test?traffic_source=rss
2026-08-04T01:58:17+00:00,Al Jazeera,False,True,"Does the US blockade on Cuba make America safer?",https://www.aljazeera.com/video/newsfeed/2026/8/4/does-the-us-blockade-on-cuba-make-america-safer?traffic_source=rss
2026-08-04T01:43:51+00:00,Al Jazeera,False,True,"Board of Peace says no Israeli withdrawal from Gaza before Hamas disarms",https://www.aljazeera.com/news/2026/8/4/board-of-peace-says-no-israeli-withdrawal-from-gaza-before-hamas-disarms?traffic_source=rss
2026-08-04T00:29:48+00:00,Al Jazeera,False,False,"Trump administration sued by 25 states over new tariffs on trading partners",https://www.aljazeera.com/news/2026/8/4/trump-administration-sued-by-25-states-over-new-tariffs-on-trading-partners?traffic_source=rss
2026-08-04T00:00:00+00:00,Al Jazeera,False,True,"Iran war live: Tehran slams US blockade as Trump warns of ‘last chance’",https://www.aljazeera.com/news/liveblog/2026/8/4/iran-war-live-tehran-denies-us-talks-as-trump-warns-of-last-chance?traffic_source=rss
2026-08-03T23:52:02+00:00,Al Jazeera,False,True,"Two workers who died in quake-hit Japan mall were sent in to get cash",https://www.aljazeera.com/video/newsfeed/2026/8/3/two-workers-who-died-in-quake-hit-japan-mall-were-sent-in-to-get-cash?traffic_source=rss
2026-08-03T23:20:37+00:00,Al Jazeera,False,False,"Death toll from Venezuela earthquakes passes 6;000",https://www.aljazeera.com/news/2026/8/3/death-toll-from-venezuela-earthquakes-passes-6000?traffic_source=rss
2026-08-03T23:02:07+00:00,Al Jazeera,False,False,"Petrol prices strain US households as oil giants Chevron; Exxon profits soar",https://www.aljazeera.com/economy/2026/8/3/petrol-prices-strain-us-households-as-oil-giants-chevron-exxon-profits-soar?traffic_source=rss
2026-08-03T22:35:47+00:00,Al Jazeera,False,False,"From Trump to El-Sayed: US Arabs in Michigan centre Palestine in politics",https://www.aljazeera.com/news/2026/8/3/from-donald-trump-to-abdul-el-sayed-us-arabs-centre-palestine-in-politics?traffic_source=rss
2026-08-03T22:31:08+00:00,Al Jazeera,False,False,"Tennis: Philippines’ Eala wins first WTA title; Fritz claims DC crown",https://www.aljazeera.com/sports/2026/8/3/tennis-philippines-eala-wins-first-wta-title-fritz-claims-dc-crown?traffic_source=rss
2026-08-04T07:04:07+00:00,CNBC World,True,True,"Trump warns Iran talks are ‘last chance’ to end war — oil prices rise as Tehran denies negotiations",https://www.cnbc.com/2026/08/04/us-iran-war-trump-hormuz.html
2026-08-04T07:27:26+00:00,CNBC World,False,True,"BP profit more than doubles as Trump blasts Big Oil for ‘making too much money’",https://www.cnbc.com/2026/08/04/bp-2q-earnings-oil-iran-war.html
2026-08-04T07:01:46+00:00,CNBC World,False,False,"CNBC Daily Open: A U.S. yen intervention dressed in euros",https://www.cnbc.com/2026/08/04/cnbc-daily-open-yen-intervention-dollar-euro-fx.html
2026-08-04T05:56:25+00:00,CNBC World,True,True,"Saudi Aramco profits jump 33% in second quarter as Iran war squeezes oil supply",https://www.cnbc.com/2026/08/04/saudi-aramco-earnings-2q-oil-iran-war.html
2026-08-04T04:50:05+00:00,CNBC World,False,False,"HSBC pretax profit beats estimates; boosted by higher net interest income and fees",https://www.cnbc.com/2026/08/04/hsbc-profit-beats-estimates-higher-net-interest-income-fees.html
2026-08-04T05:47:49+00:00,CNBC World,False,False,"AI is helping Grab ship products more than 30% faster; CFO says; as company raises forecasts",https://www.cnbc.com/2026/08/04/grab-earnings-ai-forecast-cfo-.html
2026-08-03T23:00:01+00:00,CNBC World,False,False,"CNBC's The China Connection newsletter: AI wins come with an old investor risk",https://www.cnbc.com/2026/08/03/cnbcs-the-china-connection-newsletter-ai-wins-create-investor-risks.html
2026-08-03T10:32:09+00:00,CNBC World,False,True,"Tourism price wars threaten to dim a rare bright spot in China's consumer spending",https://www.cnbc.com/2026/08/03/china-price-demand-tourism-hotel.html
2026-08-04T03:00:01+00:00,CNBC World,False,False,"India to raise up to $3.3 billion by selling stake in country’s largest life insurer at 10% discount",https://www.cnbc.com/2026/08/04/india-lic-stake-sale-discount.html
2026-08-04T00:52:30+00:00,CNBC World,False,False,"CNBC Daily Open: Fast and furious intervention to prop up the yen — will it work?",https://www.cnbc.com/2026/08/04/cnbc-daily-open-japan-yen-intervention-oil-prices-amazon.html
2026-08-03T23:20:54+00:00,CNBC World,False,False,"Analysis: Federal Reserve may be pulled into Bessent’s effort to support Japan’s yen",https://www.cnbc.com/2026/08/03/bessent-fed-japan-yen-fima-repo-facility.html
2026-08-03T13:49:17+00:00,CNBC World,False,False,"Why the U.S. stepped in after decades to prop up Japan's yen — and what's at stake",https://www.cnbc.com/2026/08/03/japan-yen-intervention-us-treasurys-euros-.html
2026-08-04T05:46:06+00:00,Guardian World,False,False,"Three lions die of suspected heatstroke at Tokyo zoo as Japan swelters",https://www.theguardian.com/world/2026/aug/04/three-lions-dead-suspected-heatstroke-japan-zoo-heatwave
2026-08-04T05:45:57+00:00,Guardian World,False,False,"Nine Lives; the feral cat that terrorised New Zealand’s rare ducks; is caught after three years",https://www.theguardian.com/world/2026/aug/04/nine-lives-feral-cat-new-zealand-caught-trapped
2026-08-04T00:59:38+00:00,Guardian World,False,False,"Japan’s prime minister tours earthquake-hit sites as recovery efforts hampered by soaring temperatures",https://www.theguardian.com/world/2026/aug/04/japan-earthquake-prime-minister-visit-recovery-heat-sanae-takaichi
2026-08-04T07:22:33+00:00,Guardian World,False,False,"NSW Liberal admits to leaking confidential report to young conservative powerbrokers; inquiry hears",https://www.theguardian.com/australia-news/2026/aug/04/scott-and-damien-are-afraid-senior-liberal-quizzed-about-former-staffers-message-at-icac-ntwnfb
2026-08-04T07:06:24+00:00,Guardian World,False,True,"Trump wants ‘fair treatment’ in fight over Labor’s levy on tech giants to pay for news; US trade group warns",https://www.theguardian.com/australia-news/2026/aug/04/australia-news-bargaining-incentive-us-trade-trump-albanese
2026-08-04T06:33:37+00:00,Guardian World,False,False,"Alan Jones trial live updates: former radio broadcaster in Sydney court for day two of indecent assault case – latest news",https://www.theguardian.com/australia-news/live/2026/aug/04/alan-jones-trial-live-updates-day-2-sydney-court-case-latest-news-ntwnfb
2026-08-04T05:32:58+00:00,Guardian World,False,False,"Charity cyclist Bob Montgomery; 82; dies one day after 5;200km ride across Australia",https://www.theguardian.com/australia-news/2026/aug/04/bob-montgomery-mnd-cyclist-dies-aged-82-death-after-one-last-ride-charity
2026-08-04T07:51:50+00:00,Guardian World,False,False,"Hungary comes ‘within millimetres’ of shutting down nuclear power plant amid drought crisis – Europe live",https://www.theguardian.com/world/live/2026/aug/04/europe-drought-extreme-heat-wildfires-climate-crisis-hungary-romania-ceuta-spain-migration-eu-latest-news-updates
2026-08-04T07:00:16+00:00,Guardian World,False,False,"Daphne Caruana Galizia was investigating suspected corruption when killed; jury told",https://www.theguardian.com/world/2026/aug/04/daphne-caruana-galizia-investigating-suspected-corruption-when-killed-jury-told
2026-08-04T05:00:14+00:00,Guardian World,False,False,"Cancer survivors need protection from future discrimination; say German politicians",https://www.theguardian.com/world/2026/aug/04/cancer-survivors-need-protection-from-future-discrimination-say-german-politicians
2026-08-04T04:00:13+00:00,Guardian World,False,True,"Price of olive oil expected to rise again as European crops feel the heat",https://www.theguardian.com/business/2026/aug/04/price-olive-oil-expected-rise-again-european-crops-heat-drought-wildfires
2026-08-04T07:57:34+00:00,Guardian World,False,False,"Mother of PC Harper ‘bitterly disappointed’ that son’s killers remain eligible for early release – UK politics live",https://www.theguardian.com/politics/live/2026/aug/04/pc-harper-prisoner-early-release-andy-burnham-labour-conservatives-badenoch-latest-news-updates
2026-08-04T06:54:30+00:00,Guardian World,True,True,"BP profits more than double as Iran war sends oil prices soaring",https://www.theguardian.com/business/2026/aug/04/bp-profits-iran-war-oil-prices-shell
2026-08-04T06:00:15+00:00,Guardian World,False,False,"Metro Bank customer fights for £14;000 refund after AI-linked fraud",https://www.theguardian.com/money/2026/aug/04/metro-bank-refund-ai-fraud
2026-08-04T05:45:05+00:00,Guardian World,False,True,"Tuesday briefing: Inside the right’s heated climate-denial debate",https://www.theguardian.com/world/2026/aug/04/tuesday-briefing-inside-the-rights-heated-climate-denial-debate
2026-08-04T02:08:47+00:00,Guardian World,False,True,"Immigrant being held at Delaney Hall dies; marking 22nd death in ICE custody",https://www.theguardian.com/us-news/2026/aug/03/ice-delaney-hall-custody-death
2026-08-04T01:25:42+00:00,Guardian World,False,False,"Crews building Trump border wall in drought-hit New Mexico ordered to stop drilling wells",https://www.theguardian.com/us-news/2026/aug/03/trump-border-wall-new-mexico-wells
2026-08-03T23:19:00+00:00,Guardian World,False,False,"‘Completely hollow’: critics denounce Blanche deal to halt Trump slush fund",https://www.theguardian.com/us-news/2026/aug/03/todd-blanche-donald-trump-deal
2026-08-03T23:09:20+00:00,Guardian World,False,False,"‘This quarter was otherworldly’: Palantir earnings surge past expectations",https://www.theguardian.com/us-news/2026/aug/03/palantir-second-quarter-earnings
2026-08-04T06:59:01+00:00,NPR News,False,False,"Nauru; the world's 3rd-smallest country; changes its name to Naoero",https://www.npr.org/2026/08/04/g-s1-137261/nauru-name-change
2026-08-04T00:38:00+00:00,Reuters (via Google News),False,False,"Asia stocks struggle for direction; oil moves higher - Reuters",https://news.google.com/rss/articles/CBMie0FVX3lxTE9FbUhCcDNQSE1IQ3dnM055RTJNZ0N1WHYtTUswbUtjZmRTS3FwbEtKZkd5Ti1WT0JndWtUSEJJTktud19OQzRELW93em1SMFdjcnphTVBMQ1BPMzBJLTdEYmxMbnJ2bFB4NVN4ZVlKYjIyZUlFZGx3RUljSQ?oc=5
2026-08-03T23:14:21+00:00,Reuters (via Google News),True,False,"Venezuela's oil exports fell slightly in July; cargoes to US rose - Reuters",https://news.google.com/rss/articles/CBMirgFBVV95cUxNYkJWdGcxUFJMSHNiQTZKeV9xMHgtVHJyTEc0ZThjRGVlUXVwR1UzX1FDR256MDlzOUJYa2t5Q1ZBNXFocXNPbmRINDZSVF81SzJiY29qdnhrdGZZQ1VBMUhaTEVmVFZ5S0EwUDlSbjZrY2NaY0p3ekhmNkNJTDNiWVpDbkN1SF9XMW5ENlBHWVFnLXllLXBJTmktNGswdFVNSlY1c1paYzFuZWtsb2c?oc=5
2026-08-03T20:48:48+00:00,Reuters (via Google News),True,False,"US oil exports in July fall to lowest level in eight months; data shows - Reuters",https://news.google.com/rss/articles/CBMiswFBVV95cUxOczRCbkNPcmZyV3NmTGhPWU03WUw1TDBydTZCTEwwQlZLNWtUME1KaVF1ODhsSmtsT1o3LTdBQVlWS2k0NllnclhzNnhtQTdSZHdUUGRXYXVMQ01ZODF1WFhLYTFBdkVOck1ScHBXWmVwUkNTbUtjWDZleGtzN1JmUFNJR29mNFV5cExJUnZrTFdYN01KbThHT0hBQ0hpNUdrck9LcVJTb2RreTVDd0ZWdVJScw?oc=5
2026-08-04T04:46:00+00:00,Reuters (via Google News),False,False,"Oil traders set to wind down UAE exchange positions after ADNOC benchmark change - Reuters",https://news.google.com/rss/articles/CBMiyAFBVV95cUxNTTIzRWd4cTNxUHJ2NTJfQTNMVjIyRnJrN0U0NGFMNzNHdVJscGsxQ0tPeHljNVVjd0p0MU1FM3FEcXdfR05zR3c5QVB4czU0V1BfamdIVUtLdWZNa3BCb0ozM2NPZkU2WFNFSGFKbmVkUXZiOGNhbnBZRWQwNkNINWlWTm5QdW1hbXpCZDBDVXhUZmQ1b0ZLZ2dOelRJbkVlN0RjNXozSUdmVXdnSW01VnVBTzIyTVVzY2VmRUNPTlczWGZSNzQ5eQ?oc=5
2026-08-04T06:09:00+00:00,Reuters (via Google News),False,False,"BP's second-quarter profit more than doubles to top $5 billion on oil surge - Reuters",https://news.google.com/rss/articles/CBMipwFBVV95cUxOdU9hYzNQV1Ezbmd5OXB4Z1d4QTR0QU80Z0MteS03b002RE5yd2hPb2l5Z0NqLWJ4Y21PSTN0Z29UNVBBVEVyRDRGc0VNUnoySWNlcWU4cUlVXy1iNWd0MVA3V3pXLXN1ZHlyQWcyNzRfcmNxYnJKWFBQTWZ1anZtajRzcFRSd3BIQWJhOVlfQXZUaVU2Y1RlTUhqcHBQZ1ItTjhJeEg0NA?oc=5
2026-08-04T06:05:07+00:00,Reuters (via Google News),True,True,"Aramco posts 44% rise in net profit as Iran war drives up oil prices - Reuters",https://news.google.com/rss/articles/CBMikAFBVV95cUxOcXFsci0ySk53THJaUktvbFlJd0ZjTzhFNmJSU0gtY1B5RElscWFhWHJLWTcxdlJ1SDhhV1dJcmQteVdaT0NLekZaMU05V2tockhvaGFtYlgzbk5OdWpDVEM4TmFoX2FpZFMyQWdxTzJ2SkdzYVExYVdRWHBKVlNPcTBzX1hub05WWk45TE1HVDM?oc=5
2026-08-03T16:32:12+00:00,Reuters (via Google News),False,False,"Russia set to increase exports from western ports in August amid firm demand in Asia; sources say - Reuters",https://news.google.com/rss/articles/CBMiygFBVV95cUxNbTVXeFlsU2YxcXhRUmgtZ1hHSFlWMHJta1J6aXp6NXdZc0s5ZkZmWVBmRmNpWVVYOTNETzJHaDBBazNZNmFxaTdZaGFKMlZsdlF2V2wtMUhHOXM5WmlzQXJMVnl1UTJCTEc3N3VjTkhJY1gtZkFTNi1ob3k4RnJMQ3NuaU1SRF9NQVRKRldCU3BXZkhlaXZZY3Y2TGZZaGtxY0dpVFp5Q3RWMW9QaVFNNGlxUlJGX3lHSlVTVmVYY09xRGgzeGh0NTdB?oc=5
2026-08-04T03:41:00+00:00,Reuters (via Google News),False,False,"Status of US-Iran talks uncertain as ship struck in Hormuz - Reuters",https://news.google.com/rss/articles/CBMipgFBVV95cUxOaUY3M2pidURfcVlodzZaVEctbGNSYS1rNlJrR21pQm8yVm50U05QSmRlWURQWWh5UklWZUVMVmlRdzhmbVJrN05IdVNXVW83T3l1TUo0ZjJTMzNURzlOdmNMM2YxY2JwVHQtby1aTFVfZmFnSjRFT0hSaHlzeW50XzNPcUZROG13MUxxNVMwdGd3UkR2cTgyeURHNERQWlUxeFJYR1ln?oc=5
2026-08-04T02:56:00+00:00,Reuters (via Google News),False,False,"Rupee nudges higher; inflow-led boost runs into importer hedging drag - Reuters",https://news.google.com/rss/articles/CBMiuwFBVV95cUxONXZxeFNDdDRBUUFmVU9XeDVzcEFMMzQ1SVFzZHFsWlZaNFdtb25RdkN2WEI1OUZ6WEt3OHlITUpjZjMxSDVGa2JoQ1poU2RMaVhVU2d0bFQxczFiREtFcDVDVC1zTzNvcVFhYkNOeTczdVh4eThDZEZpeG5wWVJXRDlRZWgtcVllLTBXZnJIVkR4QV9ucHh0TFlCdEpGcnUwUElWakdBakFIcHUxU1U4TFZhRFFQYWJsMDlz?oc=5
2026-08-03T16:21:08+00:00,Reuters (via Google News),False,False,"European shares start August higher on US-Iran diplomacy hopes - Reuters",https://news.google.com/rss/articles/CBMipwFBVV95cUxOMTFMX3ViRVNlS2F6ZEUtaU9RMHgydW1RREh3MC1iX3puek9aYmN4WHJucExCRXFaa2tNSk9KRGF5bnhMN1hGY0dxYzJxdHJNOVJwQndjSkFCOFRaNEFqRDc1eTFGU1RESk9sVU9UNWVGUDR3RkdTUkQ0ZjJ5anVBT2hmQ2dKRTBhSy1za1psQkZ6bzdrRXNnVUZncDRzT1dnMmVqU0Nvcw?oc=5
2026-08-03T16:38:00+00:00,Reuters (via Google News),False,False,"Freight rates for Russia’s Urals rise sharply in August on higher security risks; sources say - Reuters",https://news.google.com/rss/articles/CBMiyAFBVV95cUxNWWI4bEpETFdldW9oWEVQbm12dDUxbEUyeU5PRnFHODlRbThqaUZ5VHAzUUNzMEVTcWVMb2l5X0ZHRm9nb3BoZ2FYRm8tajBWTmJoQW9SeHhyWW1PSlNZZEd6cU9uWVVZNXlEWjU2ZjlyU21XLXZ4YkZBeUlPMGVLbVNvMzV2UmdoVkxHcWVpQ1VkVFRiUnVnSU1SMWtEbGduSzA4SFlZQVN6cUNNUGk5Q2JSSm9QbHRLV3JZbldJc1hqQzFaNi10ag?oc=5
2026-08-03T16:31:31+00:00,Reuters (via Google News),False,False,"FTSE 100 dips as AstraZeneca slides on Bristol Myers tie-up talks - Reuters",https://news.google.com/rss/articles/CBMisgFBVV95cUxQX0RpeG16VllIWVNDUml2LWo5bzFFVDI5UDhJb3RMMDdJRzlUZmVtRUF5MFZSaU5NTU4wLVRGNUNwY1lWXzlQM2lMMktGdENkWXl1MkFkcWlaazhpUlJ4TWJ3T3dJYUk2NkpwVWNqaFZDT2NlQzA0NWdZckowUFVFS1h5M0RYazA0d2tnb1hBSGtPVzI1TGNOdzVvckVXaFFsNUZBcG9jSTE5Q0ZGUS02Wm1n?oc=5
2026-08-04T16:00:00+00:00,OilPrice.com,True,False,"Iron Ore Prices Hit One-Year Low as China Demand Slump Deepens",https://oilprice.com/Metals/Commodities/Iron-Ore-Prices-Hit-One-Year-Low-as-China-Demand-Slump-Deepens.html
2026-08-04T15:45:00+00:00,OilPrice.com,True,True,"Oil Extends Losses After US; Qatar Signal Progress on Iran Draft Deal",https://oilprice.com/Energy/Crude-Oil/Oil-Extends-Losses-After-US-Qatar-Signal-Progress-on-Iran-Draft-Deal.html
2026-08-04T15:30:00+00:00,OilPrice.com,True,False,"Pentagon Scraps $300 Million Lithium Tender for Defense Stockpile",https://oilprice.com/Latest-Energy-News/World-News/Pentagon-Scraps-300-Million-Lithium-Tender-for-Defense-Stockpile.html
2026-08-04T14:30:00+00:00,OilPrice.com,True,False,"India's HPCL Snaps Up Nigerian Crude To Dodge The Hormuz Bottleneck",https://oilprice.com/Latest-Energy-News/World-News/Indias-HPCL-Snaps-Up-Nigerian-Crude-To-Dodge-The-Hormuz-Bottleneck.html
2026-08-04T14:00:00+00:00,OilPrice.com,True,False,"BP Retreats Further From Green Energy With Archaea Sale",https://oilprice.com/Energy/Energy-General/BP-Retreats-Further-From-Green-Energy-With-Archaea-Sale.html
2026-08-04T13:30:00+00:00,OilPrice.com,True,True,"Hormuz Tanker Traffic Stalls at Two-Month Low as Attacks Escalate",https://oilprice.com/Latest-Energy-News/World-News/Hormuz-Tanker-Traffic-Stalls-at-Two-Month-Low-as-Attacks-Escalate.html
2026-08-04T12:30:00+00:00,OilPrice.com,True,False,"Pakistan Partners with Canadian Firm to Boost Domestic Heavy Crude Output",https://oilprice.com/Latest-Energy-News/World-News/Pakistan-Partners-with-Canadian-Firm-to-Boost-Domestic-Heavy-Crude-Output.html
2026-08-04T11:30:00+00:00,OilPrice.com,True,True,"India Expands Oil Storage Sites After Shock Supply Disruption",https://oilprice.com/Latest-Energy-News/World-News/India-Expands-Oil-Storage-Sites-After-Shock-Supply-Disruption.html
2026-08-04T10:30:00+00:00,OilPrice.com,True,True,"BP Earnings Surge to $5.7 Billion on Oil Price and Refining Boom",https://oilprice.com/Latest-Energy-News/World-News/BP-Earnings-Surge-to-57-Billion-on-Oil-Price-and-Refining-Boom.html
2026-08-04T09:30:00+00:00,OilPrice.com,True,True,"Saudi Aramco’s Adjusted Profit Jumps 33% as Oil Prices Surge",https://oilprice.com/Latest-Energy-News/World-News/Saudi-Aramcos-Adjusted-Profit-Jumps-33-as-Oil-Prices-Surge.html
2026-08-04T08:15:00+00:00,OilPrice.com,True,False,"Germany’s Energy Demand Falls as High Prices Hit Oil Consumption",https://oilprice.com/Latest-Energy-News/World-News/Germanys-Energy-Demand-Falls-as-High-Prices-Hit-Oil-Consumption.html
2026-08-04T14:41:02+00:00,Rigzone,True,False,"Qatar; Bessent Signal Progress on Short Term USA-Iran Deal",https://www.rigzone.com/news/wire/qatar_bessent_signal_progress_on_short_term_usairan_deal-04-aug-2026-184293-article/?rss=true
2026-08-04T14:33:22+00:00,Rigzone,True,True,"Aramco Profit Jumps 33 Pct",https://www.rigzone.com/news/wire/aramco_profit_jumps_33_pct-04-aug-2026-184292-article/?rss=true
2026-08-04T13:11:38+00:00,Rigzone,True,True,"Aramco Plans to Boost Oil Export Capacity",https://www.rigzone.com/news/wire/aramco_plans_to_boost_oil_export_capacity-04-aug-2026-184285-article/?rss=true
2026-08-04T12:54:16+00:00,Rigzone,True,False,"Williams to Acquire Momentum Midstream for $5.5B",https://www.rigzone.com/news/williams_to_acquire_momentum_midstream_for_55b-04-aug-2026-184291-article/?rss=true
2026-08-04T12:10:10+00:00,Rigzone,True,False,"Crescent Energy Bumps Up Production Forecast",https://www.rigzone.com/news/crescent_energy_bumps_up_production_forecast-04-aug-2026-184290-article/?rss=true
2026-08-04T11:17:59+00:00,Rigzone,True,True,"USA Gas Prices Could Hit Record This Week",https://www.rigzone.com/news/usa_gas_prices_could_hit_record_this_week-04-aug-2026-184289-article/?rss=true
2026-08-04T11:08:01+00:00,Rigzone,True,False,"Sempra Delays Completion of Mexican LNG Project",https://www.rigzone.com/news/sempra_delays_completion_of_mexican_lng_project-04-aug-2026-184288-article/?rss=true
2026-08-04T10:45:32+00:00,Rigzone,True,False,"BP Raises Dividend Rate",https://www.rigzone.com/news/bp_raises_dividend_rate-04-aug-2026-184287-article/?rss=true
2026-08-04T09:34:31+00:00,Rigzone,True,True,"Analysts Warn Outlook Remains Highly Fragile",https://www.rigzone.com/news/analysts_warn_outlook_remains_highly_fragile-04-aug-2026-184286-article/?rss=true
2026-08-04T16:23:25.926659+00:00,Investing.com Commodities,True,False,"ChangeNOW and CoinRabbit Release Joint Research on Financial Privacy in Digital Assets",https://www.investing.com/news/cryptocurrency-news/changenow-and-coinrabbit-release-joint-research-on-financial-privacy-in-digital-assets-4835081
2026-08-03T23:19:00+00:00,Google News: Crude Oil,True,False,"6 plead guilty to stealing tens of thousands of barrels of crude oil to sell at discounted rates - WTOC",https://news.google.com/rss/articles/CBMisAFBVV95cUxOazEtNW9ud0k3UVBzU3hRTTg0M2hwTENJZEFTb291THRGM0cyazVYSS1hXzFJajN4a2NrMEE4R0NJTXdwQTlsV2RLWEpSb09iSE1VT1hNMmNDalpYclFXLUFxdjhuUjZzX2lrNy1MTHo3X0NKZFlOdnVXSm95bnphaVd1U2JOVFhUYk15Ymt1ZmtGSmhHMHNHYzVJa29iTzhoc2pxWHYwRWV6alZaUXZEOQ?oc=5
2026-08-04T10:56:00+00:00,Google News: Crude Oil,True,False,"Gas prices hold steady despite falling crude oil costs - newscentermaine.com",https://news.google.com/rss/articles/CBMi3wFBVV95cUxONXlsc2Zxdm84cWRGSWNJdllld1otZzQ2Rnd4aG1FOTVqRnU4Y1pxNHRXRHlkdmVLdm9yMF91RHNTbXl3WVFTVFpsNHM4dGFPUHhEakQxMWxJT0phRElqbnNLN3E2X0FpcnBNdkdVTFBCU182SHVCWmxwTVVwVDk1UWZGdlVaSGMtRF8wQjZnNzgxMEF0T0RHdEFoUFlWbXFDT1pEOGdSbEhpZXFkbWVuZkRrbmtNTVJsaVRPQmxHZFlwYzh6T19vc1lIck9PY1JNZlFuUHFPT3JxX0Z1dW5Z?oc=5
2026-08-04T16:18:56+00:00,Google News: Crude Oil,True,False,"Turning Determination Into Opportunity: Honoring Julie Chugg Palfreyman With an Endowed Scholarship - Utah State University",https://news.google.com/rss/articles/CBMiygFBVV95cUxQckU4djJFR1RBdHlLOFQ4N2k1ZTJ3QlBaak55T0xRWmpCNFQ5ZmtZYzdzZ0FOWFBkQkVFX1ZYbGhuWDl0SUN1UTRwcVFSVHlhamdhZU42c2VVR244dVVPejA1R0x1eWNIdnM4ZGp4T21sRmFPMkFUVmxxdkhONUJSVG9Ra2x4dU9EbTdRLUJjQS1uQ01tRFIxX2lPRWZ5cEY1S2t1LVBhT2phdlhIYTlybmNHaXdaWVJzVzQteVo4MEkxczVtU1lIVDdn?oc=5
2026-08-04T10:30:11+00:00,Google News: Crude Oil,True,False,"Nomad Adds Brent Holt as Executive Producer - Little Black Book | LBBOnline",https://news.google.com/rss/articles/CBMieEFVX3lxTE9HOTRFVHR5cVU0UFdmczkxcHVzY3dUOERBNUp0bk0yekVSVGktLWNVakFNa181OUJtZm1VdkxkQkxqMlA2cXZKZVVxWlYyRzNvQ2w2cmNia3hDZmtCQVV3ZXpPT3ZkRy1rbzY3RXMtYzdxay1BLXdGRA?oc=5
2026-08-04T16:09:03+00:00,Google News: Crude Oil,True,False,"Broader Crude Oil Price Weakness Hurt Kosmos Energy Ltd. (KOS) in Q2 - Yahoo! Finance Canada",https://news.google.com/rss/articles/CBMiiAFBVV95cUxNMFhWbWwzYnFFVm1oRmFyTF9HXzBHSmlhZ2xnQmpKQ19GeVpaVnNaMDJMUlF6aWlIZE1ST3dkUWZCMlN3aDM5bzlrbmUyZVdQaVlJVGM5QnpxNjlxNXJ2ZlhJYmxzRkdRcy1VU21yRkszMWdERVFUYlpLcWFqV2Rhb0N5THQ4eE9R?oc=5
2026-08-04T15:13:00+00:00,Google News: Crude Oil,True,True,"REACTION: Brent Key is LOOKING forward to the battle for the right guard position - 11Alive.com",https://news.google.com/rss/articles/CBMiowJBVV95cUxPUHNHeTJGTmcyUGMwdmVSR2pMMjd0THVnbUhSaE1fVENmWmptRkhESzFBOTVVTFhOMHMzZ0lvemNETzJEUFBtQW43dWdzQlRRVEptb1ltSVFkNms3OU03UjRMUTNHYk5hSVkzRFVSTlh5VXBZZmNsSm9SRmZnRjFnUDNWWVR2SHR4SDl5bXBreUpUV0tuaVhrZFNLV1pXaFI4bl9PUWhOenFMWFY2T2x1OXF5cVFuNXFxbTh5cENscndHa3U4Tkd0b3IyZDBWYVkyY1NUVndhZnZzZnZiaUxsWGs2bDR6TmowU29sSDBMeWhaN2RENUFTaFU3NnJ6MjR5SHprbWdORGkyLU13WUJmaldlXzUzeUYxcXl5RmREUF9ORGc?oc=5
2026-08-04T09:20:00+00:00,Google News: Crude Oil,True,False,"Current price of oil as of August 4; 2026 - Fortune",https://news.google.com/rss/articles/CBMiYkFVX3lxTE1DVmRHSGx6XzdpaVk0RV95bEl0WWJLb0NCTVJsMk1sZE9UbG1hSlVYRWtvbHhlTDRVWmREUmNMdjRSQU1FVFpYYzlpYng1X0hhaVlUTDlRX3BhdUg5c0htWkdR?oc=5
2026-08-04T08:45:43+00:00,Google News: Crude Oil,True,False,"Goldman sees Brent at $80-$90 until US-Iran deal or major escalation - Reuters",https://news.google.com/rss/articles/CBMitgFBVV95cUxOZ3RQcExCZTFRck1VT3ZpMWV3YkxZVElmR18wQ3RGa2lpbDFNWU11alJoaVdFM2Z0M0t6V2wtdzkwNThqVHFPSW5HWHVOeHJzM3NJdnRuMEFfUnVwS09TS1hkWUVJZXBQNTVFbEMzbG41ZXdqR0V1TjdpV2pGY1BTV2pmSGwzdjRqZWJkR1VCTlE4aUpkNHk3b25YdG05eHRMdXBzZFhiZTJ4d19zcFBXZmtkYy1LZw?oc=5
2026-08-04T15:23:01+00:00,Google News: Crude Oil,True,False,"TekSynap Names Brent Newman Talent Acquisition VP - ExecutiveBiz",https://news.google.com/rss/articles/CBMiiAFBVV95cUxNdVl4UkhoMUlZUHp5RWlCSnk5VHBaczA5NmFiNjBlVjJHYUJCUi1Odld1LVJSbUNHeVNBWVJ6VG9BX0JPUVpkWjhkSzNSdTVZREtrWmVsRWJaTEdUNlUzLVFIamJtTVFiTWpSVVVKdWNSXzE5QlQtd2k1ZEZySWs1R0tCdkJ2d2Zi?oc=5
2026-08-04T09:23:00+00:00,Google News: Crude Oil,True,False,"Oil News: WTI and Brent Rebound as Hormuz Traffic Defies Deal Talk - FXEmpire",https://news.google.com/rss/articles/CBMiwgFBVV95cUxPTm54cXhFSF83RGZESzdKaENGRW5GbjN0QmRtN216ZXdqaExzRHZYQ2VIU1I3YlVpeGFkRWJmT2ZEZXNZUzV3Mk5ZTEtGVUNiVnNlaWhfZjdXZHl3bDY4MnBOOHhxd0FvREJaUDFZUGRXeU9TclZXOTBGeDN0Q0l6WllwOFluSDRxZGtoMmdXQ2VXU0ZlNlByelJDZ2VaS3dKWFRkX3dycjhNNjZMMUxkd3piTlpNQmJMd2luZTlMR3otZw?oc=5
2026-08-04T15:45:00+00:00,Google News: Crude Oil,True,False,"WTI (CL1:COM) Tumbles Below $80 As Hormuz Deal Hopes Erase Risk Premium - Seeking Alpha",https://news.google.com/rss/articles/CBMinwFBVV95cUxOeFRKdlhvazlwOUZCUGgtZWp2SFJTT1NzNmRkSGhZTHdTSEdIOVUzblBSNkE3V2FvMjF0YWlndWZsUnRvQ2lDTkZsT1BDVGIzeTF0cy02LTRQTkxkTXc2Z1hlNDZuSFYyQWNZaUlfdVBiOHBwOGowenpTaHNKazI5UVdyYWRzODRBOTd1eUlJMjU5NWZibWdTSHlITmt5Nms?oc=5
2026-08-04T14:07:11+00:00,Google News: Crude Oil,True,True,"Crude oil sinks after Bessent says deal to open Strait of Hormuz may come within days - Seeking Alpha",https://news.google.com/rss/articles/CBMiwAFBVV95cUxNcWp1RzMyNm01Uk0zVU1uY3d2RVQzQkhoSGd2QWNaV29TbElMTm9XemZxNjNtZ3JPUWZrVU1vUTcwajIyTWxlcnNQaFpVTXZPSDhQRFJnOW9UTktlV3lYdExDOVZxTGw4TmxsWlEtVEJSS1U3SU9lc3c0SENhZmlEeXBUczlWYTEtSXdGdVBhVDFJWlNvbWFKbjNUdlJmMGdvVzFqeEJOREVKcHZkQ3JVb1B5X2lfWGVQYVE4VjhxZmM?oc=5
2026-08-04T00:52:50+00:00,Google News: Crude Oil,True,False,"China’s Crude Oil Imports Fell In The Second Quarter – Analysis - eurasiareview.com",https://news.google.com/rss/articles/CBMiogFBVV95cUxObDFpQWRYSXg5RDd0ay1xelZheENRNU9VdHZOdHVhM0NnUkdJNy1nZjB2b3JTR2pxWnVtMG9WdWlyRmtmTUNxVDJRU1dlZWVWc2pHejJVVW9tUnV2XzB2OWVHQ1lveHN3UFBHNG55QXF5UWtvNzlXX2ZMbGxXUFNOMU9Nc1BvTW1odkxjclEzRVJ2S2FlQ0lMZlhYdXRsd2xzcVE?oc=5
2026-08-04T14:17:00+00:00,Google News: Crude Oil,True,False,"Crude Oil Price Analysis – Crude Oil Tests 200-Day EMA as Iran Headlines Swirl - FXEmpire",https://news.google.com/rss/articles/CBMixgFBVV95cUxQZ3RHeU45TkJINWZ2eUVPa2ZoMEF5WHdmWkV1Q3ctSXdhdk83RFpKcmVjZnBtTkZ6VWpvQVlIbExIRzlDRnEtNWxNU1NScFZjNjk0MEx5ZlhvVlFjdFloUmtIR1VJaGRkUlRZWmpQTUJGQmhMNmpCcU14cE5aNkRWTExkSThkVzlMaEpva2ppTGdQQk0wZ1djdkNIellTTDQzSzUtdXBBaVIyZ1MxNzJmNHo0YzBSTU1NVmJVSk04OWp6dDN3UHc?oc=5
2026-08-04T11:00:03+00:00,Google News: Crude Oil,True,False,"Georgia Tech Fall Camp Day 1 Notebook: Brent Key talks DeAndre Hopkins Hire; Injury Updates; and More - Sports Illustrated",https://news.google.com/rss/articles/CBMi8AFBVV95cUxPNS1qXzhoNldDZkh0LXdWMlo3VG96NndGWldsdTQwTXFtTmZLeFFfYXhuQ1QtRER6REZDcmEyTFJHSC0xeWNRR2h6MXpSbTNKMV8zTTlSandsZGx0eUxKQy11Wl9TSGxNbFNFcjBUU3p3YV85RDVIRV9TakR6ZFJUR0JxVzRYTlpGOVh4SzdSZ3FqazBNa1ZiTWR0YnhlTXA5cEJid3JJNV9SSTg1ZldkX2VaRVcwWWxubjIxSUNPcTN3cDFqU2FvOFNxMGZqbF9xM1FYckdHU3NIQUNlbkpsYzhqX2lvVlZUZkhUUjQ4cHQ?oc=5
2026-08-04T15:30:48+00:00,Google News: Crude Oil,True,False,"ICE Midday: Canola higher despite falling crude oil - The Western Producer",https://news.google.com/rss/articles/CBMilAFBVV95cUxNcklwWmtRazhoS0hEX2swWi1DT3RhdVRkNHpRZi1kN0EwSWpSMzRuSWY0UzJtaV9pWV9zZThQbktMVHZwSno0WUJCRi12MGtyV210RWxfb3Z4ZGtqeEdwaTNLTEtrOFFxUW9xSkJhU2gxVlB3d1B3bU5hOFc0Y2dMenplbDRVbmN6WFJ2NUR0Nlpybmsz?oc=5
2026-08-04T11:00:05+00:00,Google News: Crude Oil,True,False,"Ranking every starting quarterback during Brent Pry's underwhelming Virginia Tech tenure - Fighting Gobbler",https://news.google.com/rss/articles/CBMitwFBVV95cUxNNEJwdk4zSlhXOWY3QTJ0S1hpZDRaVml4NHdUOGhsRHR0RXptNVRKVnRPa011Rkx2RGNiSURHb2RMSy1FME8tVFNnZUdaNXNqLVV5cEh1Z3JIMXN2cW81V0QxREx2YnlHLW5tS1hYc25Cb0lHRS04azBCMzRlZk12UkQ0dHRMZGNHUjZJTmN3MXdPQTZxRm5Zb3JFLVhmckluTEpBd0xSTWJMRlRPWDNHSTBDZWxwQk0?oc=5
2026-08-04T08:10:20+00:00,Google News: Crude Oil,True,False,"Crude oil rebounds on mixed US-Iran messages as weekend risk keeps prices underpinned - investinglive.com",https://news.google.com/rss/articles/CBMiwgFBVV95cUxOQU5VV0otNXNEbHJqcVdIMUpZdE9OaFlBVGhVVUdRTzJVNFYtdFJSWDN1ZklBY3FmZ3BpczdRUk9TbmtCd1RlNWFQY1MzdjZZRDdJSjhRWFgtcnF4T3dkX1FNVmFDcDM0TVhVX2dMbHliRkxFd1owb3o4bkdzRUtWbzlidm5RVlI1aWJVZEZyQ2UwNm5VakxRcVplNGRsTExYRjhSSUkxNEUwVzlWOUlneHpWX0Nmck5XLXlCSm9ubzZ0Zw?oc=5
2026-08-04T16:14:20+00:00,Google News: Crude Oil,True,True,"Why the WTI sell-off may be hiding a supply warning - FXStreet",https://news.google.com/rss/articles/CBMinwFBVV95cUxPbUdmTlY5YlQ4NmUxQXJtd2NPMDEtY241eXNqLU9kcGJON3NVMTlHZS15bnVYN3ZLcEdnQ2ZZcndVSkJOZGRvWTh1ek1IX0l5OVBjZlBkVTJFRXpfTE84aVI4MnRBNUc1OTRmQjFIVE1lazFMMkJUWEk4UDhzTW0xVG15UzZ0TDdsUjZvMnZuT2NPTHRaUG43ZzFub3Z2Mm8?oc=5
2026-08-04T16:13:42+00:00,Google News: Crude Oil,True,True,"WTI Oil slides as Iran Strait of Hormuz deal hopes hit prices - FXStreet",https://news.google.com/rss/articles/CBMirAFBVV95cUxNVUx5czlkUHpKZFI3aWYwVktNLWJDWTdjWDdmTEk4SnE5RjVNcWtGanpzVUstZEdrdlFfdnBnOFd3amJ0dDRtbHlBSzBoWmIxeWhsUUp1QVFGRFUybGl3ZHkyQzlROFA4eXJsZllacFU1OFBvMThmc3JkejBkd3NGY2NIMjdMY0RWRV82QkJXUS1DREctNS0ySk03YVFjdFctWWhLMEszMDdOTVFX?oc=5
2026-08-04T08:35:13+00:00,Google News: Crude Oil,True,False,"Brent (UKOIL) Is up 2.28% on Aug 4: What Is Driving the Move? - TradingKey",https://news.google.com/rss/articles/CBMijAFBVV95cUxNVmJVaVp1WHYwUm1VVTNSeVQwNFhXX0FZS3ZISEZwblZTM2Z4WFA5U2x0VXVxWU1tTklJWjdjUkQ5cDl5eENKQ0FQanJJa091a2lmTFZCXzNZTWhRZnYxNUltVmZ0OUdIdzdGOVdiMzY1MkFMeVk0UnlJOENwcEsyT3NabFZrVXJhckh1Xw?oc=5
2026-08-04T12:00:16+00:00,Google News: Crude Oil,True,False,"WTI Crude Futures Drop 3% Intraday to $77.65 a Barrel - bloomingbit",https://news.google.com/rss/articles/CBMiVEFVX3lxTFBQVjhGekJQblJqdVNfdHhQNExHaW5oV00yTm82Q1BTam9aaVRJNG5paG42cnVnZmZGdW1CX2p2RGdvR2VYRTZMT3VVNl9aNVdWWHo3Qg?oc=5
2026-08-04T10:00:53+00:00,Google News: Crude Oil,True,False,"Why are Crude Oil WTI Futures rallying today? By Investing.com - Investing.com Canada",https://news.google.com/rss/articles/CBMiqAFBVV95cUxQT3BacVpFYnV5bXVlTTlTd1lGY1pGT1EwYkw2RlltaTRWNGRWUzBOYThEaTlhM0taWXFRT1U2OWhEelE3SFpweENyY2xWcDJLZW1HV1dncUpaTTRfZnB1QXBWRGplRFVLVFpFMWxUNGp5bGtfbTktMXlMSEFTcENjQUZrbzdlZEpRV3Qxa0RPOEVHNE0wN0JWMkpwVWE2UXZURjBPT3pQa2s?oc=5
2026-08-03T23:19:23+00:00,Google News: Crude Oil,True,False,"Brazil's June Crude Oil Output Record Bolsters Non-OPEC Supply Amid Gulf Conflict - Briefs Finance",https://news.google.com/rss/articles/CBMikgFBVV95cUxQQ19nQmQ1UlZJYzhuYlhSNF9WTnN6T0NSZWpqTDY5TkJDaUhPcWZMb2JMalhEeU5hbUhnaFZLWXNLQlg1S3N1Rnd6Tkd4OFd0eWswOVlZTVZLTFRZemRwQnBYeVFsUlFfZzdBTXdpN1ZJcHhfbXhRZEhmR3N1OHYzYVB0TGlFX3JFY2VtcXdFTkNtZw?oc=5
2026-08-04T05:39:53+00:00,Google News: Crude Oil,True,False,"Montana Grizzlies OC/QB coach Brent Pease on Day 1 of fall camp - The Missoulian",https://news.google.com/rss/articles/CBMixAFBVV95cUxPeHpkZk1vOGFXOW04aXFNRUprY2x3aFdXWGhRbF9EdU45VW1iYkpOZTlDSVN4OUREWUZZRVc4a3lua2d5Yk13MU5tUjVWRTVTTWdYQy1QMFJ4N0pZa0FTdkFSaVd3VUlwZC1pNDFFd29IV2hOZ3VXVHNLc3hTUlJPNHUteDI3M0MtVi1zbk5oZDBVRjh4LTJCVnZ3WnUxc2xGU1hBRkhNRmN6dnlvSTl4SGVIYjBwaEpTQzd2OHhrUHBuMmxm?oc=5
2026-08-04T16:02:59+00:00,Google News: Crude Oil,True,False,"In an era of change; Brent Key’s flexibility gives Georgia Tech an advantage - ajc.com",https://news.google.com/rss/articles/CBMisAFBVV95cUxPanFxV2QxdVlvX1JGYUN5TkstdXNYc1RWbENUUVp0Y2xjeVdkeDVPdlB3X1pzbW9obmc5Y29kOFBjU0ZKR3RZdmZjVjU4SnphdURNd1FzdlFQUkpyNGx0cG50WkZRV3BLeVFLN21kOFNIU1RMQ3ltbExlclFiWU1FRXE4YVJxVWJfNmsybnpNOUM3VDhOVlpqcjlnclA5VVRVWTFIcUxpLTVONzZRWkVPdw?oc=5
2026-08-04T12:11:15+00:00,Google News: Crude Oil,True,False,"WTI Crude Oil Market Volatility August 2026: Investment Strategies & Analysis - Intellectia AI",https://news.google.com/rss/articles/CBMie0FVX3lxTFByakhhNFZIeUZFWnJyUi16X1R3MDJPa3pYSzAxXzlJaVdfMVVtaGhUbm9GeE1VNkdiZ2owZjJKWHk4OERCSU52TXBPTXp4VXNjRUY3dF85SnNBV0d1ZnFRaW84cmRiS1BnR0RsQUg3N0lPOXRiMEdKaUhPZw?oc=5
2026-08-04T12:48:00+00:00,Google News: Crude Oil,True,True,"Crude Oil Analysis: Houthis; China and the Case for $97 Brent - FXEmpire",https://news.google.com/rss/articles/CBMiuAFBVV95cUxNeFZIZnNhMjdpR1o3U2hJcmZFNkpaMWRxUGo2SWN2ZkhOSUZ5TXNxenFnWkhDZ3B6ZXlFdkROY3IyaE9TWDIzUG1xNG5YZ0lkSkJzdVZiU0gzRkdVN1JqaGxlZlRHdUJfaHg2WVhnYU90V0NmUEpSNl9SZUNBdk15UkJrdm4wRXd0YlRQVGRTZHhXSnhBcURZOFpyTUl3YlZNbjdaNTJpV1pIMHc3bGllUUhSdnNlXzFD?oc=5
2026-08-04T05:35:53+00:00,Google News: Crude Oil,True,False,"Montana Grizzlies OC/QB coach Brent Pease on Day 1 of fall camp - The Independent Record",https://news.google.com/rss/articles/CBMiwgFBVV95cUxOelZpYlhLV2JUOUpxWWQ2eGJNZDM5VUdmVlBCUjVBQW1nMUE5dS1JZmsxdWE2QTZjSndWT0tlOUJmSDNIejlNS1l2T3Bqd1F2VU1wdFdlZzA0MUpUYllkZWo1cHFSNmhqcGpoanZQLVpod0tHR001VlJ6NGpWMk1KT0swUUJHX2hqbGllaGRuVnVzNHRocFE4bFRSWWd3R1RsQ3FrX0ZMWVQ2M2Q3WDZXazBwbGNwYVZuMkswWXBacWtqZw?oc=5
2026-08-04T13:26:37+00:00,Google News: Crude Oil,True,False,"Markets Cheer as Bessent Sees Hormuz Reopening Soon. Why Doesn't Brent Oil Break $80? - actionforex.com",https://news.google.com/rss/articles/CBMi4gFBVV95cUxORXEtZlBEQVpkaUUxNlVEblEzTVVLV2JRbWtvQ3A0YVRjMzZzMTBjMjB0R2xDM25GYjNFUG5ub1hjT0xQb055MDc3aVFOMzhZLVotVmVHTmtSVU1Fd1BsekpONWRKbHNFQ1RxekFjWkdXdGVkZHhJd1lQQ2ozby10Y3JiVjZndkRxSnBZM0E5QmRzMG9SY2tGT3pRQ0JmMEtyODZJUUxCeENRQ0VrcGozTEtrb2Z4RFZnZHY3djFwYnlVY2N4TGVfWWJGYnBwcVdVNXVCNmtBb3BOYW5fQ1JPRWNn?oc=5
2026-08-04T07:44:14+00:00,Google News: Crude Oil,True,False,"Brent Rises on US-Iran Uncertainty - TradingView",https://news.google.com/rss/articles/CBMijgFBVV95cUxQVS1OOG1YSVIzZllla1hBa2c2TDcxR2xzOVo0TjZrRTZsaDlLVmxiTjdYcUhBcTdjMmIwSG1vbTd0SUxQMUM1Q0pBdWZTdGlibGRya2lTb054aHVHOFJRa2hLSlRMTFc3bndqM25RZUxwWV8wYlhlUktOY09SWUUwajJ4aVg4LUxHTGFlZ0F3?oc=5
2026-08-04T10:01:45+00:00,Google News: Crude Oil,True,False,"Brent gains as CENTCOM eyes more ways to target Iran - engine.online",https://news.google.com/rss/articles/CBMikgFBVV95cUxOb0xVYTR4NnpGZjJGZFF6aGs2OGIyOWlGamFUNm1VMHZEbU5hVW1ycHNUNk5lWUhsaVk5dUZGR0pNUU80VlgxNS1wU0JQQlZoZ1hoNzhBdTI2OU9CeHhPQkc5TERYSFNfeDBjWXBfSGNUVk9zQVczMHR0bzRCaHhxTS1OWk9OYUw1X3ZFakw1QUxkQQ?oc=5
2026-08-04T10:17:34+00:00,Google News: Crude Oil,True,True,"CMC Client Data Shows Brent Trade Counts Rose 1;193% in the Month of the Iran Strikes - Finance Magnates",https://news.google.com/rss/articles/CBMiywFBVV95cUxOakU5bzZrRlllMWQ2RlJHUG90UkNxMkVLclJjdUdwWERvd1ZHQkFlSWRQSXp4NktDX2RnaEZFenFlTDZidnd5NzE2RjhfZ3NfY2N1c3ZJZklJRFRmbVVXaVRLdTFuazVlNUc1OWtjRGF2UjV4MHFabkQwdi1VcDQ3b0VYcGF1Y09NQ0JrRkxFNUNWMk9vTFRhNERSSDNJaEs3bEVSa0xucWZjbGM4WkJMekZpd0JYS2tkYmlENE45blpBdUxJcGZDLUFZMA?oc=5
2026-08-03T20:01:20+00:00,Google News: Crude Oil,True,False,"Atlanta Braves acquire Brent Suter from Angels adding bullpen depth before trade Deadline - foxchattanooga.com",https://news.google.com/rss/articles/CBMiywFBVV95cUxQYlVWVHVTWVljVDIwVDhCcHM2TVFSOEt6a0FrV2lyc0Q5TkVRUTJsUEdJZTJlUVdFWFREaEFuT2lKbnRiOE85NWlrXzhKWk9Na0IwOVAtREItMEdCSUo5TmIwb18yZlp4SGlqSkhvaU02aDJEeE54OFpQWUhHRkYtMGxkUXQ5WUlNbVczX2pNX0oycHJCZ25QeWVKN3V3czl5Z1RrWFpORkJZUGRZZUNlUlFjNE5xX0g3LUJRTlZWS3RlVVRfSjQxdmNJVQ?oc=5
2026-08-04T12:56:04+00:00,Google News: Crude Oil,True,False,"US Equity Markets End Higher Monday as Crude Oil Falls on US-Iran's New Round of Talks - marketscreener.com",https://news.google.com/rss/articles/CBMi1gFBVV95cUxOUEFTekI1RU5vWmw3NE0tdVlLZHhkamt0Q3FaSXB1RXVMTzBQWElVaGpqbE92R3pTTl9TdV9UUjN4eUZ6U1Ixa05YLTk2TmtuczdGMVc0dnAyenVIbjNJMi1aN1FLRzc2d3VWYnFBZjhkYWh2eWNRNmgtZzV4TnhoU1B4andtTGt1ZzBpSVpBSVNRcFhmaFFBU09ZdllrTnlFV3l6dnJXeXo2NnU3XzEwOUx2UTB6Y2tYQldxMS1tNEFldmNud2gzckdQbWEycUlqTGg5ODJB?oc=5
2026-08-04T09:08:06+00:00,Google News: Crude Oil,True,False,"Goldman forecasts Brent at $80-$90 amid US-Iran deal uncertainty - Latest news from Azerbaijan",https://news.google.com/rss/articles/CBMiiwFBVV95cUxPbVY2MDZYQld4dlRTcFZTZUxDNjNxTVFVc21LSlhyY0NRSUtSWVk2cDFBOFpQUkFtTXZUYUh4R21KX2s4MHFURy1ReWZhdlVfdkRsVlhsMURRamNfOTJjbEphM1pvQXZ2Ym8xd3NHM3pZcFNaR3o1NzhCRjVpS1YxWlExM2I5TnVZWXY0?oc=5
2026-08-04T09:26:48+00:00,Google News: Crude Oil,True,True,"WTI – Gap fill opportunity with asymmetric risk/reward [Video] - FXStreet",https://news.google.com/rss/articles/CBMiqAFBVV95cUxOcnBtbklxWGlTU3J6NzRDX1pITGVGXzBtZGE5VENJZkJvSWpFeHZsZGNlVllyMEJiVUxhRlJfLVJKWG9rdmN4Vk9KMFV2d0ctX0FhdUg3eFAxVkRCWjFfeDd0TmwzTW5zR25OTWZxU3lJby1XcFBULXBhRlpZd1BBbi16RnRNeFcwbVNLTGVJVkxTMktXRkN0MDVScDZtQzlqQ3NRVThrOF8?oc=5
2026-08-04T10:45:00+00:00,Google News: Crude Oil,True,False,"Forecast update for crude oil -04-08-2026 - Economies.com",https://news.google.com/rss/articles/CBMioAFBVV95cUxNV25CWS03ZVBJWHZTRGdFSzIyTkI2NUJOdEpKbmpwWkFDSTBVRVA0YUJRZ1Awa3RBUTVEaGJoM0RXeTd4dTB4Q3RKRzJPczlyU2JROEZ2TVBYSUpzR2NxRU1hMDkwUnY0SUZyY0ZlRXFPNnlaeWhsaXBOeU5QNTNXeENsRWZ3QmY1QmUzZEIxVUFIbDIzX0hWdXBSQ1hDaXBv?oc=5
2026-08-04T12:12:00+00:00,Google News: Crude Oil,True,False,"WTI down 4% amid Iran deal hopes - Breakingthenews.net",https://news.google.com/rss/articles/CBMiggFBVV95cUxNLTdjODFGVDdwQWlWMm9fTUg4S2RWa1llUFJFT0xfSVRGSEhBYWJOSURHQjdtbTdrVTZrT1ZOTE5fRktrU3ctUW9lUHFINWJ6NHFybVVaZGVQd0dBdzFyUm5oMkJ1dUJ5U1czSDlKbGdmWDhyUS1TVnMzVFVpdDlhOWtR?oc=5
2026-08-04T09:53:45+00:00,Google News: Crude Oil,True,True,"Crude Oil Prices Rise Again As Iran Denies US Negotiations; Trump Warns 'Last Chance' - NDTV Profit",https://news.google.com/rss/articles/CBMixAFBVV95cUxONFU4Y2tJMXRzcEdEZ3RFci1lUlB4Z3Nnam05SEN3Q2F3aUlDVzlKMFA5WE1aLVJLRHFtMXQzWEt2MDhTQkJ2a3p5OFBzQlp5T0x4NlpjTmFPd2tTR3hHUm5hUnp1Wko3OW1iVWl3ZjFydzBsSjR2SUpOM1ZjTEJSLW82Z3pRSHFtVkRuN2JlRE83YVZzdjlnY3pjek1jdHFncFI4OHZzYUpiLWFuV1lxVktVME85TDd0Rm9LN2szRFhFWUhl0gHMAUFVX3lxTE9GLXVoNVdhWGxtbUJNbVNLQl8xOHU5anBUWDJDaXpoWFRYME5yV2taTlpvR1NhSUQtaVpEazdLb0hJZm5nMVJ5cmZZTzZkWXVlWEcyZlhaUXpyd2d4ZmhERUIyajBVLWxXRnZvQ2txREZodWxveU1wU2JIclJuS2h0d3J5V2ZfYzZIc0pXeG1MMndTT3g1Yk4tRjVMVUZ1UVc0TEhnczE2Z3I2VzRaYnBGN2s2a29kWjBQQ0h5amNBbTlzR2NLajdkVEo3Sg?oc=5
2026-08-04T01:01:32+00:00,Google News: OPEC,True,False,"Tight global inventories outweigh OPEC+ production increase; analyst says - Oil & Gas 360",https://news.google.com/rss/articles/CBMiowFBVV95cUxPUGtXQkExY0djNEtEQzg2dXFkUE84Wm9lcE1uTHg0ZW1ITzFoRDVCb2NZOXl5cC1ZUXVLOHoxZ2w1STNnNXoyQjJBQjFsU2VjbGFYOFF6MU5JOXlZUWxEV3VvamxDaFBDT3Rfdk9MazIzMGNUTmNsNkxJamcxZzVZYlBmY0JFU3VVOWJ4cUhWdXRIOXFDOVprR1dod2FvcXRSMzRZ?oc=5
2026-08-03T22:29:53+00:00,Google News: OPEC,True,True,"OPEC+ Moves Ahead with Oil Output Increase Amid Iran War Uncertainty - اسلام تايمز",https://news.google.com/rss/articles/CBMirwFBVV95cUxOd1VBVUxYSkZGZzJibzhGVVhfc3REZHM3NGV1clhmMjhha3o4MFBFa0FCSUEwTXU5cDNzczFVeUdIckpoWVpWNnpmZjhGMTViZ3pHdHZUajQ5T3o0cncxVzlrTXBfa0k2R181U1NEOWx0azNFYVZxbDhIR3NTRF8yUTBQejE4TTBlbXdrVHdhRWY3RFlEcmgzSGRqLVZNdVBxZDZ5N1lGenUxYXQxY2xJ?oc=5
2026-08-02T13:33:17+00:00,Google News: OPEC,True,False,"OPEC+ raises production ceiling; but doubts about supply levels remain - Yahoo Finance",https://news.google.com/rss/articles/CBMimgFBVV95cUxNbG9iOF9MZ1J5U0dGVGxSSjEyVmpmbWE5Yi0yWTREZVFiSGlXakpUUzZKV2NWX1BjWUIwMEZGbDdHME0yaF9QaEVPUzdXZEVYRWpBSElWNzhTTU5wUzloY1FJaXJDRmdmdEtzWFFlRy1FblA2QUJRSGNfcWhfM3VCWndhdE9jQUZOT0x2eDZJWDhEdG1IZV8wTi1n?oc=5
2026-08-04T16:11:59+00:00,BBC World,False,True,"Video shows Russian drone chasing Ukrainian street vendor in 'human safari' attack",https://www.bbc.co.uk/news/articles/cn4n03xg981o?at_medium=RSS&at_campaign=rss
2026-08-04T15:33:03+00:00,BBC World,True,True,"Oil prices fall on hopes Strait of Hormuz could reopen",https://www.bbc.co.uk/news/articles/cpw9v0gnzxwo?at_medium=RSS&at_campaign=rss
2026-08-04T16:07:29+00:00,BBC World,False,False,"EU commends Spain's 'swift response' to Ceuta migrant crisis",https://www.bbc.co.uk/news/articles/c80n3j55g0do?at_medium=RSS&at_campaign=rss
2026-08-04T16:21:43+00:00,BBC World,False,False,"More than 170 migrants rescued after boat catches fire in Channel",https://www.bbc.co.uk/news/articles/c4gkpeppjyqo?at_medium=RSS&at_campaign=rss
2026-08-04T09:13:37+00:00,BBC World,False,False,"What will happen when a SpaceX rocket collides with the Moon?",https://www.bbc.co.uk/news/articles/cx25yn22l97o?at_medium=RSS&at_campaign=rss
2026-08-04T15:07:52+00:00,BBC World,False,True,"Mass funeral in Gaza for 112 Palestinians killed in 2023 Israeli strike",https://www.bbc.co.uk/news/articles/cn0n99npjejo?at_medium=RSS&at_campaign=rss
2026-08-04T13:53:41+00:00,BBC World,False,False,"Why Trump Media's sale of fast access to market-moving social posts is controversial",https://www.bbc.co.uk/news/articles/c4gdkl9zn8wo?at_medium=RSS&at_campaign=rss
2026-08-04T09:23:06+00:00,BBC World,False,False,"Soldier kills four in gun rampage in Russian-occupied Crimea",https://www.bbc.co.uk/news/articles/c80n33lrnm5o?at_medium=RSS&at_campaign=rss
2026-08-04T14:53:28+00:00,BBC World,False,False,"World's oldest president reshuffles army as his absence stokes unease",https://www.bbc.co.uk/news/articles/ckg9kd27lkpo?at_medium=RSS&at_campaign=rss
2026-08-04T14:20:16+00:00,BBC World,False,False,"Arson arrest made over largest of Washington state's wildfires",https://www.bbc.co.uk/news/articles/c5y3ppmmev1o?at_medium=RSS&at_campaign=rss
2026-08-04T10:04:53+00:00,BBC World,False,False,"Deadly landslide hits Ethiopia mountain monastery during prayer service",https://www.bbc.co.uk/news/articles/c2lqpx1qd8lo?at_medium=RSS&at_campaign=rss
2026-08-04T10:56:50+00:00,BBC World,False,False,"Guatemala volcano eruption sends lava spewing into the air",https://www.bbc.co.uk/news/articles/c2lqpvv1wlxo?at_medium=RSS&at_campaign=rss
2026-08-04T09:18:03+00:00,BBC World,False,False,"Moment pilot caught with 70;000 ecstasy pills at Indonesian airport",https://www.bbc.co.uk/news/videos/c9d8662gyx5o?at_medium=RSS&at_campaign=rss
2026-08-04T16:01:35+00:00,Al Jazeera,False,True,"Why did Trump attack Jeanine Pirro over US reflecting pool ‘vandalism’?",https://www.aljazeera.com/news/2026/8/4/why-did-trump-attack-jeanine-pirro-over-us-reflecting-pool-vandalism?traffic_source=rss
2026-08-04T16:00:36+00:00,Al Jazeera,False,False,"Guatemala issues second-highest ‘danger’ alert after Fuego volcano erupts",https://www.aljazeera.com/news/2026/8/4/guatemala-issues-second-highest-danger-alert-after-fuego-volcano-erupts?traffic_source=rss
2026-08-04T15:52:57+00:00,Al Jazeera,False,False,"Crews battle wildfire that shut down major highways in Israel",https://www.aljazeera.com/video/newsfeed/2026/8/4/crews-battle-wildfire-that-shut-down-major-highways-in-israel?traffic_source=rss
2026-08-04T15:52:48+00:00,Al Jazeera,False,False,"Migrants stranded in Ceuta hope for a better future",https://www.aljazeera.com/news/2026/8/4/migrants-stranded-in-ceuta-hope-for-a-better-future?traffic_source=rss
2026-08-04T15:48:35+00:00,Al Jazeera,False,False,"More key FIFA staff break ranks as Infantino’s World Cup plan faces mutiny",https://www.aljazeera.com/sports/2026/8/4/more-key-fifa-staff-break-ranks-as-infantinos-world-cup-plan-faces-mutiny?traffic_source=rss
2026-08-04T15:34:40+00:00,Al Jazeera,True,True,"Qatar says indirect talks continue to reopen Strait of Hormuz",https://www.aljazeera.com/video/newsfeed/2026/8/4/aje-onl-nf_qatar-aims-to-avoid-regional-escalation-040826?traffic_source=rss
2026-08-04T15:11:51+00:00,Al Jazeera,False,True,"Drone appears to stalk man before exploding",https://www.aljazeera.com/video/newsfeed/2026/8/4/drone-appears-to-stalk-man-before-exploding?traffic_source=rss
2026-08-04T14:51:51+00:00,Al Jazeera,False,True,"Photos: Thousands in Gaza City join mass funeral for 112 Palestinians",https://www.aljazeera.com/gallery/2026/8/4/photos-thousands-in-gaza-city-join-mass-funeral-for-112-palestinians?traffic_source=rss
2026-08-04T14:23:33+00:00,Al Jazeera,False,True,"Beirut port blast anniversary overshadowed by new wave of destruction",https://www.aljazeera.com/news/2026/8/4/beirut-port-blast-anniversary-overshadowed-by-new-wave-of-destruction?traffic_source=rss
2026-08-04T14:11:20+00:00,Al Jazeera,False,False,"FIFA denies Infantino sought Trump backing after failed World Cup selloff",https://www.aljazeera.com/sports/2026/8/4/fifa-deny-infantino-sought-trump-backing-after-failed-world-cup-sell-off?traffic_source=rss
2026-08-04T14:04:28+00:00,Al Jazeera,True,True,"Why are oil companies posting record profits amid Iran war disruption?",https://www.aljazeera.com/features/2026/8/4/why-are-oil-companies-posting-record-profits-amid-iran-war-disruption?traffic_source=rss
2026-08-04T13:52:45+00:00,Al Jazeera,False,False,"Spanish PM Sanchez faces criticism as EU meets over Ceuta crossings",https://www.aljazeera.com/news/2026/8/4/spanish-pm-sanchez-faces-criticism-as-eu-meets-over-ceuta-crossings?traffic_source=rss
2026-08-04T13:37:19+00:00,Al Jazeera,False,False,"Top Africa football leaders back Infantino after FIFA selloff scandal",https://www.aljazeera.com/sports/2026/8/4/top-africa-football-leaders-back-infantino-after-fifa-selloff-scandal?traffic_source=rss
2026-08-04T13:34:43+00:00,Al Jazeera,False,False,"Hamas negotiator says deal to disarm was necessary to ‘save Gaza’",https://www.aljazeera.com/video/newsfeed/2026/8/4/hamas-negotiator-says-deal-to-disarm-was-necessary-to-save?traffic_source=rss
2026-08-04T13:26:43+00:00,Al Jazeera,False,True,"Typhoon Dolphin hurtles towards Japan: Tracker; updates and what to expect",https://www.aljazeera.com/news/2026/8/4/typhoon-dolphin-hurtles-towards-japan-tracker-updates-and-what-to-expect?traffic_source=rss
2026-08-04T12:58:09+00:00,Al Jazeera,False,False,"Twelve years after ISIL’s massacres; thousands of Yazidis seek justice",https://www.aljazeera.com/video/newsfeed/2026/8/4/twelve-years-after-isils-massacres-thousands-of-yazidis-seek-justice?traffic_source=rss
2026-08-04T12:47:59+00:00,Al Jazeera,False,False,"More than 150 people rescued in English Channel after boat catches fire",https://www.aljazeera.com/news/2026/8/4/more-than-150-people-rescued-in-english-channel-after-boat-catches-fire?traffic_source=rss
2026-08-04T12:43:43+00:00,Al Jazeera,False,False,"Six years after Beirut blast; families fight for truth",https://www.aljazeera.com/features/2026/8/4/six-years-after-beirut-blast-families-fight-for-truth?traffic_source=rss
2026-08-04T12:22:19+00:00,Al Jazeera,False,True,"Seventh round of Israel-Lebanon talks begins – what’s on the agenda?",https://www.aljazeera.com/news/2026/8/4/seventh-round-of-israel-lebanon-talks-begins-whats-on-the-agenda?traffic_source=rss
2026-08-04T12:21:41+00:00,Al Jazeera,False,True,"Can Pakistan keep US-Iran diplomacy alive as mistrust deepens?",https://www.aljazeera.com/news/2026/8/4/can-pakistan-keep-us-iran-diplomacy-alive-as-mistrust-deepens?traffic_source=rss
2026-08-04T11:47:45+00:00,Al Jazeera,False,False,"DR Congo Ebola outbreak kills more than 1;700 as WHO accelerates trials",https://www.aljazeera.com/news/2026/8/4/dr-congo-ebola-outbreak-kills-more-than-1700-as-who-accelerates-trials?traffic_source=rss
2026-08-04T11:30:30+00:00,Al Jazeera,False,True,"Ex-Arsenal boss Wenger was ‘not aware’ of Infantino’s FIFA plan",https://www.aljazeera.com/sports/2026/8/4/ex-arsenal-boss-wenger-was-not-aware-of-infantinos-fifa-plan?traffic_source=rss
2026-08-04T11:26:28+00:00,Al Jazeera,False,True,"Nine killed in escalating long-range strikes between Russia and Ukraine",https://www.aljazeera.com/news/2026/8/4/nine-killed-in-escalating-long-range-strikes-between-russia-and-ukraine?traffic_source=rss
2026-08-04T11:21:01+00:00,Al Jazeera,False,True,"Why Israel’s economy hasn’t collapsed during a multi-front war",https://www.aljazeera.com/video/money-works/2026/8/4/why-israels-economy-hasnt-collapsed-during-a-multi-front-war?traffic_source=rss
2026-08-04T11:05:58+00:00,Al Jazeera,False,True,"Misread as passive; the Gulf is quietly ending fifty years of dependence",https://www.aljazeera.com/opinions/2026/8/4/the-gulf-can-no-longer-outsource-its-security?traffic_source=rss
2026-08-04T14:00:55+00:00,CNBC World,True,True,"Bessent says there may be deal Tuesday or Wednesday to open Strait of Hormuz with 'freedom of movement'",https://www.cnbc.com/2026/08/04/bessent-says-there-may-be-deal-tuesday-or-wednesday-to-open-strait-of-hormuz-with-freedom-of-movement.html
2026-08-04T16:17:23+00:00,CNBC World,False,False,"How the 'Baby iPhone' and an Apple supplier leak explain China's recent supply chain moves",https://www.cnbc.com/2026/08/04/china-apple-india-tata-electronics.html
2026-08-04T15:56:44+00:00,CNBC World,False,False,"Procter & Gamble will acquire supplements brand Thorne for $3.8 billion; CEO tells CNBC",https://www.cnbc.com/2026/08/04/procter-gamble-will-acquire-supplements-brand-thorne.html
2026-08-04T14:47:13+00:00,CNBC World,False,False,"Palantir jumps 27% on 'otherworldly' commercial revenue — here's what's driving the demand",https://www.cnbc.com/2026/08/04/palantir-2q-earnings-ai-sovereign-tools.html
2026-08-04T15:16:35+00:00,CNBC World,False,False,"New Jersey sues Amazon on antitrust grounds; alleging it unlawfully wielded its power over delivery contractors",https://www.cnbc.com/2026/08/04/nj-amazon-antitrust-lawsuit-delivery-contractors.html
2026-08-04T16:14:49+00:00,CNBC World,False,False,"Jeff Bezos just filed to sell $4 billion in Amazon. The shares are falling",https://www.cnbc.com/2026/08/04/jeff-bezos-just-filed-to-sell-4-billion-in-amazon-the-shares-are-falling.html
2026-08-04T15:17:56+00:00,CNBC World,False,False,"Blanche approved by Judiciary Committee; sending Trump's AG nominee to full Senate vote",https://www.cnbc.com/2026/08/04/todd-blanche-weaponization-fund-senate-confirmation.html
2026-08-04T13:52:18+00:00,CNBC World,False,False,"McDonald's says its U.S. business is falling short as it announces new head of its largest market",https://www.cnbc.com/2026/08/04/mcdonalds-mcd-q2-2026-earnings.html
2026-08-04T14:36:44+00:00,CNBC World,False,False,"Pfizer tops estimates; hikes low end of revenue guidance on strength of Eliquis; other drugs",https://www.cnbc.com/2026/08/04/pfizer-pfe-earnings-q2-2026.html
2026-08-04T15:20:53+00:00,CNBC World,False,False,"Apple launches fresh legal challenge against UK encrypted data access demand",https://www.cnbc.com/2026/08/04/apple-encrypted-data-legal-challenge-uk.html
2026-08-04T08:36:34+00:00,CNBC World,False,False,"Takaichi’s fiscal push could lift growth — and Japan’s already-rising interest bill",https://www.cnbc.com/2026/08/04/japan-takaichi-food-tax-cut-jgb-boj.html
2026-08-04T14:00:36+00:00,CNBC World,True,True,"Treasury yields slide as oil falls on Bessent comments",https://www.cnbc.com/2026/08/04/treasury-yields-investors-peace-talks-uncertainty.html
2026-08-04T10:00:47+00:00,Guardian World,False,False,"White elephant in the room: Colombia swears in costumed anti-corruption activist as senator",https://www.theguardian.com/world/2026/aug/04/white-elephant-colombia-anti-corruption-activist-senator-luis-carlos-rua
2026-08-04T15:00:06+00:00,Guardian World,False,True,"Reading and writing worsens in Australian schools as one in three students fail to meet Naplan benchmarks",https://www.theguardian.com/australia-news/2026/aug/04/naplan-results-2026-reading-writing-australian-school-standards
2026-08-04T15:00:05+00:00,Guardian World,False,False,"‘Did you send that report?’ The Icac bombshell that came late for Damien Tudehope",https://www.theguardian.com/australia-news/2026/aug/05/did-you-send-that-report-the-icac-bombshell-that-came-late-for-damien-tudehope
2026-08-04T15:00:04+00:00,Guardian World,False,False,"Melbourne anti-weapons protest being investigated as terrorist act by ‘far-left extremists’",https://www.theguardian.com/australia-news/2026/aug/05/melbourne-anti-weapons-protest-terrorism-investigation-ntwnfb
2026-08-04T15:00:04+00:00,Guardian World,False,False,"Mentions of ‘gender’ scrubbed from Queensland Office for Women website amid alleged effort to ‘dewokify’",https://www.theguardian.com/australia-news/2026/aug/05/queensland-office-for-women-website-gender-ntwnfb
2026-08-04T15:00:03+00:00,Guardian World,False,True,"Aboriginal community police officers sue NT authorities over alleged racial abuse and discrimination",https://www.theguardian.com/australia-news/2026/aug/05/aboriginal-community-police-officers-sue-nt-authorities-over-alleged-racial-abuse-and-discrimination-ntwnfb
2026-08-04T15:41:25+00:00,Guardian World,False,False,"Refuse collectors help Italian woman recover binned €1m lottery ticket",https://www.theguardian.com/world/2026/aug/04/refuse-collectors-help-italian-woman-recover-binned-lottery-ticket
2026-08-04T09:00:18+00:00,Guardian World,False,False,"UK plastic ‘waste colonialism’ found to be polluting Turkey’s farming heartland",https://www.theguardian.com/environment/2026/aug/04/uk-plastic-waste-colonialism-recycling-exports-contaminating-water-crops-turkey
2026-08-04T15:49:13+00:00,Guardian World,True,True,"Middle East crisis live: Rubio says he hopes US can reach Hormuz deal with Iran ‘very shortly’",https://www.theguardian.com/world/live/2026/aug/04/middle-east-crisis-qatar-iran-us-israel-war-donald-trump-strait-hormuz-gaza-latest-news-updates
2026-08-04T15:20:21+00:00,Guardian World,False,False,"Elon Musk’s X latest to block Saudi dissident accounts inside kingdom",https://www.theguardian.com/technology/2026/aug/04/x-twitter-blocks-dissident-accounts-saudi-arabia
2026-08-04T13:15:34+00:00,Guardian World,False,True,"Jerusalem’s most important Muslim religious site facing ‘imminent’ threat of Israeli takeover; says Jordan",https://www.theguardian.com/world/2026/aug/04/jordan-convenes-emergency-meeting-israel-religious-conflict-jerusalem
2026-08-04T12:17:38+00:00,Guardian World,False,True,"UN experts urge Canada to protect Sikh activist amid credible threats to his life",https://www.theguardian.com/world/2026/aug/04/un-experts-urge-canada-to-protect-sikh-activist-amid-credible-threats-to-his-life
2026-08-04T15:02:20+00:00,Guardian World,False,False,"Christopher Nolan’s The Odyssey gives UK poetry sales an epic boost",https://www.theguardian.com/books/2026/aug/04/christopher-nolan-the-odyssey-uk-poetry-sales-boost-homer
2026-08-04T14:59:08+00:00,Guardian World,False,True,"Star Wars dubbed into Welsh for first time for S4C broadcast",https://www.theguardian.com/uk-news/2026/aug/04/star-wars-dubbed-welsh-s4c
2026-08-04T14:14:44+00:00,Guardian World,False,True,"Electronic tagging system unprepared to monitor thousands of early-release prisoners; watchdog warns",https://www.theguardian.com/society/2026/aug/04/electronic-tagging-unprepared-offenders-prisoners-watchdog
2026-08-04T13:53:58+00:00,Guardian World,False,False,"Peter Gill; playwright who turned ordinary lives into extraordinary drama; dies aged 86",https://www.theguardian.com/stage/2026/aug/04/peter-gill-playwright-dies
2026-08-04T16:11:26+00:00,Guardian World,False,False,"Cornyn says ‘no alternative but to take his word’ over Blanche’s declaration that ‘anti-weaponization’ fund is dead – US politics live",https://www.theguardian.com/us-news/live/2026/aug/04/donald-trump-todd-blanche-republicans-vote-michigan-midterm-primary-democrats-latest-news-updates
2026-08-04T15:49:13+00:00,Guardian World,False,False,"Ohio Republican Max Miller faces growing calls to resign over domestic abuse allegations",https://www.theguardian.com/us-news/2026/aug/04/max-miller-resign-domestic-abuse-allegations
2026-08-04T14:10:07+00:00,Guardian World,False,False,"US federal judge blocks New York’s ban on ICE officers wearing masks",https://www.theguardian.com/us-news/2026/aug/04/judge-blocks-new-york-ban-ice-officers-masks
2026-08-04T13:25:22+00:00,Guardian World,False,False,"Man charged in Washington state with starting largest wildfire in the area",https://www.theguardian.com/us-news/2026/aug/04/washington-state-arson-charge-old-trails-wildfire
2026-08-04T12:08:42+00:00,Guardian World,True,False,"Washington state Democrat who flipped pro-Trump district faces tough primary",https://www.theguardian.com/us-news/2026/aug/04/washington-state-primary-election
2026-08-04T10:50:06+00:00,Reuters (via Google News),True,False,"EXCLUSIVE: Syria tells US it is willing to drastically drop Russian oil imports; sources say - Reuters",https://news.google.com/rss/articles/CBMiyAFBVV95cUxOUllLTEZpVXpPaEQxbG5tWlVyYnlUN3MwUURrck9nWnNXeTVqSG9uQWczMi1FY3dJM1RtSFBBT3RUOFpzaEZKVjZ3LVpfZ01aODFDaFlvTFhLdXJhMzVvQ25qamJ6MDlYVHRuUmZPcW5HamJIbENjeExMUWlsY3UyaWcySjZ6WHJqWE5EZGtIT0N0YXlUZGtHX1FQR2NEemFyUUx1S1hDOGtqYXpvc2l1cFZCMWF3ejAwcnY3Mk5OSWk3Y04wb21FMg?oc=5
2026-08-04T09:33:43+00:00,Reuters (via Google News),False,False,"Russian July seaborne oil product exports drop 33% m/m; data from sources shows - Reuters",https://news.google.com/rss/articles/CBMiwAFBVV95cUxQYzhOcmZPd2Fra21UTFAwcDRTcGtoMjRMb3pmbWVfc2NuR0R3SlNJd1FOV0Q5RGpSaWdQa0xUMHVhTGtNaEIwN0NHcXNEMGg1cjBtQld5d2dEVndUNTZBX3h4aGJZZmVSY3gzUXRlbE42enBTOWJ0Y0YwclFoOTFSY0V5dFhMWEUycDl3c1YySzlvaHNrRTRzaXVwLU9PSFE3eTRFUDBwcTNEMnB5T1hqVkJGRG91WkxwX0FXVmw0Y3g?oc=5
2026-08-04T01:05:00+00:00,Reuters (via Google News),True,False,"Gold rises on softer oil prices; US jobs data; Fed rate outlook on tap - Reuters",https://news.google.com/rss/articles/CBMipgFBVV95cUxPdzFHZFRoSEVvd0hvWk5nQl9nYVZPdGJSSTRMcWdPMFc5MS1NYnVtNFdvOEpwQVJHbmZtMWJYTzRmcnJCNkt1bmpBb0ZfTUsycW5SZXFDTWdiU0JrOUl1ek9lVC1qZWVMYjJ5bVQwTy11MkNpVDF6RW8xMm9GY0d1YnB0RDJ5REhSZjZ5QXAzOE15QzVWNk5SRERBUjJOM1oxc1VXdHNR?oc=5
2026-08-04T07:20:42+00:00,Reuters (via Google News),False,False,"Nigeria approves $4.5 billion refinancing of NNPC oil-backed facility - Reuters",https://news.google.com/rss/articles/CBMitwFBVV95cUxNTWtjeHlPWFRjY19hR3hYUEV2dWc4Ri1WQUc2NGZRRDl1UnNnbkwycmJyT0dlSFV2MUVFYTFPSjdWUlFRUXRNTi13N3Jxb3I4YlN0LXJJc3dTZ3l6U1VTX2RZUFZPbjQwaGVSalpuYWwxQkZ2NUkteXdnYWswamFHeC14OFJRRzk4NkllVzdNclYzclhCQXdOQ2pnbDh6UDB5RmpPRHIxaGJEa0FkVnlQdGh5c0hpZms?oc=5
2026-08-04T13:46:35+00:00,Reuters (via Google News),False,False,"Iran demands inbound control of Hormuz and outbound oversight; source says - Reuters",https://news.google.com/rss/articles/CBMivAFBVV95cUxOSjFmUC1OVjJCS05weXNFTmhaZkRab0dwSVV1LXJ5dEp2ZVNxX0l6QVdLQTN3SUdtSS1pOVF4OEYxRzZHbUJNeXk5ZmJnUG5FVVFScEJnOEUyM3FLWWhzQk8yME1VcW42X3dPOURqRi03QlN6RnZLMGFfWW5LWUVmUDctVDR0YXRhWTAwbTJRaUdKYTNJb2NuS2hrNjRpOVdlZjBPRTVzNXhUbjRpdmRFSGdkVHlGUnpJYjRGTQ?oc=5
2026-08-03T14:27:44+00:00,Reuters (via Google News),True,False,"Nigeria's NNPC issues another tender to sell Cawthorne crude - Reuters",https://news.google.com/rss/articles/CBMirAFBVV95cUxNWHViNFV6S3JVejBjNzVHMVJrU2w4RzRYVXlYMmEzMGFwNTFXV0xQeFgtd3lqLThNeHBBMXhhTms4aEFrZThPbUtPazJvRzliVUhlOWRNb2MtTDhlbDhFM3hUMmVQR2wyVUYzQTlGZmpwYjdqdFEyT0JuYzZzLUxiOHlnLV8zb2haNGhhUmMzbXRWR000M21URTgtX19jOWZRRjRFS1ozNC02Qm8x?oc=5
2026-08-04T12:58:11+00:00,Reuters (via Google News),True,False,"EXCLUSIVE: Nigeria's Dangote refinery aims to raise $5 billion with October listing; source says - Reuters",https://news.google.com/rss/articles/CBMiywFBVV95cUxNWm9LQ0xSQ1JkdGFGdElhVkVJeFFUajJUNjdTVUpSWXFVYl9ZOG5nMVRmXzJPeXVhZ1M4S0NTQnZYaG9uN0VjdDVNT1U3NnZFVjItdXJHQmJiOWVLYVlzOENUYXdqZW4tV2JMejI0WnU0X19ld1Z5UVF3aWdtaENvZ1N1SEdDdDF1aHliOU5DMmw2WXZTdFJ5ZGJLSXUwSkJKZDBXa2phdHNzekNES0RxSzlYRnBWMFdvNHRjc04tUEF5NTU1clNIMjFRNA?oc=5
2026-07-31T20:23:25+00:00,Reuters (via Google News),False,False,"Brazil implements temporary 32% ethanol blend in gasoline from Saturday - Reuters",https://news.google.com/rss/articles/CBMitAFBVV95cUxOa28tbzNWbnlDeVJ1Wjg3YmlyQmw1dXZUY0FmbGRjems4bHAwMkJVRlRKWVBTeHktUFg2NHlHN3lKN1J6RnlVbHY2MlQ3TmxWaVlIYlhCM1IzbnFmV2owSDRMRWpSQnk5bmVLMUVPRWRYSlY0SHp0VmRMTUJJMEdPOHJubTBkMXF3akxNRW1EZGszb3dHUTJPMWxtQmRwRTRPd1ltVkJTejVJWE1DQ2ptOFFwYUo?oc=5
2026-07-31T13:35:00+00:00,Reuters (via Google News),False,False,"Canadian economy set for best quarterly growth in more than three years - Reuters",https://news.google.com/rss/articles/CBMipwFBVV95cUxPQ0FzQll1aTFYRm5WUmtXcG9QVUVwNzJ6UF81Y1hCU0x2UHhrZC1zaTI3RkcwTzZjaUoxa3R3eEZMZHdkeEhmSFZXZjNnQTJSdndvck8xN3JtOE5hbGZ0ZE85SEZPa1FrdXg1cXZzd21wQ1ExTTZRamlLNUpzaWNjU0NramZTSVl2cTd1bXlIM0lVUG1fVm9CRWNwT3dLNjhrVFlkZ240SQ?oc=5
2026-08-04T02:18:38+00:00,Reuters (via Google News),False,False,"Shipping traffic at key Gulf waterways little changed on uncertain peace talks - Reuters",https://news.google.com/rss/articles/CBMixAFBVV95cUxNX3lXOERWQUVYQV8yeHduRkh1cDJVWjE2eEZja21TbXpqeDJEVHZBS0J5OXExanZmNEpCaVEzT2VRdDFsaXpJWjRXbmVpRFVkelozdXUtYUZEcDdCVjFxQVFfODBRc2dzR1dfWVNyQjVhNHVFckg3OG9XRW01dW5EYlBTNnRFZ1A1OFVRSTJkYkJzcmdsUEpSYU9wa3lpeGxmLUkyNVJHeXBhWkNBNlN0ZUJ1NUdURGl3Y3NkRFRZOTl2d1Zv?oc=5
2026-08-03T23:04:00+00:00,Reuters (via Google News),False,False,"South Korea inflation cools; but back-to-back rate hike not ruled out - Reuters",https://news.google.com/rss/articles/CBMirAFBVV95cUxQTGg4aDNTNlNfWkE1QWVhb0xFMWU2Q3pkbFhfeHNyZXZwZjdER21qRk9DTklyTXMtYklOZ0tKczM5T0t3YUx0X3NjZVBzcGZqM2hEcGdpakdHdkNpWVBYZ1MtbnYwMTBGWWx5X0JOWVVORHVsSjItOVVQZ3BQUmVfeTBVWTVOWjlGZldvc3d3aWd5cWwxaWRhNHN0NXdQUzlnLVpHdW1tcnlTcmlT?oc=5
2026-08-04T14:19:21+00:00,Reuters (via Google News),True,True,"Asia crude and fuel imports recover; still shy of pre-Iran war levels - Reuters",https://news.google.com/rss/articles/CBMiygFBVV95cUxORGVwVDlqUHgzUTZBLWFQWGVUNWZWS0hmM3hiRElSNFNDcVhtc2pPMUI4X1lzY2pBNlFBRTdKd0s3MDlaY0NhWVV0N0lsU2RGTzI0cGJ3eFo4SFR2dEV0VFY1a2lzZW4yenVWYUFpMmNJU1pxQi15N19DZ2VfLVlTVmJuR2lZd1MyVzJHVkJXaWMyeTNRSHhPQzZybDQydmdjNnExMnRXTmNaMW1TUl9rb1BzOWI3VVR2d0QxZHdBT2NrU2hJellTTDl3?oc=5
2026-07-31T09:59:43+00:00,Reuters (via Google News),False,False,"Foreigners dump Indian debt on oil jolt; missing index inclusion spark - Reuters",https://news.google.com/rss/articles/CBMitAFBVV95cUxOUDQ0YU5MSi1FcXFHbVlCWUZXZ2w4WGFkcWVRemI1NExublZDWUIxSlg4aW5RazhObERHYmNhZmlMZENpX08yT3ctVF9QSlBqaVZVaU4xOTRJUHpPdnhxQnJIRWQwZEJMRHI5WDdrLTUtenNsT2xlZkxLYmJ2RkNSNWg4OE9YSVJYUjAzMy1lamtQeWc1My1yTmt4M1JBMWd1WGl1aGVvYkk5ZnkwekwzNmJXaEw?oc=5
2026-08-04T20:00:00+00:00,OilPrice.com,True,True,"China's EV Boom Is Quietly Undermining Oil's Biggest Chokepoint",https://oilprice.com/Energy/Energy-General/Chinas-EV-Boom-Is-Quietly-Undermining-Oils-Biggest-Chokepoint.html
2026-08-04T19:00:00+00:00,OilPrice.com,True,True,"Pakistan Bets on Security and Trade as Ties with Iran Grow",https://oilprice.com/Geopolitics/Middle-East/Pakistan-Bets-on-Security-and-Trade-as-Ties-with-Iran-Grow.html
2026-08-04T18:19:00+00:00,OilPrice.com,True,True,"Oil Markets Price In an Iran Deal That Does Not Exist Yet",https://oilprice.com/Latest-Energy-News/World-News/Oil-Markets-Price-In-an-Iran-Deal-That-Does-Not-Exist-Yet.html
2026-08-04T18:00:00+00:00,OilPrice.com,True,False,"New Agreements Advance Central Asia’s Middle Corridor Ambitions",https://oilprice.com/Energy/Energy-General/New-Agreements-Advance-Central-Asias-Middle-Corridor-Ambitions.html
2026-08-04T17:00:00+00:00,OilPrice.com,True,True,"The Cold War Roots of Colombia’s Paramilitary Death Squads",https://oilprice.com/Geopolitics/South-America/The-Cold-War-Roots-of-Colombias-Paramilitary-Death-Squads.html
2026-08-04T16:30:00+00:00,OilPrice.com,True,False,"ONGC Profit More Than Doubles as Oil Prices Surge",https://oilprice.com/Latest-Energy-News/World-News/ONGC-Profit-More-Than-Doubles-as-Oil-Prices-Surge.html
2026-08-04T17:33:14+00:00,Google News: Crude Oil,True,False,"OPEC Output Rose in July Led by Gulf Nations; Survey Shows - Bloomberg.com",https://news.google.com/rss/articles/CBMirAFBVV95cUxOTzBILWxBeTFGbTZpcVV4VV9RcVRRczc2aHB0QWlFdGVKaXpOMWg0TDlLT3V0dUYzYktPN29sWHZORG9OZEhiSXpCYVhqZG1xak1UZ2hjWXJNdDYxeWtYMUJfdlNNR1NiaFVzZkJwQkpOSzBCUmR4a1FfMUJUdV9nRGVnaUhzdTJtY1N5LUdaeFk4eVYzQWZ5WGRjUkk1UkhudExwWTVxblg0WEJX?oc=5
2026-08-04T18:01:43+00:00,Google News: Crude Oil,True,False,"OPEC output rose in July; led by Gulf nations - Transport Topics",https://news.google.com/rss/articles/CBMiY0FVX3lxTE04ZVZSM1R5NnNLbFVid08zTVE4cDlyd3MwMlVFbXg4VThocVpmejluc2p4ZlJKcmxldjliV0JEYTBKajVweHJDd21sejZhVURWcEtoM2tMa1JGdDhKNzJFTjVSZw?oc=5
2026-08-04T17:16:17+00:00,Google News: Crude Oil,True,False,"Quiet Week for Pump Prices; but a Volatile One for Crude Oil Prices - AAA",https://news.google.com/rss/articles/CBMimwFBVV95cUxPbXdJSk1BQUs1b2ZMZ0Vqdkw0T3dqYXFYbmxXRS1FUFlFM2JsRGVNMnhEalVXZ3A4VDBmTUwxR3pnWXloMXdkdmY3RkxlaEZnYmlrQXlQT2VWNVZvLXRxamxfRzFkU0x3WFFDc3BrbXhLMWpJUUoyVlZQeWNKdmRUOHlYQWlQcjU1amVnWXNZYUhfdV9fZ0g1YnRaZw?oc=5
2026-08-04T19:13:00+00:00,Google News: Crude Oil,True,False,"OU linebacker Owen Heinecke; head coach Brent Venables on Heinecke’s offseason - OU Daily",https://news.google.com/rss/articles/CBMi8gFBVV95cUxQX0tqeGRiOVZkWmNzTlB4RFBmNUJ5WUFmRFQ4Q3J1elpzMnpMTkhtRVlwQWhDaWRmYTg2LXMzcHpWbEZhM1lfM3ZzVXlhTVZjZEdjYW5wSUtuX1NwSzJuZ05jaS1XNjA4UlpUVmczSjZLMDFDdWpPYm41Q1FGYVoyM2phdG5DTjMtZTFhZmhiMXdYVjVsWWk2cC15OEdOVjhDMG9IMWxMZWJTLWRnS0dZbXdEU3IybVJhdk1vMzNPU3ZOV0QwYzNnUmx3Nnd4TEQwb2lRUkpUQmdhTHZJc2FvbV95YzJkS1pRZDA5aHVyVmt5QQ?oc=5
2026-08-04T20:12:53+00:00,Google News: Crude Oil,True,False,"Brent Settles At Three-Week Low - Rigzone",https://news.google.com/rss/articles/CBMilwFBVV95cUxPRnhiR1JsQVlFaHlQeV85Z3dodHlrZG5kcUNXY0h4U2ljOTM2RTFCX2ZEMmN6Zk1tMTVkcjlVNHdta00teGxUT2drU216b1QzcmtpU3NodlUxMDNUbUlEMUpjeEhvcU1MNC1IRDVvZjduREd4VlVtU05rSS1lRkdTNlBmTGJVZF9lUzlTeEVwNmRROWI0ZFF3?oc=5
2026-08-04T19:51:08+00:00,Google News: Crude Oil,True,False,"WTI Midland crude differentials ease on Tuesday trade - Investing.com",https://news.google.com/rss/articles/CBMitAFBVV95cUxOQ0Q3c1lWUDhvalA2STZjazRnckFTWE9KaGhydk0ydW9kTVNadUxIVDRKRW54WFo2LWlXRkt0TkdWVHlPRE04cDZaYzZSc09ySkFUOVRRYmI0NVJkRFNFT0t6djNDczR1MFpLSUZMc3NYekFOeFpVZUNwcjZPTzk3cWlpeXRXcFpoZEVpT01QbDlET0JqalFfbzdKRkhzU092YUdoVWxlUnlvSHRaX1NqRnQ2UDk?oc=5
2026-08-04T19:27:51+00:00,Google News: Crude Oil,True,False,"Oklahoma coach Brent Venables looking for more production from running game - yourvalley.net",https://news.google.com/rss/articles/CBMiuAFBVV95cUxQdlcwdXRwdl80ZktKSGZMOTZqR2dTcklRVTI2TTZXcFVpdzlwZ0dYZ3cyVEJzYWF4cGZBMm5mMGFTRU43YVl3WFJESS1YVUNYbXNIX2x1bFpCV3JxaVRScWdMT1FUd1hZaWJ0b084V2xfVlhpNGtQUlBHbkhWeGtoWWtGSm93aDBadlo3OGNOWGliV2VoOFJiNldOV3FaSTI2WUJ2YTIzdDBJRFhHdzFsaFI1dUtXNVVI?oc=5
2026-08-04T19:00:00+00:00,Google News: Crude Oil,True,False,"Brent Austin has quickly become Broncos top UDFA story of training camp - Predominantly Orange",https://news.google.com/rss/articles/CBMitwFBVV95cUxPbXQ5MGk1c0VhV214alRoOXZvWjB3bkpoWS1IY2Z2ZG9CZy1Lc2dFazh4X0x0VkFDNDhVZElBT3oydUJnMU9NZHJhd3dHdU5uakI2UmdNX1gtc3Q1bnRYTTh3SFUzRjZaTkkzWi1pNHNDTzA5eEladjNteFU0dXBtbk9fN1VOZTFfNmNEV0JZQ0VHOGxuMHR3R3FBZ0pPcTdKOVluSkt3M2dGV055cWpqS3lIOHpIZTA?oc=5
2026-08-04T19:37:00+00:00,Google News: Crude Oil,True,False,"Everything Oklahoma's Brent Venables said at pre-camp press conference - Sooners Wire",https://news.google.com/rss/articles/CBMi8wFBVV95cUxObm4ycWQ0bG04STB0ZFJrbjVwQmRJNDNrZnRKMldlR0MydVVIdFhlNFRVeUhOSDBWQXdLOWF5dDdXd2ZoRnVreVJzTktndkRsVkxDX0ZTaV93czZ2MTJlQ0h2Tnd4ZTY0MlZfS3JaY3kxUkV3U3FpU0M5UkkzR0VyNUd4bkl2ZE1OZTZTZWF3aEN5eElGbFBxbEF2UTBTRWhQYklVWW5wMnVzNHZhQmhQQjhzWklpQm9Ec1BSSGdsaE03SW1nTzJWMW81Wk1kWXluaUlJT2Z1ek5KY0ZESjVTN1lPTEE0RmNEaDliem5tZHpPZlE?oc=5
2026-08-04T16:55:21+00:00,Google News: Crude Oil,True,False,"Crude Oil Down Over 5%; McDonald's Earnings Top Views - benzinga.com",https://news.google.com/rss/articles/CBMiswFBVV95cUxNUkR2aHAxdURpSU5FLWpuQlJ4ZjRZcF83aWFJdjhLRUdLUDI1bHhoNU11RHBTV1FzWk54dDdoRktHTm4xbVJWSm02Yk1BcFdQUUFZUk13cGFfSFpQcmNiSWhoOXowekJFaUtteTlLTlI2aGdmM2hDbHpBWXdRNGoyeTY4MFhNWWFaTUt0ZjBOajk5OENhbmRWTXpLekV5VFRFLUVKNHhvcTg0N1pzS05SQmFXQQ?oc=5
2026-08-03T23:19:00+00:00,Google News: Crude Oil,True,False,"6 plead guilty to stealing tens of thousands of barrels of crude oil to sell at discounted rates - KTRE",https://news.google.com/rss/articles/CBMisAFBVV95cUxPeTNEdGdLSlo5UHVqZ2ZoS09TRHhDeE9QcGxCaEJETTd1S3p1SzAxOTV5cjUxV2xSYjd6Q1gzaW1mS0dENFY0bmVuQk9NUUtoSWkxNWRRanU3UWtnbWRscEt2ZkdveTZXdUptQy1pSHhkS3RvZnBzNVBPOFBmaFNwRGFrdlZ2WVAwT2Y3TU4weThscHBSVkpJY1BXdVhpekJteThvaG9PQnFYOVplV2FXeQ?oc=5
2026-08-04T16:41:14+00:00,Google News: Crude Oil,True,False,"BPD Chief Brent Stratton in Studio B - turnto23.com",https://news.google.com/rss/articles/CBMiqgFBVV95cUxPT2tkSGg0SWlrNDRNQTF3MFRyNWNaOS1PbUpsc0lkXy1xUUNHdzh0NEJzUlJxWUloNXRJV0k5eV9oZXBIYmFwZVM4b2kzZndWRURoZlBYRU5RanlhS3lWcmhmWHRaNHRYVEtRdVp0QVNvN2d2NXFaVHMwekpkX3RsWjhkMm82eS1DS29EUnE1QTREWW1xU2FyNjRPWGpYMVBnVjVTMkZrRmRpUQ?oc=5
2026-08-04T19:27:51+00:00,Google News: Crude Oil,True,False,"Oklahoma coach Brent Venables looking for more production from running game - New Castle News",https://news.google.com/rss/articles/CBMiiAJBVV95cUxNVzlEMUVwT1FvNHFhS25fckEwcDlWRFNUWjVtc3UyWjhjNkh6RUxDV2h6NXZBTnRJN3dJRnluV1I2WjNnMXdDaGR4U0kyYWdyYlotTkx1d3hNV2xOM3ZXWmhfMTlaOXFTMDQ5cmIxaHN4QVVOU3F0X1QwQjNfRFhfYVJuQTRZaGJBSzJ2NFpPbC1kYzk4b2xNNlVaTUdLellITW1ScWNzSVVwLXlZR3FlVkpIcF9qRTZyeUpIVzFTaVhEbkRYZkN4RXltd2dTUm9uQUxyMjh5NmxmNHBvVXFqcGxINFphYUVzMXY0M2twYlZEY0V1YlJNQ2Nsa2puQUVvZXBIRGhJWFI?oc=5
2026-08-04T16:31:21+00:00,Google News: Crude Oil,True,False,"Brent Key Shares Encouraging Injury Update On OT Josh Petty After Day One of Fall Camp - Sports Illustrated",https://news.google.com/rss/articles/CBMi4AFBVV95cUxOa0pkOGJvRW9UYlBqNEdlaVVreGJRbGdndmEyOFYzY1pNT3h2QVNHZkFwazd1TXhiOWxJTG9PVXRXTHdlUmFqendpbVZYc2ZpMGYtV0pGREFsclNSWHZHell4X0gzdHBaZXcteDllbTV3aS1iZU1jY3EwOTVQbVowaW83Q3NINk94dUFMaE1vMDJ4QTlUYnhhb0hnSUNJYzI3X1dRdmtvRnZaZ3BWLUFHdjZoZDlmMHFUMXE0VDZtSUVYM0pBUzhXWVRaai1vakdrTFR6Q09nUUlONFlrVGdkVA?oc=5
2026-08-04T19:51:08+00:00,Google News: Crude Oil,True,False,"Brent Oil breaks 200 SMA and key Fib: Live levels - Investing.com",https://news.google.com/rss/articles/CBMiswFBVV95cUxPN2xGMEZ2by1ZNHVTV1RaVjNvLWd6c3FiSDQ0eVJGbUs3R0pwYXVYa1hpYkZYTjdPNzhRTzdpUEtEalh4TG9zNGVNeU1sTURTUk93Qm93RE9TMks1T3FqRlZkNzM5SXNrc2g2RnVGUGFtS0t4MlpvR2VmTktSc2NiSzVlSWZKdGJJQVV6S1JKandUaDFYSWJ5Wlhibm00SWQyaE1rUFJ3VzU2al9Pb05MYjlzOA?oc=5
2026-08-04T17:16:25+00:00,Google News: Crude Oil,True,False,"As Oklahoma Reports to Camp; Brent Venables' First Recruiting Class is Down to One Last Senior - Sports Illustrated",https://news.google.com/rss/articles/CBMi5AFBVV95cUxNclhUUE5OTTZOV0dHWnNNSDNQc0Jmb09jeVdETDBlMGVVdFlSTENQN1p6VDNxSmh0NjdKWFlsQ0hHX3hiTGdfaEFGaHcwMnVkaGxKeHp4dDBjc0F1TDdBdVpvaWE0VGp5a0oyNTJxN2lvM21FSlY3akFUUW5lUklxaDNKVnQ3Z3N6ckFtamF4S3UzaVZRNU9QT2JEVHFiQnBUUjJzYTVJS0lfdEhjM2dReDZuZ0pHVzdLNmY5M3NsRUgtLWNUWmhuMjZJYjlZRXZ5YWY5RTVzbkk0cGRCQVJiMzFIdWQ?oc=5
2026-08-04T18:50:00+00:00,Google News: Crude Oil,True,False,"Natural Gas; WTI Oil; Brent Oil Forecasts – Oil Dives 5% As Bessent Signals Progress On U.S. – Iran Deal - FXEmpire",https://news.google.com/rss/articles/CBMi4AFBVV95cUxQUmhhWHhKSkJtNktxWU1Mb0t3QWoyOTlNNzZya0Etckk5S2NMYmdaVGNpWl92aXlyMXFzOWNfWWRVUWdYa3BCd3h6WTEta3FLTngtWUpCMXpfTlpYNWJubkJ0dlBFLXQzeXB0NFZWSDB1ejYycEdSanRwTFVCbU5lQktuQUNvRzNlckM0dmNuMDJaY19WS1Ezb29Zd3oyWHlWUU03MzBZY2NyS0Y1T0huMGVFWTJOYmZjc3JtZ0JrLUZHSG9Cb2NiQjhzYUFZZ2FHanREdFdZVGE1dG1ldDZqUg?oc=5
2026-08-04T16:29:15+00:00,Google News: Crude Oil,True,False,"Brent falls below $80 amid conflicting claims on US-Iran talks - thenationalnews.com",https://news.google.com/rss/articles/CBMivgFBVV95cUxPYi03bHh0RDIzTEl3c0FqRjhGTmFqWm9GbHlDOVhENFhQTHNrNlFJQ1NvV0tGbWhCWnktWGtlRThRMXNzdG9pdk1ZLVp5N2ZfMnRlaDdNYy1SZDZpQ1J4ZTZVTTZWT2tkREVtbjB4UDZpZ3FDbzFiNEx0NERaN09EdnM4anRqRG5NNkZZNDJsMkw5dXVKZGhPTUdiUHVHMXlvOWpRYW9EZ3Q2eDBhSFp5WEsyOV8wVENIclVuMVdB?oc=5
2026-08-04T18:47:20+00:00,Google News: Crude Oil,True,False,"September WTI Crude Oil Contract Closes Down $4.57; or 5.7%; Settles at $75.77 per Barrel. October Brent Oil Last Seen Down $4.46; or 5.3%; to $79.32 - marketscreener.com",https://news.google.com/rss/articles/CBMi4AFBVV95cUxPVk14cGdDdWowTzRrYjNiNVlQMzdFb0xrMmNTcnpYLUw4OEJPTmVRclZHYlpvODZnOVFXUlNpY0J1SHozY3hNOTJBQnpLQUpYNTJ6Y1Z4WlhhSm9ycENRaWhHbHhMc0Z4NEZQYWhPakVHU2dIcWZHU2xycUZHSldWSWFkV1ZjMHp0c1l2TUVnU0l5UTNlZkdXTmxZOUwxX3E4Y250Q08xbnZubkdHdW9BYld1TllycXQzMkJxbnhVMFF1aFRzam5tZTRMdURfRnowZGxWMlNQRzQ0MERmbk1wdg?oc=5
2026-08-04T19:28:26+00:00,Google News: Crude Oil,True,False,"Oklahoma coach Brent Venables looking for more production from running game - Toronto Star",https://news.google.com/rss/articles/CBMi-AFBVV95cUxOQ1ZFd29rckViX1JCWmZ5RVhMV2VwQjRCTFVUVEdGaWV6azh3T2NsUzNKRXlDMzVZNmVSa0d4cHJqWC1UeGJxX3E2RlJFZU05OWJNaGs1akdUUjZPSllub3A3ODE2ZXRYNzV1UzlWOWU0UTVxdnpoWTNRRnJ3dXRKSmJhRWhweXAyUG5NQVZtUkhLU3p3aThXY01ydVJjbldBSVZRcFJxZzdKV2IxYU8yN2stTk1KSkNCZ0NCZnZSTmxJWGFhLVA1MC1GejgtSG54eF9ENkNLRmFDTUNHZUo0S0kwQ0ZVWFc1TEhTc2k1aEVoTDZlbUJQcg?oc=5
2026-08-03T18:02:00+00:00,Google News: Crude Oil,True,False,"In a stacked race; the Wyoming Republican Party endorses Brent Bien for governor - Wyoming Public Media",https://news.google.com/rss/articles/CBMiwwFBVV95cUxPZkhnQWRXcjlJSHAxT2VoN1VPYUFiaDBLR1R5Ym5BbGVXcUlZaWlrNVVhaURCWXZ0THhpd1RDVF9VcWdOS1plRGNHdmctb1VLTkpJN3BHN0dBd1lLT3FZUlpFX0puTHg1dlN1b0xKa05SeksyMkdfWXFMSFZOQ2xoUHdPZ3VkVmNWVzBkNkVlSTFld0NxT29GYjJudUN3N0s4dVdsZmhOVTg2ZC00TGVyWFNZQUdka2pDU2p0cmZKUHRCQ0U?oc=5
2026-08-04T17:40:46+00:00,Google News: Crude Oil,True,False,"Brent Venables enters his fifth fall camp at OU with his most complete roster and the highest expectations - On3",https://news.google.com/rss/articles/CBMi6wFBVV95cUxPcDlqYXdBNDY3NnFDZElUb25vczdaYm9YNlNVTUFkeFdNN1FFTFF1RnRBNkxaN2lua29CUGRuTEJlMUZLSGV1a2czdkJGSGVuMnJ3V2J6Q1pBY2NNbVNKR1BjMHdGa2x5aDVZQzY5U3BHWV9WVHBDT1l0RFJ6RnFmcFNxeGNsZ0c4TmpaX1BEYlhDNi13aW9HZ2tnTUlQWTF3ZjdHa2hTaHRBdTRjTy03VjdOTUc5QVpwWFFpelFFV2lQYldaeXhUNnRjSW45YXZsNExnZkhGcUd1WElYRmgyOURUbDg3dEE0MnVn?oc=5
2026-08-04T17:13:20+00:00,Google News: Crude Oil,True,False,"IndieWire Appoints Brent Lang Editor-in-Chief as Dana Harris-Bridson Steps Down - citybiz",https://news.google.com/rss/articles/CBMiugFBVV95cUxOcVVYX21SYWNXRzZMN2pTZWlHNnJ0akZzbUlfenJ0cmRtUGx6eTh4bFFvTWhrWmVCUXZRQVZEeUVIZFR5NVFVTHJoVl9JNVBvWG5DSS1kd3NQVTVBWGdrN0oyM3JSMFZDWVNKWERyRUNOOE81QmRDWEtFS0c5cF9ybFZVRm5DNlNPQ3RlblJBQ1hoNm5ZUFJIUld0aU9GOTFEd3owOTlBRkpTR1JyTmx4TUowcVVFZy11Y0E?oc=5
2026-08-04T17:58:36+00:00,Google News: Crude Oil,True,False,"Oklahoma Sooners head coach Brent Venables wants everyone to know that his team isn't running away from pressure - A to Z Sports",https://news.google.com/rss/articles/CBMivwFBVV95cUxOYUtWeFBzb2dvOVpZc3YySmpWdG9EM181d3ZLZzVCTzdUTTQ4OEw3amZDZ0d1Q2VKbzlxazdlZnMzalFZTVQzXzNXN1RCSUlFZGIycnZPaHVsRUxrZkxmSmxtc1VDWUhPOFZBUVhOT3pNNkRxUlpHX3p5bll0MFlKejRPczY2dVZQLTR1THQ2clpkbHJRTldLeHNIY1VLVHlwakVsNGxSYUNoUXVOeE9sMlRBZmI3eDU1MlNRakJ4cw?oc=5
2026-08-04T17:12:00+00:00,Google News: Crude Oil,True,False,"OU football: what's the difference between coordinator Brent Venables and head coach Brent Venables? - Tulsa World",https://news.google.com/rss/articles/CBMiiwFBVV95cUxOMWRndmpoY1ZMakwyRS1QOF9TMDRjWEc0LURGUU5PN1l4WUhGV3Zmb0NEZ1lTMzdJUDdpRG1qYjQtX1duM2hsV1BNOEhuNGxhS2Q0SGhrV2Y2a1Q2Q2ZMWUZuQ1B6OWRfMHhsS00tSVZBMVBNR0dkczNZQ2xFR1FNOE1ZaXpFejE4TFE4?oc=5
2026-08-04T15:59:33+00:00,Google News: Crude Oil,True,False,"Tennessee cornerback Jadais Richard suffers season-ending injury - On3",https://news.google.com/rss/articles/CBMisAFBVV95cUxPVmNZeTRuUFczaTBrd3RzSUVkenhmRE1SNWw1MG83dW5mcEdvNWpaXzZQTUowUTBIZkNWWnR0WklGSnhYbVdZXzdoQmdNSldoaGdwX0VJaksxbFZmcWFIZ0ZVeGE3MDM0LXZHUkRJMkpWSThld3VKQjE2aGNQckxXWTUxMTZTajRtbi1FZGlpWkYzMTdzdnBucnRwdnIxdFRud2ZMcVRVMlRkNlkzeUFOZA?oc=5
2026-08-04T20:38:00+00:00,Google News: Crude Oil,True,False,"Brent Venables touts John Mateer's offseason work; talks defensive line depth - Tulsa World",https://news.google.com/rss/articles/CBMiiAFBVV95cUxPbGpWX3hac2ZEeHZNbER0em16RkFYX28wLXNQSGpxOEdVZ0ZreWswcVRrWGYtSEhoMXRHWVFRUVRadXBRR0tRZTA4TE9VNVgyYTF0eFVxWFd1NFNnRzlEemtHS0pZeEU1eVVoVkJ5ZGE0Ums0dzN4Y3FQZ29KS19Hclh1VWFGTk5Z?oc=5
2026-08-04T17:59:17+00:00,Google News: Crude Oil,True,False,"Analysts See Decline in U.S. Crude-Oil Inventories - marketscreener.com",https://news.google.com/rss/articles/CBMipAFBVV95cUxOTkU1OU51SlJQemVvSFp0b1d2c29qb3NhZ0VnSGh3T0paOGlkeTh0bjdBcTBlUUZYREROZEZHZWJHNlBobmh2dXBJRkZKbkx5QkRTMzdxSG9uOWlheXNiSy11Rm1GZF9Lcy14dksyZmJSRXNMeW8yZG43VWc2MmoxZy1LMDBLZVdwV3I2U0RoN1lrVnItSmFOZHJUZzFlYzNvSTYxVg?oc=5
2026-08-04T19:25:54+00:00,Google News: Crude Oil,True,False,"Everything Brent Venables said on the eve of Oklahoma's 1st fall practice - 247Sports",https://news.google.com/rss/articles/CBMiuwFBVV95cUxOSkctMjNvNm4zanZ2VTFFazNVaEN6VHF6andUSGxsRmw1YV91Z3YwdXl4ZjRISFhHY3ZmMUhBRUlWTVFjeDBISE9wZG02b0doSm1CTk5NUkJscThZc1lVakp0Zl9xTzJNY18tRjJhOW0yQllDVGY2eEZVTjBiNkJNallKbFgzYnFfRVlhWFJTT21zRXlKXzNiVTlVQ2h5eW1hTVM4UjVPY1g3eGVybmtJNmRoY3VZcVJLZVFB?oc=5
2026-08-04T20:04:18+00:00,Google News: Crude Oil,True,False,"US Equity Markets End Higher as Tech Stocks Rise; Crude Oil Falls on Hormuz Reopening Talks - marketscreener.com",https://news.google.com/rss/articles/CBMi2wFBVV95cUxQS3daTjFIZXZ4UmJiWjFyalFoQUhEVmpLOWJOMnBaRzBlVC1NRldERUZhQVpORnR0ODlfeTQ4bzRsU2kwazg5eFliVDQtTnFNME16OE9DVDZJUVN0RVNYa2d5TnRfbEwzRjdBQndoTDBVRkY2QjRqaHFtRzZIVG9fQkM1aU42MXF6WEdVS1lGRl9wZGZySE5ZcktlMlFUR043NjFyYm83MlRzTnBMUmdfb01iWEE3SVV3NWZubV9pSmd3d2FxVlBoT19LRk5IRTBybnNqelRNeXhwdlU?oc=5
2026-08-04T19:27:51+00:00,Google News: Crude Oil,True,False,"Oklahoma coach Brent Venables looking for more production from running game - The Daily Gazette",https://news.google.com/rss/articles/CBMi_wFBVV95cUxQV1JPem1LR1FLUmVVZHZJdFZubjYwekxLWnJubFRCOE1US3dzUWFOamVnSmxOS3NQU2QxMUt5cVpvYVBOSVV0REdUY2lRUTNNLTJCcFJzYW1yeTV0N0kyZEpxalZIN3Q0NE5aeGpvUHRzb2hVVldqY1lMekJHM2Y0eXM5Und2UUtTVGRRX1RhUC1WX0JqSURMeWx6R29RRmdGVnZGOW1DTjRVXzRRM2o3QzI4VkJFX1pQeTVvT0IzMVhGdlkwT3ZjUl9ZTFF1OFVWYXpoWUFZMVhXaFVKQUM5TXZsN09NNjFNSjgwMllzZFEyS3ZWM3p4VVJTSjFDb0E?oc=5
2026-08-04T10:50:00+00:00,Google News: Crude Oil,True,False,"Forecast update for Brent -04-08-2026 - Economies.com",https://news.google.com/rss/articles/CBMiowFBVV95cUxNRkp5VFdtbjRYdFZmLXprYWdtRXpFMkcwaTVXZ016QWZtMUxrcXhPRUk3Z1FWSWl0Rnl5ZEJqZTdhbUhRQWV0MkVyUTFIeUlEOGQzU3ptNjhFdkF1Tm5HT2dnM2hCS0ZiZkJoanR5MkFrNEJYX3d2V0o0cEdOTnAzOGNkN0hkSEdseDBqZzQ4ZGV5NUM4X01PT3lVOUhPeTNpanVJ?oc=5
2026-08-04T17:22:29+00:00,Google News: OPEC,True,False,"OPEC+ agrees to raise September oil output - Indonesia Business Post",https://news.google.com/rss/articles/CBMiowFBVV95cUxOamFjZTVkdm1WaXVZUFE2X2dCMWpGTzNKdTZBWmc2ZTU4b2FHWUIwNnoxeG5HNkxheWlfWDdHX05ad0JGeS1fZmhPX3hMd1dRNHkxWWVsQUx2bWRlWUYxVDlscnByZWZhM2pCelJNRGxjV01lUGVrR05wa19jVnhQcm5Yc1lJaWxySkd0d1dIZ0NKWTF6OWR4dWNORVFLS3kxOFNN?oc=5
2026-08-04T06:42:00+00:00,Google News: OPEC,True,False,"Natural Gas and Oil Forecast: OPEC+ Output Increase Meets Persistent Middle East Supply Risks - FXEmpire",https://news.google.com/rss/articles/CBMi2gFBVV95cUxOTElPdFpqazA5RnlXUzNsQXB0Y01Kc2dDZ2cweTJFTnlrdVdQcnRvTUNtZUw1OVFodVNKRzlTRm1IZGZXWDlWNWpTcksxRzNWb1VWOVQxS2NhU1JzaVlLQXdnSFg2MTFHLThnUWdyWUNhTGFoN3VXT1c4Tk5VY2E4NVRzd1ZzdjFtclBsTFRlUzRMNVhydjR3QVFWV2Y1T0pMVU1hSDR3QnItYy1VSWotR1RTcFdFa1VsbDVBYXFWdE9qenNnTXNDZjdYNW04V0NOa3Zjbm8xTWhtZw?oc=5
2026-08-03T02:44:53+00:00,Google News: OPEC,True,False,"OPEC+ oil output hike is irrelevant for now; not for later: Russell - BOE Report",https://news.google.com/rss/articles/CBMipAFBVV95cUxPeHBfTFV5dHctd1lhRXhMRGE1MFhlVlBucl94NHR2Uy1IYVcyNTdSa3ZobHpoVktubEVsZVktTHYwUVNsTTRYVGFQWHdVVlFXcDNhZ1lyNThvLWN5Z0ZJcHoxWUVscXZRbG50Y2FGR2pyaGJXeXpmRDJsczNkd0NTbWNraGlJMWhISWpYSk1GWUl6R3o0cG5JWVBqNUtydk81VFd6WdIBpAFBVV95cUxPeHBfTFV5dHctd1lhRXhMRGE1MFhlVlBucl94NHR2Uy1IYVcyNTdSa3ZobHpoVktubEVsZVktTHYwUVNsTTRYVGFQWHdVVlFXcDNhZ1lyNThvLWN5Z0ZJcHoxWUVscXZRbG50Y2FGR2pyaGJXeXpmRDJsczNkd0NTbWNraGlJMWhISWpYSk1GWUl6R3o0cG5JWVBqNUtydk81VFd6WQ?oc=5
2026-08-04T19:25:00+00:00,BBC World,False,False,"Arrests in Egypt after people allegedly impersonate judges",https://www.bbc.co.uk/news/articles/cn0n9wpvlwpo?at_medium=RSS&at_campaign=rss
2026-08-04T18:21:00+00:00,BBC World,False,False,"How to avoid the worst of the Italian heat",https://www.bbc.co.uk/news/articles/c05q1gz0p1yo?at_medium=RSS&at_campaign=rss
2026-08-04T19:07:19+00:00,BBC World,False,True,"Ukrainian vegetable seller targeted in 'human safari' drone attack",https://www.bbc.co.uk/news/videos/clye173d533o?at_medium=RSS&at_campaign=rss
2026-08-04T16:50:07+00:00,BBC World,False,False,"Watch: Evacuations as Guatemala volcano erupts",https://www.bbc.co.uk/news/videos/c9q91dnljpeo?at_medium=RSS&at_campaign=rss
2026-08-04T20:35:56+00:00,Al Jazeera,False,False,"US court deals blow to Trump’s bid to scrap climate grant programme",https://www.aljazeera.com/news/2026/8/4/us-court-deals-blow-to-trumps-bid-to-scrap-climate-grant-programme?traffic_source=rss
2026-08-04T20:34:38+00:00,Al Jazeera,False,False,"How much of a challenge are wildfires to Europe?",https://www.aljazeera.com/video/inside-story/2026/8/4/how-much-of-a-challenge-are-wildfires-to-europe?traffic_source=rss
2026-08-04T20:32:51+00:00,Al Jazeera,False,True,"‘I wanted to hug whatever remained’: Gaza families’ 3-year wait for funeral",https://www.aljazeera.com/news/2026/8/4/i-wanted-to-hug-whatever-remained-gaza-families-3-year-wait-for-funeral?traffic_source=rss
2026-08-04T20:29:02+00:00,Al Jazeera,False,True,"Kosovo finds third wartime mass grave site as officials widen search",https://www.aljazeera.com/news/2026/8/4/kosovo-finds-third-wartime-mass-grave-site-as-officials-widen-search?traffic_source=rss
2026-08-04T20:26:56+00:00,Al Jazeera,False,False,"Shop owners dismantle businesses after Israeli demolition orders",https://www.aljazeera.com/video/newsfeed/2026/8/4/shop-owners-dismantle-businesses-after-israeli-demolition-orders?traffic_source=rss
2026-08-04T20:20:11+00:00,Al Jazeera,False,True,"Argentina grain exports halt as maritime pilots strike over Milei decree",https://www.aljazeera.com/news/2026/8/4/argentina-grain-exports-halt-as-maritime-pilots-strike-over-milei-decree?traffic_source=rss
2026-08-04T19:41:17+00:00,Al Jazeera,False,False,"Evacuations ordered as Guatemala volcano erupts",https://www.aljazeera.com/video/newsfeed/2026/8/4/evacuations-ordered-as-guatemala-volcano-erupts?traffic_source=rss
2026-08-04T19:39:58+00:00,Al Jazeera,False,True,"Red Cross urges international aid as Sudan crisis deepens",https://www.aljazeera.com/news/2026/8/4/red-cross-urges-international-aid-as-sudan-crisis-deepens?traffic_source=rss
2026-08-04T19:35:12+00:00,Al Jazeera,False,False,"Telegram says Apple suspension followed content norms violation by one user",https://www.aljazeera.com/economy/2026/8/4/telegram-says-apple-suspension-followed-content-norms-violation-by-one-user?traffic_source=rss
2026-08-04T19:21:16+00:00,Al Jazeera,False,False,"Kazakhstan releases first tiger to restore extinct species",https://www.aljazeera.com/video/newsfeed/2026/8/4/kazakhstan-releases-first-tiger-to-restore-extinct-species?traffic_source=rss
2026-08-04T19:04:18+00:00,Al Jazeera,False,False,"White House to meet AI firms on advanced model safety",https://www.aljazeera.com/economy/2026/8/4/white-house-to-meet-ai-firms-on-advanced-model-safety?traffic_source=rss
2026-08-04T18:50:29+00:00,Al Jazeera,False,True,"DOJ sends monitors to Michigan poll sites as lawmakers warn of partisan aim",https://www.aljazeera.com/news/2026/8/4/doj-sends-monitors-to-michigan-poll-sites-as-lawmakers-warn-of-partisan-aim?traffic_source=rss
2026-08-04T18:35:35+00:00,Al Jazeera,False,False,"Mass funeral held for 112 members of two Palestinian families",https://www.aljazeera.com/video/newsfeed/2026/8/4/mass-funeral-held-for-112-members-of-two-palestinian-families?traffic_source=rss
2026-08-04T18:34:48+00:00,Al Jazeera,False,True,"‘Maximum use’: Iran boosts military strength during ceasefire with US",https://www.aljazeera.com/news/2026/8/4/maximum-use-iran-boosts-military-strength-during-ceasefire-with-us?traffic_source=rss
2026-08-04T18:27:15+00:00,Al Jazeera,True,True,"Rubio: Progress made to reopen Strait of Hormuz",https://www.aljazeera.com/video/newsfeed/2026/8/4/rubio-progress-made-to-reopen-strait-of-hormuz?traffic_source=rss
2026-08-04T18:17:58+00:00,Al Jazeera,False,False,"Why did the US economy slow down?",https://www.aljazeera.com/video/newsfeed/2026/8/4/why-did-the-us-economy-slow-down?traffic_source=rss
2026-08-04T18:08:08+00:00,Al Jazeera,False,False,"Israel election pressure fuels settlement push as West Bank violence surges",https://www.aljazeera.com/news/2026/8/4/israel-election-pressure-fuels-settlement-push-as-west-bank-violence-surges?traffic_source=rss
2026-08-04T17:50:06+00:00,Al Jazeera,False,False,"Three lions die in Tokyo zoo as heatwave scorches East Asia",https://www.aljazeera.com/news/2026/8/4/three-lionesses-die-in-tokyo-zoo-as-heatwave-scorches-east-asia?traffic_source=rss
2026-08-04T17:49:32+00:00,Al Jazeera,False,False,"Jordan FA chief accuses FIFA’s Infantino of ‘blackmail’ over endorsement",https://www.aljazeera.com/sports/2026/8/4/jordan-fa-chief-accuses-fifas-infantino-of-blackmail-over-endorsement?traffic_source=rss
2026-08-04T17:47:04+00:00,Al Jazeera,False,False,"Real Madrid: Vinicius Junior drops huge future hint amid Arsenal interest",https://www.aljazeera.com/sports/2026/8/4/real-madrid-vinicius-junior-drops-huge-future-hint-amid-arsenal-interest?traffic_source=rss
2026-08-04T17:38:46+00:00,Al Jazeera,False,False,"Republicans clear Todd Blanche for top US Justice Department role",https://www.aljazeera.com/news/2026/8/4/republicans-clear-todd-blanche-for-top-us-justice-department-role?traffic_source=rss
2026-08-04T17:27:26+00:00,Al Jazeera,False,False,"Senate Democrat’s report says major banks ‘looked the other way’ on Epstein",https://www.aljazeera.com/news/2026/8/4/senate-democrats-report-says-major-banks-looked-the-other-way-on-epstein?traffic_source=rss
2026-08-04T17:03:24+00:00,Al Jazeera,False,True,"Gaza holds mass funeral for 112 people killed in Israel’s 2023 Sabra attack",https://www.aljazeera.com/news/2026/8/4/gaza-holds-mass-funeral-for-112-people-killed-in-israels-2023-sabra-attack?traffic_source=rss
2026-08-04T16:41:30+00:00,Al Jazeera,False,False,"EU offers emergency aid to Spain to strengthen Ceuta border",https://www.aljazeera.com/video/newsfeed/2026/8/4/eu-offers-emergency-aid-to-spain-to-strengthen-ceuta-border?traffic_source=rss
2026-08-04T16:40:44+00:00,Al Jazeera,False,False,"Ivory Coast reappoint Herve Renard for attempt at repeat of AFCON title",https://www.aljazeera.com/sports/2026/8/4/ivory-coast-reappoint-herve-renard-for-attempt-at-repeat-of-afcon-title?traffic_source=rss
2026-08-04T20:49:31+00:00,CNBC World,False,False,"AMD's revenue climbs 50% and data center sales doubled; but the stock is down",https://www.cnbc.com/2026/08/04/amd-earnings-report-q2-2026.html
2026-08-04T20:43:15+00:00,CNBC World,False,False,"Michael Burry bets against rally: 'We are near a major top; and possible a 1987-type fall'",https://www.cnbc.com/2026/08/04/michael-burry-bets-against-rally-we-are-near-a-major-top.html
2026-08-04T20:03:32+00:00,CNBC World,False,True,"Paramount Skydance raises full-year profit guidance; remains 'confident' about WBD merger",https://www.cnbc.com/2026/08/04/paramount-skydance-psky-earnings-q2-2026.html
2026-08-04T20:13:38+00:00,CNBC World,False,False,"Chipotle stock falls on potential link to salmonella outbreak in Minnesota",https://www.cnbc.com/2026/08/04/chipotle-stock-falls-salmonella-outbreak-minnesota.html
2026-08-04T17:31:37+00:00,Guardian World,False,True,"Guatemala volcano eruption prompts evacuation of hundreds of people",https://www.theguardian.com/world/2026/aug/04/guatemala-volcano-eruption-prompts-evacuation-of-hundreds-of-people
2026-08-04T16:51:51+00:00,Guardian World,False,False,"EU chief criticises Spain’s migrant plan after Ceuta crisis meeting",https://www.theguardian.com/world/2026/aug/04/eu-criticises-spain-migrant-plan-ceuta-crisis-meeting
2026-08-04T18:24:35+00:00,Guardian World,True,True,"Iran’s president denies threatening to resign during talks over strait of Hormuz",https://www.theguardian.com/world/2026/aug/04/irans-president-denies-threatening-to-resign-during-talks-over-strait-of-hormuz
2026-08-04T17:24:41+00:00,Guardian World,False,True,"Mass funeral held in Gaza for victims of 2023 Israeli strike",https://www.theguardian.com/world/2026/aug/04/mass-funeral-gaza-victims-2023-israeli-strike
2026-08-04T17:19:58+00:00,Guardian World,True,True,"US and Qatar report progress on Iran ceasefire and reopening Hormuz strait",https://www.theguardian.com/world/2026/aug/04/us-qatar-progress-iran-ceasefire-hormuz-strait
2026-08-04T17:59:46+00:00,Guardian World,False,False,"India’s ruling BJP loses byelection in stronghold after Cockroach student protests",https://www.theguardian.com/world/2026/aug/04/india-bjp-rare-byelection-loss-cockroach-student-protests
2026-08-04T17:52:33+00:00,Guardian World,False,False,"Dinghy carrying 173 people capsizes in Channel after engine catches fire",https://www.theguardian.com/uk-news/2026/aug/04/dinghy-capsizes-channel-engine-catches-fire-rescue-operation
2026-08-04T17:46:24+00:00,Guardian World,False,True,"Calls to ban disposable barbecues in England and Wales over wildfire risk",https://www.theguardian.com/world/2026/aug/04/call-to-ban-disposable-barbecues-in-england-and-wales-over-wildfire-risk
2026-08-04T17:17:38+00:00,Guardian World,False,False,"Labour members ‘have tougher view on welfare than you might think’; poll suggests",https://www.theguardian.com/politics/2026/aug/04/labour-members-view-welfare-health-economy-poll-survey
2026-08-04T20:05:19+00:00,Guardian World,False,False,"Jay Clayton sworn in as US director of national intelligence",https://www.theguardian.com/us-news/2026/aug/04/jay-clayton-sworn-in-director-of-national-intelligence
2026-08-04T19:51:16+00:00,Guardian World,False,False,"New York deputy police commissioner fired after attempted murder arrest",https://www.theguardian.com/us-news/2026/aug/04/new-york-police-official-fired-attempted-murder-arrest
2026-08-04T19:45:27+00:00,Guardian World,False,False,"After share price crash following IPO; SpaceX to report first earnings as a public company",https://www.theguardian.com/science/2026/aug/04/spacex-first-earnings-report
2026-08-04T20:16:33+00:00,NPR News,False,True,"Ukraine's air defenses are proving to be a weak point",https://www.npr.org/2026/08/04/nx-s1-5909140/ukraines-air-defenses-are-proving-to-be-a-weak-point
2026-08-04T18:01:04+00:00,NPR News,False,True,"The soaring demand for Patriot missiles; from the Middle East to Ukraine",https://www.npr.org/2026/08/04/g-s1-137287/us-patriot-missiles-ukraine-middle-east-iran-war
2026-08-04T16:37:38+00:00,NPR News,False,False,"Europe heat wave fuels drought; fires and energy fears",https://www.npr.org/2026/08/04/nx-s1-5919214/europe-heatwave-danube-rhine-wildfires
2026-08-04T10:08:09+00:00,Reuters (via Google News),False,False,"Japan's strategic oil reserves rise by 3 days of consumption in July - Reuters",https://news.google.com/rss/articles/CBMiswFBVV95cUxOanZVc1JINFVUQURkTmMxSHAxdkFpa2F1NnNGejVQVVByVWNNbUxOa0F3SnNZNlVqblJhLVg1YmNiYVJYMVFiQWQ3X2lPejVVczVEc2pCeFFZMnBiMF9hcmF2MzAxeFc2Y01ST1pjaUNqd2x2cHB2dVFTWVBOaEdoN3ptM2FvSjNwN3dUS1BqUjNRaEN3SlNpd19nLXhSUkdjWmI3ZWpad1l6Tm1pa2lqclpnVQ?oc=5
2026-08-04T15:21:43+00:00,Reuters (via Google News),True,False,"India's ONGC posts profit jump as crude price surge boosts margins - Reuters",https://news.google.com/rss/articles/CBMitAFBVV95cUxNTi1WWUx3eWNLSTVsUzNwaWtqQ3ZvUFJpSElkbzhoV19EOURTUkhvV25TUWtlaGZ2T3NMTzRkS0ExWFR4dHRFR25aWFJ5VEhKSTJLd3o2Si1uRG9xYTEyUVcxSjZsck00djA3NC1RUG9oSEw0V2JyY1JBVGotTWJxRk5XcmpYeW9xM1pMazEtWmJBcy1OMTVLR25wRnlLMzRKQkc4R3o2Q0xPRUEtVFhCaVNzY1o?oc=5
2026-08-04T11:01:00+00:00,Reuters (via Google News),False,False,"Castrol India's quarterly profit jumps on strong retail; industrial demand - Reuters",https://news.google.com/rss/articles/CBMivgFBVV95cUxNX0dWZHRfbjZSY1lvOUJZNXlLSkVZWkxiMUxtTDBVUzlDT2wwcmFDcXdhaWdvODhUNzJsOGpQMDJlekZ4RkFMbnlTNVNiX010c29OeERxUlhSbU9FWlhldElIMEJRb3AtSVBNcUhpYllkb015Nk4yRHZ4RXR4QmRFRFRTTlJrZTZHQTRqbnBWTVgwMFlFOHBtdndHejV5QzhKaHYyd015S0wzSUxoTUpZUDdjaUhGeThWaFF5VW5B?oc=5
2026-08-04T18:25:32+00:00,Reuters (via Google News),False,False,"EXCLUSIVE: White House set to extend Jones Act waiver as Trump hunts for cheaper gasoline - Reuters",https://news.google.com/rss/articles/CBMivAFBVV95cUxNeTdhU2NMYVVDcFJtV0pXczNXR3NpODBkVjFOMjI2OXJ5NUJsMEd4RVpHUHhsdF9WTl9VRUY1MExPNzdTa3dLYVZ3MDMxeDc5dkFreVJQZ3hEaXRQVTN4WDJvRlc5clJYazBWUnVSYkItaUZ6QjdvVmFZU3B5YWZ5RnlTMXQ5UU5xdTFPdTBGUWdlSkhyRTEwNE5VUHpadGV2b2l2ZjB4NmhCcVFFcUFTa2ZUc2hZZFpHZ1QyRQ?oc=5
2026-08-03T13:33:21+00:00,Reuters (via Google News),False,False,"Six Saudi tankers turn away from Gulf of Aden; ship-tracking data shows - Reuters",https://news.google.com/rss/articles/CBMitwFBVV95cUxNLWFkNGRpSTZwaUZKbG9waE11cFdrNzYwU1lPMi12dVNlZTl3b2plQldYeV9DdTd5XzJkRTRtTEh6bW56TGJJMXdieGMteTJrUk5LZlBlbEpONVdZdWZVbDY4VTZsS2JyUzR0YXc1cEVXcnpFWlZxWjMwNzdjZ2hldXNERDJZMVluSTFDVkQ2UmhiZ0l5ejJWTkR1aHhCSE9la2tiNEhUSWJvUGNQajRyX0VxTGk2czA?oc=5
